case,region,dice_M2,iou_M2,hd95_voxel_M2,precision_M2,recall_M2,official_dice_M2,official_hd95_voxel_M2,dice_M3,iou_M3,hd95_voxel_M3,precision_M3,recall_M3,official_dice_M3,official_hd95_voxel_M3,dice_diff (M3-M2),hd95_diff (M3-M2),official_dice_diff (M3-M2)
case0001,normal_myocardium,0.8740715732613099,0.776311844077961,1.0,0.904928346731912,0.8452497551420176,0.8740715732613099,1.0,0.8650193309799966,0.7621445497630331,1.0,0.8915453915453916,0.8400261181847861,0.8650193309799966,1.0,-0.009052242281313294,0.0,-0.009052242281313294
case0001,edema,0.776657060518732,0.6348645465253239,1.4142135623730951,0.7082785808147175,0.8596491228070176,0.776657060518732,1.4142135623730951,0.8097705403404886,0.6803482587064676,1.0,0.755524861878453,0.8724082934609251,0.8097705403404886,1.0,0.03311347982175661,-0.41421356237309515,0.03311347982175661
case0001,scar,0.5583966827919834,0.3873441994247363,23.210971931921307,0.4503901895206243,0.7345454545454545,0.5583966827919834,23.210971931921307,0.5367913148371531,0.3668590272052762,30.00816151264751,0.4016245487364621,0.8090909090909091,0.5367913148371531,30.00816151264751,-0.021605367954830257,6.797189580726204,-0.021605367954830257
case0001,edema_inclusive,0.7837742504409171,0.644431554524362,3.625273711690682,0.6700844390832328,0.9439252336448598,0.7837742504409171,3.625273711690682,0.7570621468926554,0.6090909090909091,6.062071897723665,0.6217248908296943,0.967714528462192,0.7570621468926554,6.062071897723665,-0.0267121035482617,2.436798186032983,-0.0267121035482617
case0001,myocardial_ring,0.9231647448338852,0.8572943172179813,1.0,0.8946669617171941,0.9535377358490568,0.9231647448338852,1.0,0.9205179727617772,0.8527404343329886,1.0,0.8738872403560831,0.9724056603773584,0.9205179727617772,1.0,-0.002646772072108061,0.0,-0.002646772072108061
case0006,normal_myocardium,0.6269711799891245,0.4566336633663366,7.874007874011811,0.8788109756097561,0.4873203719357565,0.6269711799891245,7.874007874011811,0.685948297926798,0.5220101285547332,4.358898943540674,0.8695652173913043,0.5663567202028741,0.685948297926798,4.358898943540674,0.05897711793767346,-3.515108930471137,0.05897711793767346
case0006,edema,0.6621113768363512,0.4948927477017364,20.198918757789183,0.5105374077976818,0.9416909620991254,0.6621113768363512,20.198918757789183,0.7002574475910261,0.5387662705149971,18.927214991720604,0.5633136094674556,0.9251700680272108,0.7002574475910261,18.927214991720604,0.03814607075467491,-1.2717037660685797,0.03814607075467491
case0006,scar,0.1279896574014221,0.0683701657458563,32.11073872529987,0.0763888888888889,0.3944223107569721,0.1279896574014221,32.11073872529987,0.1298882681564245,0.0694548170276325,29.54905292959265,0.0787468247248094,0.3705179282868526,0.1298882681564245,29.54905292959265,0.0018986107550024167,-2.5616857957072163,0.0018986107550024167
case0006,edema_inclusive,0.5413500223513634,0.3711308611707018,26.645825188948457,0.3791484032561052,0.94609375,0.5413500223513634,26.645825188948457,0.5699831365935919,0.3985849056603773,23.702311552956136,0.4120515499825845,0.92421875,0.5699831365935919,23.702311552956136,0.028633114242228475,-2.9435136359923213,0.028633114242228475
case0006,myocardial_ring,0.8473994111874387,0.7352064708386548,1.0,0.7665335108743897,0.9473395501919912,0.8473994111874387,1.0,0.8473566641846612,0.7351421188630491,1.0,0.7737987307343608,0.936368623148656,0.8473566641846612,1.0,-4.274700277751009e-05,0.0,-4.274700277751009e-05
case0011,normal_myocardium,0.8581314878892734,0.7515151515151515,1.0,0.8253968253968254,0.893569844789357,0.8581314878892734,1.0,0.7950089126559715,0.6597633136094675,2.0,0.7352802637776731,0.86529933481153,0.7950089126559715,2.0,-0.06312257523330189,1.0,-0.06312257523330189
case0011,edema,0.4254062038404727,0.2701688555347092,10.816653826391969,0.7728085867620751,0.2934782608695652,0.4254062038404727,10.816653826391969,0.5542275343072156,0.3833435394978567,7.280109889280518,0.795425667090216,0.4252717391304347,0.5542275343072156,7.280109889280518,0.12882133046674293,-3.5365439371114507,0.12882133046674293
case0011,scar,0.2441195168467895,0.1390296886314265,4.47213595499958,0.1550888529886914,0.573134328358209,0.2441195168467895,4.47213595499958,0.2619760479041916,0.1507321274763135,5.477225575051661,0.1748251748251748,0.5223880597014925,0.2619760479041916,5.477225575051661,0.017856531057402092,1.0050896200520816,0.017856531057402092
case0011,edema_inclusive,0.8618201997780244,0.7571916138469039,1.0,0.864218141346689,0.8594355285002767,0.8618201997780244,1.0,0.7432545201668985,0.5914121292607348,1.7320508075688772,0.7472035794183445,0.7393469839513005,0.7432545201668985,1.7320508075688772,-0.11856567961112585,0.7320508075688772,-0.11856567961112585
case0011,myocardial_ring,0.887651134356745,0.7979970688812897,1.0,0.8712,0.90473553032401,0.887651134356745,1.0,0.8721084817867588,0.7732201791607732,1.0,0.8386601892099207,0.9083356410966492,0.8721084817867588,1.0,-0.015542652569986215,0.0,-0.015542652569986215
case0016,normal_myocardium,0.626123013130615,0.4557344064386318,2.23606797749979,0.5960526315789474,0.6593886462882096,0.626123013130615,2.23606797749979,0.6016371077762619,0.4302439024390244,9.06760463928179,0.5661103979460848,0.6419213973799127,0.6016371077762619,9.06760463928179,-0.024485905354353132,6.831536661782,-0.024485905354353132
case0016,edema,0.7631578947368421,0.6170212765957447,2.0,0.7573248407643313,0.7690815006468306,0.7631578947368421,2.0,0.767022696929239,0.6220898754737412,2.0,0.7924137931034483,0.7432082794307892,0.767022696929239,2.0,0.003864802192396821,0.0,0.003864802192396821
case0016,scar,0.5686160972785177,0.3972491909385113,6.4031242374328485,0.5201271186440678,0.6270753512132823,0.5686160972785177,6.4031242374328485,0.5089234312032239,0.3413127413127413,4.58257569495584,0.4633123689727463,0.5644955300127714,0.5089234312032239,4.58257569495584,-0.05969266607529378,-1.8205485424770087,-0.05969266607529378
case0016,edema_inclusive,0.8110675201321494,0.6821813129558875,2.0,0.781225139220366,0.8432803778445684,0.8110675201321494,2.0,0.8020283118529474,0.6694885361552029,2.0,0.7895174708818635,0.8149420352082439,0.8020283118529474,2.0,-0.009039208279202016,0.0,-0.009039208279202016
case0016,myocardial_ring,0.8117647058823529,0.6831683168316832,1.4142135623730951,0.7797800855222969,0.8464854111405835,0.8117647058823529,1.4142135623730951,0.8362639135344411,0.7186027169392847,1.4142135623730951,0.8143261074458058,0.8594164456233422,0.8362639135344411,1.4142135623730951,0.02449920765208813,0.0,0.02449920765208813
case0021,normal_myocardium,0.848642779587405,0.7370803470388533,1.0,0.8742729306487695,0.8244725738396624,0.848642779587405,1.0,0.8399230604830092,0.7240235814296242,1.0,0.8510177566045908,0.8291139240506329,0.8399230604830092,1.0,-0.008719719104395729,0.0,-0.008719719104395729
case0021,edema,0.62152133580705,0.4508748317631225,9.651407104068907,0.5250783699059561,0.7613636363636364,0.62152133580705,9.651407104068907,0.6019766397124887,0.4305912596401028,8.378086867446248,0.4977711738484398,0.7613636363636364,0.6019766397124887,8.378086867446248,-0.01954469609456133,-1.2733202366226593,-0.01954469609456133
case0021,scar,0.2875,0.1678832116788321,5.839404300103038,0.2893081761006289,0.2857142857142857,0.2875,5.839404300103038,0.5504587155963303,0.379746835443038,3.1622776601683795,0.4363636363636363,0.7453416149068323,0.5504587155963303,3.1622776601683795,0.26295871559633033,-2.677126639934658,0.26295871559633033
case0021,edema_inclusive,0.6623748211731044,0.495187165775401,7.902245355154796,0.5809284818067754,0.7703826955074875,0.6623748211731044,7.902245355154796,0.723047127178825,0.5662285136501517,6.6332495807108,0.5907172995780591,0.9317803660565724,0.723047127178825,6.6332495807108,0.0606723060057206,-1.2689957744439964,0.0606723060057206
case0021,myocardial_ring,0.9158753956355156,0.8448063921327597,1.0,0.9066622691292876,0.9252776842813868,0.9158753956355156,1.0,0.9145793192035968,0.842603550295858,1.0,0.8744243168560024,0.9585997980477954,0.9145793192035968,1.0,-0.0012960764319187579,0.0,-0.0012960764319187579
case0026,normal_myocardium,0.7948303715670436,0.6595174262734584,1.4142135623730951,0.8238446081714669,0.7677902621722846,0.7948303715670436,1.4142135623730951,0.71796587487454,0.5600208768267223,2.03541019662499,0.7736121124729632,0.6697877652933832,0.71796587487454,2.03541019662499,-0.07686449669250361,0.6211966342518946,-0.07686449669250361
case0026,edema,0.6887905604719764,0.5253093363329584,14.85680378278044,0.6414835164835165,0.7436305732484076,0.6887905604719764,14.85680378278044,0.694488188976378,0.5319662243667069,6.367768224739605,0.6869158878504673,0.7022292993630573,0.694488188976378,6.367768224739605,0.005697628504401586,-8.489035558040836,0.005697628504401586
case0026,scar,0.6597096188747731,0.4922139471902505,3.0,0.7919389978213508,0.5653188180404355,0.6597096188747731,3.0,0.637765735723218,0.4681762545899632,3.3166247903554,0.6873315363881402,0.5948678071539658,0.637765735723218,3.3166247903554,-0.021943883151555044,0.3166247903553998,-0.021943883151555044
case0026,edema_inclusive,0.7955056179775281,0.6604477611940298,2.23606797749979,0.8602673147023087,0.7398119122257053,0.7955056179775281,2.23606797749979,0.7598800763150723,0.6127472527472527,2.8284271247461903,0.7943019943019943,0.7283176593521421,0.7598800763150723,2.8284271247461903,-0.035625541662455795,0.5923591472464005,-0.035625541662455795
case0026,myocardial_ring,0.8583020285499624,0.7517767833640432,1.0,0.9098438993309972,0.8122866894197952,0.8583020285499624,1.0,0.8663262240913188,0.7641759406465288,1.0,0.9178866963717376,0.820250284414107,0.8663262240913188,1.0,0.00802419554135636,0.0,0.00802419554135636
case0031,normal_myocardium,0.5351186281418839,0.3652982681205901,9.486832980505138,0.5510401548137397,0.5200913242009132,0.5351186281418839,9.486832980505138,0.7168383434937986,0.5586500655307994,6.082762530298219,0.6641994546162836,0.7785388127853882,0.7168383434937986,6.082762530298219,0.18171971535191467,-3.404070450206919,0.18171971535191467
case0031,edema,0.4555256064690027,0.2949389179755672,30.02490276142239,0.6123188405797102,0.3626609442060086,0.4555256064690027,30.02490276142239,0.516075845012366,0.3477777777777778,11.694000880462369,0.6089494163424124,0.4477825464949928,0.516075845012366,11.694000880462369,0.06055023854336333,-18.33090188096002,0.06055023854336333
case0031,scar,0.2760603882099209,0.1601334445371142,9.643650760992957,0.2474226804123711,0.3121951219512195,0.2760603882099209,9.643650760992957,0.2730074856891237,0.1580826109127996,11.224972160321824,0.297790585975024,0.2520325203252032,0.2730074856891237,11.224972160321824,-0.003052902520797207,1.5813213993288677,-0.003052902520797207
case0031,edema_inclusive,0.4880191693290734,0.3227680929741152,5.385164807134504,0.5134453781512605,0.4649923896499239,0.4880191693290734,5.385164807134504,0.5965509899936129,0.4250606796116505,7.071067811865476,0.6771387143547608,0.5331050228310502,0.5965509899936129,7.071067811865476,0.10853182066453948,1.6859030047309727,0.10853182066453948
case0031,myocardial_ring,0.8567728008634646,0.7494335347432024,1.4142135623730951,0.8925118057117157,0.823785803237858,0.8567728008634646,1.4142135623730951,0.8756082081658557,0.7787394167450612,1.0,0.892795513373598,0.8590701535907015,0.8756082081658557,1.0,0.018835407302391083,-0.41421356237309515,0.018835407302391083
case0036,normal_myocardium,0.8747956848643348,0.7774549680418361,1.0,0.8634114863411486,0.8864840989399293,0.8747956848643348,1.0,0.8832186341979884,0.7908608266970042,1.0,0.8482814724425463,0.9211572438162544,0.8832186341979884,1.0,0.008422949333653618,0.0,0.008422949333653618
case0036,edema,0.72552783109405,0.5692771084337349,3.0,0.7941176470588235,0.6678445229681979,0.72552783109405,3.0,0.7027027027027027,0.5416666666666666,3.741657386773941,0.6109660574412533,0.8268551236749117,0.7027027027027027,3.741657386773941,-0.022825128391347205,0.7416573867739409,-0.022825128391347205
case0036,scar,0.2957486136783734,0.1735357917570499,30.93541659651604,0.1909307875894988,0.6557377049180327,0.2957486136783734,30.93541659651604,0.6296296296296297,0.4594594594594595,2.0,0.5743243243243243,0.6967213114754098,0.6296296296296297,2.0,0.33388101595125624,-28.93541659651604,0.33388101595125624
case0036,edema_inclusive,0.647834274952919,0.479108635097493,5.991547594742253,0.5235920852359208,0.8493827160493828,0.647834274952919,5.991547594742253,0.7927350427350427,0.6566371681415929,3.040569415042095,0.6986817325800376,0.9160493827160494,0.7927350427350427,3.040569415042095,0.14490076778212369,-2.9509781797001584,0.14490076778212369
case0036,myocardial_ring,0.898720578181463,0.8160695282014899,1.0,0.8671315491895967,0.9326981552807622,0.898720578181463,1.0,0.8952894711492149,0.8104290198814091,1.0,0.8529735682819384,0.9420231096695724,0.8952894711492149,1.0,-0.0034311070322481374,0.0,-0.0034311070322481374
case0041,normal_myocardium,0.5275427711975935,0.3582737487231869,6.782329983125268,0.8040114613180516,0.3925573587017347,0.5275427711975935,6.782329983125268,0.6803854319777887,0.5155940594059406,4.47213595499958,0.8171832091016085,0.5828203693340794,0.6803854319777887,4.47213595499958,0.15284266078019515,-2.3101940281256885,0.15284266078019515
case0041,edema,0.5184859154929577,0.3499702911467617,5.0990195135927845,0.4596176355833008,0.5946491670873296,0.5184859154929577,5.0990195135927845,0.5100420364315741,0.3423197492163009,8.102415174917844,0.4745762711864407,0.5512367491166078,0.5100420364315741,8.102415174917844,-0.008443879061383663,3.00339566132506,-0.008443879061383663
case0041,scar,0.4179597226807527,0.2641903171953255,4.123105625617661,0.3297733784839802,0.5705272645335737,0.4179597226807527,4.123105625617661,0.3797290163645961,0.2343614248479583,4.0,0.3114896073903002,0.4862550698512843,0.3797290163645961,4.0,-0.038230706316156604,-0.12310562561766059,-0.038230706316156604
case0041,edema_inclusive,0.6604414261460102,0.4930291508238276,3.0,0.5468603561387066,0.8335714285714285,0.6604414261460102,3.0,0.6799799297541395,0.5151284780294967,2.0,0.5876843018213357,0.8066666666666666,0.6799799297541395,2.0,0.019538503608129254,-1.0,0.019538503608129254
case0041,myocardial_ring,0.8666541046416683,0.7646863223232099,1.0,0.8468147784460538,0.8874453305891433,0.8666541046416683,1.0,0.8529338637493784,0.743578627939742,1.0,0.8252345441424104,0.8825572420890146,0.8529338637493784,1.0,-0.013720240892289848,0.0,-0.013720240892289848
case0046,normal_myocardium,0.7640830156713257,0.6182316655243317,2.23606797749979,0.7919227392449517,0.7381342062193126,0.7640830156713257,2.23606797749979,0.7993705743509048,0.6657929226736566,1.7320508075688772,0.7696969696969697,0.8314238952536824,0.7993705743509048,1.7320508075688772,0.035287558679579,-0.5040171699309126,0.035287558679579
case0046,edema,0.7506765899864682,0.6008665041971297,1.4142135623730951,0.7006630880959899,0.8083788706739526,0.7506765899864682,1.4142135623730951,0.7588526912181303,0.6114122681883024,1.4142135623730951,0.7382018601446779,0.7806921675774134,0.7588526912181303,1.4142135623730951,0.008176101231662014,0.0,0.008176101231662014
case0046,scar,0.3322683706070287,0.1992337164750957,5.0990195135927845,0.3214285714285714,0.3438648052902278,0.3322683706070287,5.0990195135927845,0.353903345724907,0.2149954832881662,3.0,0.3581640331075997,0.3497428361498897,0.353903345724907,3.0,0.02163497511787832,-2.0990195135927845,0.02163497511787832
case0046,edema_inclusive,0.8028411043647612,0.670622009569378,1.4142135623730951,0.7579493835171967,0.8533852898197759,0.8028411043647612,1.4142135623730951,0.832094027344687,0.7124666255904704,1.0,0.8197069943289225,0.8448611787627862,0.832094027344687,1.0,0.029252922979925766,-0.41421356237309515,0.029252922979925766
case0046,myocardial_ring,0.8617946621069066,0.7571521881123449,1.0,0.8398782785103608,0.8848854961832061,0.8617946621069066,1.0,0.8690210102816271,0.7683794466403162,1.0,0.8486612339930152,0.890381679389313,0.8690210102816271,1.0,0.007226348174720565,0.0,0.007226348174720565
case0051,normal_myocardium,0.7517647058823529,0.6022620169651273,2.23606797749979,0.8285788381742739,0.687984496124031,0.7517647058823529,2.23606797749979,0.792517394775864,0.6563385603627433,2.0,0.842590346834829,0.748062015503876,0.792517394775864,2.0,0.040752688893511135,-0.2360679774997898,0.040752688893511135
case0051,edema,0.777509068923821,0.636003956478734,2.23606797749979,0.7820006080875647,0.7730688307784791,0.777509068923821,2.23606797749979,0.7486585710251341,0.5982848115549537,12.010398644698077,0.7059920106524634,0.7968139464983469,0.7486585710251341,12.010398644698077,-0.028850497898686878,9.774330667198287,-0.028850497898686878
case0051,scar,0.4262659988870339,0.2708628005657709,10.377837521625857,0.4080255681818182,0.4462135922330097,0.4262659988870339,10.377837521625857,0.4517282479141835,0.2917628945342571,6.4031242374328485,0.4623830825538837,0.4415533980582524,0.4517282479141835,6.4031242374328485,0.025462249027149553,-3.974713284193008,0.025462249027149553
case0051,edema_inclusive,0.7800449737653036,0.639404696886947,6.708203932499369,0.7670761670761671,0.7934598441206371,0.7800449737653036,6.708203932499369,0.7953119841531858,0.6601808714716361,7.280109889280518,0.7753459929192147,0.8163334462893934,0.7953119841531858,7.280109889280518,0.015267010387882252,0.5719059567811486,0.015267010387882252
case0051,myocardial_ring,0.9005705368898425,0.8191253437416837,1.0,0.9270153599036242,0.8755926417599089,0.9005705368898425,1.0,0.9034142604031988,0.8238427947598254,1.0,0.9125471606849184,0.8944623553954106,0.9034142604031988,1.0,0.0028437235133563776,0.0,0.0028437235133563776
case0056,normal_myocardium,0.8410415856976292,0.7256874580818243,1.4142135623730951,0.9309528930952892,0.7669679248626617,0.8410415856976292,1.4142135623730951,0.8266241530490235,0.704483695652174,1.4142135623730951,0.944229455952652,0.735069998227893,0.8266241530490235,1.4142135623730951,-0.014417432648605732,0.0,-0.014417432648605732
case0056,edema,0.7984790874524715,0.6645569620253164,2.0,0.8116654954321855,0.7857142857142857,0.7984790874524715,2.0,0.7967651195499297,0.6621858562244302,2.0,0.8245997088791849,0.7707482993197279,0.7967651195499297,2.0,-0.0017139679025418575,0.0,-0.0017139679025418575
case0056,scar,0.1524390243902439,0.0825082508250825,22.02271554554524,0.10148849797023,0.3061224489795918,0.1524390243902439,22.02271554554524,0.1815772034459907,0.0998542274052478,33.166062629910044,0.108386075949367,0.5591836734693878,0.1815772034459907,33.166062629910044,0.02913817905574681,11.143347084364805,0.02913817905574681
case0056,edema_inclusive,0.7340727366520505,0.5798696006519968,5.00990195135927,0.6581868640148011,0.8297376093294461,0.7340727366520505,5.00990195135927,0.695152768205835,0.5327464788732394,27.727223197575068,0.5735405610310842,0.8822157434402332,0.695152768205835,27.727223197575068,-0.03891996844621548,22.717321246215796,-0.03891996844621548
case0056,myocardial_ring,0.8913825958077494,0.8040488922841864,1.0,0.9271766260461018,0.8582495243272629,0.8913825958077494,1.0,0.893182292028633,0.8069822931056134,1.0,0.9139524960887498,0.873335145419951,0.893182292028633,1.0,0.0017996962208836065,0.0,0.0017996962208836065
case0061,normal_myocardium,0.6967573733094345,0.5346336584146036,6.252491727521286,0.5759698275862069,0.8816494845360825,0.6967573733094345,6.252491727521286,0.700832381263261,0.5394472361809045,6.4031242374328485,0.5799567801188547,0.8853608247422681,0.700832381263261,6.4031242374328485,0.004075007953826426,0.15063250991156263,0.004075007953826426
case0061,edema,,,,,,1.0,0.0,0.0,0.0,,0.0,,1.0,0.0,,,0.0
case0061,scar,0.0098183603338242,0.0049333991119881,28.45259080582858,1.0,0.0049333991119881,0.0098183603338242,28.45259080582858,0.1198910081743869,0.0637681159420289,22.11334438749598,0.7542857142857143,0.0651208682782437,0.1198910081743869,22.11334438749598,0.1100726478405627,-6.3392464183326,0.1100726478405627
case0061,edema_inclusive,0.0098183603338242,0.0049333991119881,28.45259080582858,1.0,0.0049333991119881,0.0098183603338242,28.45259080582858,0.1138421733505821,0.0603566529492455,22.393076533163292,0.4520547945205479,0.0651208682782437,0.1138421733505821,22.393076533163292,0.1040238130167579,-6.0595142726652895,0.1040238130167579
case0061,myocardial_ring,0.8245656961096158,0.7014987510407993,1.4142135623730951,0.905427189682966,0.75696316262354,0.8245656961096158,1.4142135623730951,0.84252900781435,0.7279050736497545,1.0,0.8908362543815723,0.7991913746630728,0.84252900781435,1.0,0.017963311704734197,-0.41421356237309515,0.017963311704734197
case0066,normal_myocardium,0.7970449074458371,0.6625724537675959,1.4142135623730951,0.8968802540631422,0.7172094412907081,0.7970449074458371,1.4142135623730951,0.8451278832574926,0.7317934782608696,1.0,0.8899537343027099,0.8046011353450851,0.8451278832574926,1.0,0.04808297581165544,-0.41421356237309515,0.04808297581165544
case0066,edema,0.6095634095634096,0.4383971291866029,4.47213595499958,0.7806176783812566,0.5,0.6095634095634096,4.47213595499958,0.6986537797721781,0.5368700265251989,6.0,0.7071977638015374,0.6903137789904502,0.6986537797721781,6.0,0.08909037020876853,1.5278640450004204,0.08909037020876853
case0066,scar,0.3691813804173354,0.2263779527559055,28.827905336956327,0.2494577006507592,0.7098765432098766,0.3691813804173354,28.827905336956327,0.4453376205787781,0.2864529472595656,2.8284271247461903,0.3301549463647199,0.6839506172839506,0.4453376205787781,2.8284271247461903,0.07615624016144273,-25.999478212210136,0.07615624016144273
case0066,edema_inclusive,0.6873188405797102,0.5235992271598123,14.560219778561036,0.5847718865598027,0.8334797891036907,0.6873188405797102,14.560219778561036,0.7342618384401114,0.5801056338028169,3.0,0.6358957864265037,0.8686291739894552,0.7342618384401114,3.0,0.04694299786040124,-11.560219778561036,0.04694299786040124
case0066,myocardial_ring,0.911140206068196,0.8367837724801338,1.0,0.9309061300453648,0.8921962095875139,0.911140206068196,1.0,0.909381721912746,0.8338221907555375,1.0,0.8999017574500601,0.9190635451505016,0.909381721912746,1.0,-0.0017584841554499908,0.0,-0.0017584841554499908
case0071,normal_myocardium,0.788712422007941,0.6511355654413487,2.0,0.8440060698027314,0.7402182592494011,0.788712422007941,2.0,0.7496080946273336,0.5994985183496695,3.605551275463989,0.8067484662576687,0.7000266169816343,0.7496080946273336,3.605551275463989,-0.03910432738060743,1.6055512754639891,-0.03910432738060743
case0071,edema,0.7536485697606539,0.6046838407494145,4.358898943540674,0.7335227272727273,0.7749099639855942,0.7536485697606539,4.358898943540674,0.7653701380175659,0.6199186991869918,8.54400374531753,0.8015768725361366,0.7322929171668667,0.7653701380175659,8.54400374531753,0.011721568256912063,4.185104801776856,0.011721568256912063
case0071,scar,0.4423480083857442,0.2839838492597577,6.4031242374328485,0.476029328821207,0.4131179637787567,0.4423480083857442,6.4031242374328485,0.42825311942959,0.2724695208392401,7.14142842854285,0.3930470347648261,0.470386686245717,0.42825311942959,7.14142842854285,-0.014094888956154183,0.7383041911100019,-0.014094888956154183
case0071,edema_inclusive,0.6912455122894228,0.5281705001055075,5.0990195135927845,0.708463062553071,0.6748449716904826,0.6912455122894228,5.0990195135927845,0.648775403856175,0.4801388353258773,5.830951894845301,0.6276783463574489,0.6713399838231329,0.648775403856175,5.830951894845301,-0.04247010843324772,0.7319323812525163,-0.04247010843324772
case0071,myocardial_ring,0.8546243178956205,0.7461519667725385,1.0,0.8945518453427065,0.8181087597106884,0.8546243178956205,1.0,0.8553733070169468,0.7472945653466524,1.0,0.8695170886951709,0.8416822930618805,0.8553733070169468,1.0,0.0007489891213262601,0.0,0.0007489891213262601
case0076,normal_myocardium,0.7928940176131187,0.6568553459119497,2.0,0.8241792929292929,0.7638970157987127,0.7928940176131187,2.0,0.8147811600787521,0.68745208280092,1.4142135623730951,0.8445839874411303,0.7870099473376243,0.8147811600787521,1.4142135623730951,0.02188714246563339,-0.5857864376269049,0.02188714246563339
case0076,edema,0.8361948955916473,0.7185007974481659,2.0,0.8597328244274809,0.8139114724480578,0.8361948955916473,2.0,0.8297309905146945,0.7090087695987244,2.0,0.8578778135048232,0.8033724781692262,0.8297309905146945,2.0,-0.006463905076952825,0.0,-0.006463905076952825
case0076,scar,0.3820330969267139,0.2361192285213325,11.793921669555328,0.3403538331929233,0.4353448275862069,0.3820330969267139,11.793921669555328,0.4332392093586123,0.276519052523172,10.002493781056032,0.3462282398452611,0.5786637931034483,0.4332392093586123,10.002493781056032,0.05120611243189843,-1.791427888499296,0.05120611243189843
case0076,edema_inclusive,0.8331002331002331,0.713943268078306,3.1622776601683795,0.8252135765412145,0.8411390915509531,0.8331002331002331,3.1622776601683795,0.8408529741863076,0.725406661502711,2.23606797749979,0.8036901952370736,0.8816192045187102,0.8408529741863076,2.23606797749979,0.007752741086074488,-0.9262096826685897,0.007752741086074488
case0076,myocardial_ring,0.8848740603982592,0.793519394512772,1.0,0.8947859714628618,0.8751793400286944,0.8848740603982592,1.0,0.8922838909301876,0.8055167597765364,1.0,0.8821055314810095,0.9026998826137994,0.8922838909301876,1.0,0.007409830531928341,0.0,0.007409830531928341
case0081,normal_myocardium,0.8681099339781975,0.766956049918611,1.0,0.8804110868888196,0.8561477892186553,0.8681099339781975,1.0,0.8702801461632156,0.7703504043126684,1.0,0.8750765462339253,0.8655360387643852,0.8702801461632156,1.0,0.0021702121850181166,0.0,0.0021702121850181166
case0081,edema,0.8091889357712142,0.6795275590551181,1.0,0.7458945548833189,0.8842213114754098,0.8091889357712142,1.0,0.7980935875216638,0.6640230713770728,1.4142135623730951,0.6914414414414415,0.9436475409836066,0.7980935875216638,1.4142135623730951,-0.011095348249550385,0.41421356237309515,-0.011095348249550385
case0081,scar,0.5339441899208663,0.3642045454545454,2.8284271247461903,0.5985060690943044,0.4819548872180451,0.5339441899208663,2.8284271247461903,0.551219512195122,0.3804713804713804,5.0,0.6,0.5097744360902255,0.551219512195122,5.0,0.017275322274255656,2.1715728752538097,0.017275322274255656
case0081,edema_inclusive,0.7895897662108513,0.652332361516035,2.0,0.803411131059246,0.7762359063313097,0.7895897662108513,2.0,0.8003355704697986,0.6671328671328671,3.1622776601683795,0.7749796913078798,0.8274067649609714,0.8003355704697986,3.1622776601683795,0.010745804258947333,1.1622776601683795,0.010745804258947333
case0081,myocardial_ring,0.8798768896532996,0.7855180216583159,1.0,0.8935466078323221,0.8666191155492154,0.8798768896532996,1.0,0.8953775582215949,0.8105733908321354,1.0,0.8859986033519553,0.904957203994294,0.8953775582215949,1.0,0.01550066856829535,0.0,0.01550066856829535
case0086,normal_myocardium,0.829618714312028,0.7088448221592698,1.4142135623730951,0.8475724501317276,0.8124098124098124,0.829618714312028,1.4142135623730951,0.8526160648489315,0.7430956968529223,1.0,0.8712349397590361,0.8347763347763347,0.8526160648489315,1.0,0.022997350536903438,-0.41421356237309515,0.022997350536903438
case0086,edema,0.7541302235179786,0.6053042121684867,2.0,0.714548802946593,0.7983539094650206,0.7541302235179786,2.0,0.7894736842105263,0.6521739130434783,1.3520815280170932,0.726643598615917,0.8641975308641975,0.7894736842105263,1.3520815280170932,0.03534346069254768,-0.6479184719829068,0.03534346069254768
case0086,scar,0.7010594196222939,0.5397163120567375,2.8284271247461903,0.6652097902097902,0.7409931840311588,0.7010594196222939,2.8284271247461903,0.7634835395750642,0.6174471299093656,2.0,0.7335127860026918,0.7960077896786758,0.7634835395750642,2.0,0.06242411995277031,-0.8284271247461903,0.06242411995277031
case0086,edema_inclusive,0.792403649227332,0.6561825470243602,2.23606797749979,0.7516778523489933,0.8377952755905512,0.792403649227332,2.23606797749979,0.8363568356087526,0.7187399549983928,2.0,0.7965799786248664,0.8803149606299212,0.8363568356087526,2.0,0.04395318638142065,-0.2360679774997898,0.04395318638142065
case0086,myocardial_ring,0.8920370370370371,0.8051144910579977,1.0,0.8777332361516035,0.9068147590361446,0.8920370370370371,1.0,0.9096983758700696,0.834354783792986,1.0,0.8971261211788395,0.9226280120481928,0.9096983758700696,1.0,0.017661338833032558,0.0,0.017661338833032558
case0091,normal_myocardium,0.8703410562670888,0.7704458598726115,1.0,0.8468216185942313,0.8952042628774423,0.8703410562670888,1.0,0.8695290858725762,0.7691742220044107,1.0,0.8170223841749089,0.929248075784488,0.8695290858725762,1.0,-0.00081197039451264,0.0,-0.00081197039451264
case0091,edema,0.8250904704463209,0.702258726899384,1.7320508075688772,0.9259927797833934,0.7440174039158811,0.8250904704463209,1.7320508075688772,0.8269909768536681,0.7050167224080267,1.4142135623730951,0.9008547008547008,0.7643219724437998,0.8269909768536681,1.4142135623730951,0.00190050640734718,-0.31783724519578205,0.00190050640734718
case0091,scar,0.3728070175438596,0.22911051212938,8.306623862918075,0.3811659192825112,0.3648068669527897,0.3728070175438596,8.306623862918075,0.4317897371714643,0.2753391859537111,5.584160403646171,0.5180180180180181,0.3701716738197425,0.4317897371714643,5.584160403646171,0.05898271962760471,-2.7224634592719035,0.05898271962760471
case0091,edema_inclusive,0.7784736720018557,0.6372958602354728,4.47213595499958,0.839,0.7260926006057984,0.7784736720018557,4.47213595499958,0.7933445864480347,0.6574740207833732,3.741657386773941,0.8959694989106753,0.7118130679359584,0.7933445864480347,3.741657386773941,0.014870914446179051,-0.7304785682256387,0.014870914446179051
case0091,myocardial_ring,0.8815275310834814,0.7881530887724313,1.0,0.8908633997486987,0.8723853049745122,0.8815275310834814,1.0,0.8929356910354536,0.8065797838525112,1.0,0.8938006340260655,0.8920724204605379,0.8929356910354536,1.0,0.011408159951972197,0.0,0.011408159951972197
case0096,normal_myocardium,0.739740441950193,0.5869746729752296,2.0,0.6613358419567262,0.8392359729407083,0.739740441950193,2.0,0.7168586727243226,0.5586747597369752,2.23606797749979,0.6052054794520548,0.8790290489454835,0.7168586727243226,2.23606797749979,-0.022881769225870374,0.2360679774997898,-0.022881769225870374
case0096,edema,0.7125827814569536,0.5534979423868313,4.69041575982343,0.6691542288557214,0.7620396600566572,0.7125827814569536,4.69041575982343,0.8352272727272727,0.7170731707317073,1.4142135623730951,0.8376068376068376,0.8328611898016998,0.8352272727272727,1.4142135623730951,0.12264449127031907,-3.276202197450335,0.12264449127031907
case0096,scar,0.346793349168646,0.2097701149425287,25.688437994724804,0.5763157894736842,0.2480181200453001,0.346793349168646,25.688437994724804,0.3001858736059479,0.1765992345544013,17.972071354391282,0.8367875647668394,0.1828992072480181,0.3001858736059479,17.972071354391282,-0.04660747556269812,-7.716366640333522,-0.04660747556269812
case0096,edema_inclusive,0.6427155599603568,0.4735304855786783,21.213203435596427,0.8292838874680307,0.5246763754045307,0.6427155599603568,21.213203435596427,0.5657303370786517,0.3944379161770466,11.683301850205114,0.9255514705882352,0.4073624595469255,0.5657303370786517,11.683301850205114,-0.07698522288170506,-9.529901585391313,-0.07698522288170506
case0096,myocardial_ring,0.8999794619018279,0.8181478715459298,1.0,0.9219440353460971,0.879037111334002,0.8999794619018279,1.0,0.9073331276355034,0.8303840361445783,1.0,0.9309835373575348,0.8848545636910732,0.9073331276355034,1.0,0.007353665733675574,0.0,0.007353665733675574
case0101,normal_myocardium,0.8696416022487702,0.7693503263910476,1.0,0.8823529411764706,0.8572913058538275,0.8696416022487702,1.0,0.8658130152604806,0.7633776678008042,1.0,0.8770433546552949,0.8548666435746449,0.8658130152604806,1.0,-0.003828586988289584,0.0,-0.003828586988289584
case0101,edema,0.6276923076923077,0.4573991031390134,4.123105625617661,0.805528134254689,0.5141776937618148,0.6276923076923077,4.123105625617661,0.6945636623748211,0.5320547945205479,3.0,0.8031430934656741,0.6118462507876496,0.6945636623748211,3.0,0.06687135468251348,-1.1231056256176606,0.06687135468251348
case0101,scar,0.0748663101604278,0.0388888888888888,4.358898943540674,0.0459016393442622,0.2028985507246377,0.0748663101604278,4.358898943540674,0.0566523605150214,0.0291519434628975,7.648459426866259,0.034446764091858,0.1594202898550724,0.0566523605150214,7.648459426866259,-0.018213949645406402,3.2895604833255847,-0.018213949645406402
case0101,edema_inclusive,0.8076303062869425,0.6773321315908066,1.4142135623730951,0.7795643153526971,0.8377926421404682,0.8076303062869425,1.4142135623730951,0.7841454178237819,0.6449335548172758,3.0,0.7166589755422242,0.8656633221850614,0.7841454178237819,3.0,-0.023484888463160658,1.5857864376269049,-0.023484888463160658
case0101,myocardial_ring,0.8965370724452942,0.8124759337697343,1.0,0.8916120853581239,0.9015167699209572,0.8965370724452942,1.0,0.8921548333678327,0.8053064275037369,1.0,0.8652880947600884,0.9207434308908352,0.8921548333678327,1.0,-0.004382239077461492,0.0,-0.004382239077461492
case0106,normal_myocardium,0.7956010618126659,0.6605793450881612,2.449489742783178,0.8996569468267581,0.7131203263086335,0.7956010618126659,2.449489742783178,0.832579185520362,0.7131782945736435,2.23606797749979,0.934801016088061,0.7505098572399728,0.832579185520362,2.23606797749979,0.03697812370769615,-0.21342176528338808,0.03697812370769615
case0106,edema,0.7563671311869293,0.6081916537867079,1.4142135623730951,0.7941473259334006,0.7220183486238532,0.7563671311869293,1.4142135623730951,0.8292201382033564,0.7082630691399663,1.0,0.8974358974358975,0.7706422018348624,0.8292201382033564,1.0,0.07285300701642705,-0.41421356237309515,0.07285300701642705
case0106,scar,0.3764002987303958,0.2318307267709291,9.486832980505138,0.4666666666666667,0.3153942428035043,0.3764002987303958,9.486832980505138,0.539906103286385,0.3697749196141479,5.656854249492381,0.7202505219206681,0.4317897371714643,0.539906103286385,5.656854249492381,0.16350580455598918,-3.8299787310127575,0.16350580455598918
case0106,edema_inclusive,0.8011695906432749,0.6682926829268293,2.8284271247461903,0.8948399738732854,0.7252514557967178,0.8011695906432749,2.8284271247461903,0.8202179176755447,0.6952283222165213,2.0,0.9575971731448764,0.7173107464266808,0.8202179176755447,2.0,0.019048327032269885,-0.8284271247461903,0.019048327032269885
case0106,myocardial_ring,0.863463760937758,0.7597327135386404,1.0,0.9695958472376714,0.7782738095238095,0.863463760937758,1.0,0.8626595030221625,0.7584883377620313,1.4142135623730951,0.9895993836671804,0.7645833333333333,0.8626595030221625,1.4142135623730951,-0.0008042579155954632,0.41421356237309515,-0.0008042579155954632
case0111,normal_myocardium,0.7690663817283291,0.6247829861111112,2.0,0.8313600924054289,0.7154572564612326,0.7690663817283291,2.0,0.7797481367257775,0.6390058972198821,1.7320508075688772,0.807344332091538,0.7539761431411531,0.7797481367257775,1.7320508075688772,0.01068175499744839,-0.2679491924311228,0.01068175499744839
case0111,edema,0.6855823160673045,0.5215863453815262,3.0,0.5817469204927211,0.8345381526104417,0.6855823160673045,3.0,0.7512332628611699,0.6015801354401806,2.23606797749979,0.6691776522284997,0.8562248995983935,0.7512332628611699,2.23606797749979,0.0656509467938654,-0.7639320225002102,0.0656509467938654
case0111,scar,0.2467138523761375,0.140715109573241,16.42710813641024,0.1816827997021593,0.384251968503937,0.2467138523761375,16.42710813641024,0.3191183517010062,0.1898517673888255,15.264337522473747,0.2293388429752066,0.5244094488188976,0.3191183517010062,15.264337522473747,0.07240449932486873,-1.1627706139364928,0.07240449932486873
case0111,edema_inclusive,0.6620083849071671,0.4947776783049836,8.927395253448452,0.5298817513582614,0.8819148936170212,0.6620083849071671,8.927395253448452,0.6948223350253807,0.5323584318606098,7.402407446428825,0.5619047619047619,0.9101063829787234,0.6948223350253807,7.402407446428825,0.03281395011821364,-1.5249878070196274,0.03281395011821364
case0111,myocardial_ring,0.8637964148527529,0.7602479222425694,1.0,0.8187196601941747,0.9141260162601628,0.8637964148527529,1.0,0.8625167230660266,0.7582676075826761,1.0,0.8055269733940909,0.9281842818428184,0.8625167230660266,1.0,-0.001279691786726378,0.0,-0.001279691786726378
case0116,normal_myocardium,0.8566042478320975,0.7491756429984612,1.0,0.8845055800674799,0.8304093567251462,0.8566042478320975,1.0,0.8289457267623207,0.7078627743447689,1.0,0.8493991306571209,0.8094541910331384,0.8289457267623207,1.0,-0.027658521069776842,0.0,-0.027658521069776842
case0116,edema,0.6904985888993415,0.5272988505747126,2.8284271247461903,0.9017199017199016,0.5594512195121951,0.6904985888993415,2.8284271247461903,0.6181818181818182,0.4473684210526316,5.830951894845301,0.7154308617234469,0.5442073170731707,0.6181818181818182,5.830951894845301,-0.0723167707175233,3.0025247700991105,-0.0723167707175233
case0116,scar,0.4094368340943683,0.2574162679425837,3.4641016151377544,0.376750700280112,0.4483333333333333,0.4094368340943683,3.4641016151377544,0.4020752269779507,0.2516233766233766,3.4641016151377544,0.3290870488322717,0.5166666666666667,0.4020752269779507,3.4641016151377544,-0.0073616071164176455,0.0,-0.0073616071164176455
case0116,edema_inclusive,0.7328565418594868,0.5783532536520585,2.23606797749979,0.7769848349687779,0.6934713375796179,0.7328565418594868,2.23606797749979,0.6844642195031516,0.520293122886133,2.23606797749979,0.6405274115197779,0.7348726114649682,0.6844642195031516,2.23606797749979,-0.04839232235633517,0.0,-0.04839232235633517
case0116,myocardial_ring,0.8910392877878847,0.8034904013961606,1.0,0.9256131885806193,0.858955223880597,0.8910392877878847,1.0,0.8896564600448096,0.8012443248696822,1.0,0.8903213751868461,0.8889925373134329,0.8896564600448096,1.0,-0.0013828277430750768,0.0,-0.0013828277430750768
case0121,normal_myocardium,0.8514764213309828,0.7413660782808903,1.0,0.8732203389830508,0.8307890776177166,0.8514764213309828,1.0,0.8332592263228101,0.7141768292682927,1.4142135623730951,0.8626006904487917,0.805848204687164,0.8332592263228101,1.4142135623730951,-0.01821719500817265,0.41421356237309515,-0.01821719500817265
case0121,edema,0.7995034140285537,0.6659772492244054,2.23606797749979,0.7280949689089882,0.8864418444597385,0.7995034140285537,2.23606797749979,0.7799564270152506,0.6392857142857142,3.0,0.7119318181818182,0.8623537508602891,0.7799564270152506,3.0,-0.019546987013303152,0.7639320225002102,-0.019546987013303152
case0121,scar,0.3169319826338639,0.1883061049011178,5.477225575051661,0.3303167420814479,0.3045897079276773,0.3169319826338639,5.477225575051661,0.2538410153640614,0.1453710788064269,8.602325267042627,0.2442159383033419,0.2642559109874826,0.2538410153640614,8.602325267042627,-0.06309096726980251,3.1250996919909655,-0.06309096726980251
case0121,edema_inclusive,0.7523892267593397,0.6030640668523677,2.8284271247461903,0.712171052631579,0.7974217311233885,0.7523892267593397,2.8284271247461903,0.7159235668789808,0.5575396825396826,3.605551275463989,0.6643026004728132,0.7762430939226519,0.7159235668789808,3.605551275463989,-0.03646565988035888,0.7771241507177988,-0.03646565988035888
case0121,myocardial_ring,0.8864035087719299,0.7959826703426546,1.0,0.8842059209566866,0.888612047486443,0.8864035087719299,1.0,0.8648766963373705,0.7619231263658568,1.0,0.8611070754031672,0.8686794665103327,0.8648766963373705,1.0,-0.02152681243455934,0.0,-0.02152681243455934
case0126,normal_myocardium,0.8491096532333646,0.737785016286645,1.0,0.8132854578096947,0.888235294117647,0.8491096532333646,1.0,0.8656858092074039,0.7631799163179916,1.0,0.8390064397424103,0.8941176470588236,0.8656858092074039,1.0,0.016576155974039275,0.0,0.016576155974039275
case0126,edema,0.7809954751131222,0.6406829992576095,1.0,0.833011583011583,0.7350936967632027,0.7809954751131222,1.0,0.7651785714285714,0.6196673897324656,1.4142135623730951,0.8039399624765479,0.7299829642248722,0.7651785714285714,1.4142135623730951,-0.015816903684550798,0.41421356237309515,-0.015816903684550798
case0126,scar,0.6302521008403361,0.4601226993865031,2.8284271247461903,0.6097560975609756,0.6521739130434783,0.6302521008403361,2.8284271247461903,0.5871725383920506,0.4156010230179028,3.0,0.5023183925811437,0.7065217391304348,0.5871725383920506,3.0,-0.04307956244828548,0.1715728752538097,-0.04307956244828548
case0126,edema_inclusive,0.825426944971537,0.7027463651050081,1.0,0.8540575916230366,0.7986536107711139,0.825426944971537,1.0,0.8186435613982671,0.6929691451694486,1.0,0.7997664915353182,0.8384332925336597,0.8186435613982671,1.0,-0.006783383573269908,0.0,-0.006783383573269908
case0126,myocardial_ring,0.8644259818731118,0.761223811107416,1.0,0.8663890991672974,0.8624717407686511,0.8644259818731118,1.0,0.8536853685368537,0.744721689059501,1.0,0.8314285714285714,0.8771665410700829,0.8536853685368537,1.0,-0.010740613336258087,0.0,-0.010740613336258087
case0131,normal_myocardium,0.8328066215199398,0.7135121196493037,1.4142135623730951,0.7781214848143982,0.8957591453544836,0.8328066215199398,1.4142135623730951,0.8322962513279709,0.7127631920977385,1.4142135623730951,0.7834285714285715,0.8876659112981548,0.8322962513279709,1.4142135623730951,-0.0005103701919688675,0.0,-0.0005103701919688675
case0131,edema,0.8305199189736664,0.710161662817552,1.0,0.8145695364238411,0.8471074380165289,0.8305199189736664,1.0,0.787619361211722,0.6496469310157523,1.4142135623730951,0.7545741324921136,0.8236914600550964,0.787619361211722,1.4142135623730951,-0.04290055776194435,0.41421356237309515,-0.04290055776194435
case0131,scar,0.5715571557155715,0.4001260239445495,2.23606797749979,0.5175224123879381,0.6381909547738693,0.5715571557155715,2.23606797749979,0.542572463768116,0.3722809198259789,2.8284271247461903,0.4938169826875515,0.6020100502512563,0.542572463768116,2.8284271247461903,-0.028984691947455565,0.5923591472464005,-0.028984691947455565
case0131,edema_inclusive,0.8506944444444444,0.7401812688821753,1.4142135623730951,0.8056265984654731,0.9011033919084592,0.8506944444444444,1.4142135623730951,0.8526215443279314,0.7431040212695248,1.4142135623730951,0.7991422444603288,0.9137719656722516,0.8526215443279314,1.4142135623730951,0.001927099883486938,0.0,0.001927099883486938
case0131,myocardial_ring,0.8761518302476964,0.779599819467429,1.0,0.8234546321309392,0.9360549132947976,0.8761518302476964,1.0,0.879161737366909,0.78437876960193,1.0,0.8259765004763417,0.9396676300578036,0.879161737366909,1.0,0.0030099071192125626,0.0,0.0030099071192125626
case0136,normal_myocardium,0.7939793038570084,0.6583463338533542,1.8526279441628335,0.8344043499752842,0.7572902646926873,0.7939793038570084,1.8526279441628335,0.7680660701995871,0.623463687150838,2.8284271247461903,0.7859154929577464,0.7510094212651414,0.7680660701995871,2.8284271247461903,-0.025913233657421375,0.9757991805833568,-0.025913233657421375
case0136,edema,0.769893899204244,0.6258760107816712,2.23606797749979,0.8587278106508875,0.6977163461538461,0.769893899204244,2.23606797749979,0.7148185825703628,0.5562005277044855,2.449489742783178,0.8202334630350194,0.6334134615384616,0.7148185825703628,2.449489742783178,-0.05507531663388121,0.21342176528338808,-0.05507531663388121
case0136,scar,0.4795509222133119,0.3154008438818565,3.4641016151377544,0.3981358189081225,0.6028225806451613,0.4795509222133119,3.4641016151377544,0.408781226343679,0.2568981921979067,5.0990195135927845,0.3272727272727272,0.5443548387096774,0.408781226343679,5.0990195135927845,-0.07076969586963289,1.63491789845503,-0.07076969586963289
case0136,edema_inclusive,0.8088200797560403,0.6790074832611265,1.4142135623730951,0.8197812648597242,0.7981481481481482,0.8088200797560403,1.4142135623730951,0.736768149882904,0.5832406377456433,2.23606797749979,0.7454976303317535,0.7282407407407407,0.736768149882904,2.23606797749979,-0.07205192987313636,0.8218544151266947,-0.07205192987313636
case0136,myocardial_ring,0.8721080446271285,0.773219491878384,1.0,0.8999030538051381,0.845978582820688,0.8721080446271285,1.0,0.8508517788851547,0.7404195240016136,1.0,0.8658018867924528,0.8364092048302575,0.8508517788851547,1.0,-0.021256265741973812,0.0,-0.021256265741973812
case0141,normal_myocardium,0.785126582278481,0.6462620474081792,3.1622776601683795,0.841873091279267,0.7355469908093685,0.785126582278481,3.1622776601683795,0.7683293745051465,0.6238107482643354,2.8284271247461903,0.8246091094493542,0.7192410317225022,0.7683293745051465,2.8284271247461903,-0.016797207773334488,-0.33385053542218923,-0.016797207773334488
case0141,edema,0.8713681241184768,0.7720569857535616,1.0,0.8169796350171912,0.9335146569960712,0.8713681241184768,1.0,0.8482414843533648,0.7364751142101467,1.0,0.782775364170713,0.9256572982774252,0.8482414843533648,1.0,-0.023126639765111978,0.0,-0.023126639765111978
case0141,scar,0.2609053497942387,0.1500236630383341,6.164414002968976,0.2190739460953697,0.3224821973550356,0.2609053497942387,6.164414002968976,0.2798586572438162,0.162695152013147,7.071067811865476,0.2144017325392528,0.4028484231943031,0.2798586572438162,7.071067811865476,0.018953307449577517,0.9066538088965004,0.018953307449577517
case0141,edema_inclusive,0.7997899159663866,0.6663749343602311,2.0,0.728194338179036,0.8869990680335508,0.7997899159663866,2.0,0.7620374054914445,0.6155576984892318,3.1622776601683795,0.6649305555555556,0.8923578751164958,0.7620374054914445,3.1622776601683795,-0.0377525104749421,1.1622776601683795,-0.0377525104749421
case0141,myocardial_ring,0.8926767676767676,0.806157354618016,1.0,0.8648318042813455,0.9223744292237442,0.8926767676767676,1.0,0.872976110466182,0.7745852759405834,1.0,0.8209606986899564,0.9320287018917156,0.872976110466182,1.0,-0.01970065721058567,0.0,-0.01970065721058567
case0146,normal_myocardium,0.7389187804253139,0.5859406745225518,2.449489742783178,0.7120987654320987,0.7678381256656017,0.7389187804253139,2.449489742783178,0.7149858137735362,0.5564030509835407,2.8284271247461903,0.6933466733366683,0.7380191693290735,0.7149858137735362,2.8284271247461903,-0.023932966651777687,0.3789373819630124,-0.023932966651777687
case0146,edema,0.7537993920972644,0.6048780487804878,1.4142135623730951,0.757123473541384,0.7505043712172159,0.7537993920972644,1.4142135623730951,0.7568777991042867,0.6088522902727741,2.0,0.7217815741305674,0.7955615332885003,0.7568777991042867,2.0,0.0030784070070222214,0.5857864376269049,0.0030784070070222214
case0146,scar,0.3951011714589989,0.2461844724618447,3.0,0.424971363115693,0.3691542288557214,0.3951011714589989,3.0,0.502776375567895,0.3358057990559676,3.639577803291477,0.5102459016393442,0.4955223880597015,0.502776375567895,3.639577803291477,0.10767520410889608,0.639577803291477,0.10767520410889608
case0146,edema_inclusive,0.7865261417648275,0.6481607629427792,1.7320508075688772,0.8108223263740946,0.7636436597110754,0.7865261417648275,1.7320508075688772,0.829449774818876,0.708598193375711,1.4142135623730951,0.8099426386233269,0.8499197431781701,0.829449774818876,1.4142135623730951,0.04292363305404856,-0.31783724519578205,0.04292363305404856
case0146,myocardial_ring,0.8224662548615878,0.6984651253157179,1.4142135623730951,0.8222781335773102,0.8226544622425629,0.8224662548615878,1.4142135623730951,0.8392698130008904,0.7230533179900268,1.4142135623730951,0.8170784568703945,0.8627002288329519,0.8392698130008904,1.4142135623730951,0.016803558139302677,0.0,0.016803558139302677
case0151,normal_myocardium,0.7917935853789644,0.655346285036334,2.449489742783178,0.8998167379352474,0.7069268916973285,0.7917935853789644,2.449489742783178,0.7720468890892697,0.6287266852694963,2.449489742783178,0.8846869187848729,0.6848504239321709,0.7720468890892697,2.449489742783178,-0.01974669628969472,0.0,-0.01974669628969472
case0151,edema,0.7956236323851203,0.6606104651162791,1.4142135623730951,0.8101604278074866,0.7815993121238177,0.7956236323851203,1.4142135623730951,0.8038572014772261,0.672041166380789,1.4142135623730951,0.7688383045525903,0.8422184006878762,0.8038572014772261,1.4142135623730951,0.008233569092105708,0.0,0.008233569092105708
case0151,scar,0.0331491712707182,0.0168539325842696,41.593268686170845,0.0169918187539332,0.675,0.0331491712707182,41.593268686170845,0.0022753128555176,0.0011389521640091,43.19722213291036,0.0011641443538998,0.05,0.0022753128555176,43.19722213291036,-0.030873858415200604,1.6039534467395171,-0.030873858415200604
case0151,edema_inclusive,0.6530085497660914,0.4847904191616766,4.0,0.528045917036264,0.8554522400676247,0.6530085497660914,4.0,0.6402291917973462,0.4708361055666445,6.48074069840786,0.4976558837318331,0.8972950126796281,0.6402291917973462,6.48074069840786,-0.012779357968745186,2.4807406984078604,-0.012779357968745186
case0151,myocardial_ring,0.9045561891596108,0.8257440319697129,1.0,0.8979871912168343,0.9112220030172914,0.9045561891596108,1.0,0.9153594402437648,0.8439288315471856,1.0,0.8908292147171883,0.941278867355228,0.9153594402437648,1.0,0.01080325108415403,0.0,0.01080325108415403
case0156,normal_myocardium,0.8551765409934171,0.7469942498693152,1.4142135623730951,0.8692214111922141,0.8415783274440518,0.8551765409934171,1.4142135623730951,0.8447488584474886,0.7312252964426877,1.4142135623730951,0.8742911153119093,0.8171378091872792,0.8447488584474886,1.4142135623730951,-0.010427682545928518,0.0,-0.010427682545928518
case0156,edema,0.8227668624670853,0.6988988300068824,1.4142135623730951,0.7447744774477447,0.9190045248868778,0.8227668624670853,1.4142135623730951,0.812958435207824,0.6848609680741503,1.4142135623730951,0.7394366197183099,0.9027149321266968,0.812958435207824,1.4142135623730951,-0.009808427259261343,0.0,-0.009808427259261343
case0156,scar,0.2714164546225615,0.1570166830225711,16.401219466856727,0.1895734597156398,0.4776119402985074,0.2714164546225615,16.401219466856727,0.2346153846153846,0.1328976034858388,15.652475842498529,0.1493877551020408,0.5462686567164179,0.2346153846153846,15.652475842498529,-0.03680107000717689,-0.7487436243581982,-0.03680107000717689
case0156,edema_inclusive,0.7658600392413342,0.620561738208797,2.0,0.6558387006440773,0.9202357563850688,0.7658600392413342,2.0,0.7380952380952381,0.5849056603773585,2.23606797749979,0.6084629110374713,0.937917485265226,0.7380952380952381,2.23606797749979,-0.02776480114609603,0.2360679774997898,-0.02776480114609603
case0156,myocardial_ring,0.87640625,0.7800027812543457,1.0,0.8177576906254556,0.9441171519946135,0.87640625,1.0,0.8614818223653935,0.7566693613581245,1.4142135623730951,0.7913202761730309,0.9452954048140044,0.8614818223653935,1.4142135623730951,-0.014924427634606552,0.41421356237309515,-0.014924427634606552
case0161,normal_myocardium,0.8151885289431758,0.688032272523532,1.4142135623730951,0.7736895161290323,0.8613916947250281,0.8151885289431758,1.4142135623730951,0.828005284015852,0.7064923354373309,1.0,0.782326510234648,0.8793490460157127,0.828005284015852,1.0,0.012816755072676211,-0.41421356237309515,0.012816755072676211
case0161,edema,0.8336789713811696,0.7147937411095305,1.0,0.8354114713216958,0.831953642384106,0.8336789713811696,1.0,0.827364185110664,0.7055593685655457,1.0,0.8050117462803446,0.8509933774834437,0.827364185110664,1.0,-0.006314786270505635,0.0,-0.006314786270505635
case0161,scar,0.490547263681592,0.3249835201054713,6.164414002968976,0.4128978224455611,0.6041666666666666,0.490547263681592,6.164414002968976,0.4637826961770623,0.3018991486574983,4.242640687119285,0.3933447098976109,0.5649509803921569,0.4637826961770623,4.242640687119285,-0.026764567504529713,-1.9217733158496912,-0.026764567504529713
case0161,edema_inclusive,0.8197240443338611,0.6945189727865082,2.23606797749979,0.7559449311639549,0.8952569169960475,0.8197240443338611,2.23606797749979,0.805276101050749,0.6740269461077845,2.23606797749979,0.7354022049816251,0.8898221343873518,0.805276101050749,2.23606797749979,-0.014447943283112163,0.0,-0.014447943283112163
case0161,myocardial_ring,0.8721143275925247,0.7732293697205977,1.0,0.8148824469299246,0.9379926431949552,0.8721143275925247,1.0,0.8617098571082586,0.7570212765957447,1.0,0.7991913746630728,0.9348397267472413,0.8617098571082586,1.0,-0.01040447048426607,0.0,-0.01040447048426607
case0166,normal_myocardium,0.8375222137598375,0.7204629831841013,2.0,0.8377348908075165,0.8373096446700508,0.8375222137598375,2.0,0.8129933997670507,0.6849105974705626,2.449489742783178,0.8294164246105097,0.7972081218274112,0.8129933997670507,2.449489742783178,-0.024528813992786835,0.4494897427831779,-0.024528813992786835
case0166,edema,0.8425388504025464,0.7279197670656745,1.4142135623730951,0.7689678742310321,0.9316770186335404,0.8425388504025464,1.4142135623730951,0.8465983224603915,0.7340012928248222,1.0,0.7698305084745762,0.9403726708074536,0.8465983224603915,1.0,0.0040594720578450705,-0.41421356237309515,0.0040594720578450705
case0166,scar,0.3707865168539326,0.2275862068965517,5.5041698762177855,0.3640661938534279,0.3777596075224857,0.3707865168539326,5.5041698762177855,0.336514669494521,0.2022949426264343,6.48074069840786,0.2963885429638854,0.3892068683565004,0.336514669494521,6.48074069840786,-0.03427184735941158,0.9765708221900748,-0.03427184735941158
case0166,edema_inclusive,0.8142474147836078,0.6866925064599483,2.23606797749979,0.7601907032181168,0.8765805387575591,0.8142474147836078,2.23606797749979,0.7810593116914816,0.6407689227072487,3.0,0.7023705004389815,0.879604178119846,0.7810593116914816,3.0,-0.033188103092126275,0.7639320225002102,-0.033188103092126275
case0166,myocardial_ring,0.8979695754566864,0.8148319279196027,1.0,0.8673306283044387,0.93085246766957,0.8979695754566864,1.0,0.8916525343885434,0.8044882692961578,1.0,0.8507731032002877,0.936658749010293,0.8916525343885434,1.0,-0.0063170410681430145,0.0,-0.0063170410681430145
case0171,normal_myocardium,0.8603920395032171,0.7549894957983193,1.0,0.8800122436486073,0.8416276346604216,0.8603920395032171,1.0,0.8472243004638635,0.7349428868120457,1.0,0.8665442301805938,0.8287470725995316,0.8472243004638635,1.0,-0.013167739039353532,0.0,-0.013167739039353532
case0171,edema,0.768640350877193,0.6242208370436332,1.4142135623730951,0.7052313883299799,0.844578313253012,0.768640350877193,1.4142135623730951,0.7244179750947483,0.5679117147707979,2.23606797749979,0.6578171091445427,0.8060240963855422,0.7244179750947483,2.23606797749979,-0.0442223757824447,0.8218544151266947,-0.0442223757824447
case0171,scar,0.3653044203502919,0.223469387755102,4.123105625617661,0.3124108416547789,0.4397590361445783,0.3653044203502919,4.123105625617661,0.3532075471698113,0.2144821264894592,3.659993719987952,0.282950423216445,0.4698795180722891,0.3532075471698113,3.659993719987952,-0.012096873180480638,-0.4631119056297086,-0.012096873180480638
case0171,edema_inclusive,0.8230234866027125,0.6992692523889825,2.0,0.7339233038348083,0.9367469879518072,0.8230234866027125,2.0,0.7944514501891551,0.6589958158995816,2.8284271247461903,0.6832971800433839,0.9487951807228916,0.7944514501891551,2.8284271247461903,-0.028572036413557433,0.8284271247461903,-0.028572036413557433
case0171,myocardial_ring,0.9006799917576757,0.8193064667291471,1.0,0.880894800483676,0.9213743676222595,0.9006799917576757,1.0,0.9008625063419584,0.8196085672082718,1.0,0.8685188808452358,0.93570826306914,0.9008625063419584,1.0,0.0001825145842827558,0.0,0.0001825145842827558
case0176,normal_myocardium,0.763744427934621,0.6177884615384616,2.0,0.7977237454733574,0.732541567695962,0.763744427934621,2.0,0.7755102040816326,0.6333333333333333,1.7320508075688772,0.814427600627287,0.7401425178147268,0.7755102040816326,1.7320508075688772,0.011765776147011575,-0.2679491924311228,0.011765776147011575
case0176,edema,0.7798639455782312,0.6391614629794826,1.4142135623730951,0.7783813145029875,0.7813522355507089,0.7798639455782312,1.4142135623730951,0.7570117955439056,0.6090257275411219,2.0,0.7289247854618879,0.787350054525627,0.7570117955439056,2.0,-0.022852150034325613,0.5857864376269049,-0.022852150034325613
case0176,scar,0.4980569948186528,0.3316084519189305,10.04987562112089,0.5336571825121443,0.4669095324833029,0.4980569948186528,10.04987562112089,0.5089313694766531,0.3413198823034888,10.5520142806664,0.5259067357512953,0.4930176077717061,0.5089313694766531,10.5520142806664,0.010874374658000285,0.5021386595455102,0.010874374658000285
case0176,edema_inclusive,0.7928434126866775,0.6567858892699657,2.23606797749979,0.8168799512492383,0.7701809824763,0.7928434126866775,2.23606797749979,0.7878960890665144,0.6500235515779558,3.0,0.7829787234042553,0.7928756104567652,0.7878960890665144,3.0,-0.0049473236201630355,0.7639320225002102,-0.0049473236201630355
case0176,myocardial_ring,0.8926951208221461,0.8061872909698997,1.0,0.9244487056567592,0.8630504833512352,0.8926951208221461,1.0,0.8826197387518142,0.7899009579477188,1.0,0.894630378815741,0.8709273182957393,0.8826197387518142,1.0,-0.010075382070331873,0.0,-0.010075382070331873
case0181,normal_myocardium,0.7875190258751903,0.6495104192819483,3.605551275463989,0.8775440976933514,0.714246272777471,0.7875190258751903,3.605551275463989,0.7994608357046578,0.6659181636726547,2.23606797749979,0.8736497545008183,0.736885698509111,0.7994608357046578,2.23606797749979,0.011941809829467465,-1.3694832979641993,0.011941809829467465
case0181,edema,0.6732206055839559,0.5074096028452875,2.8284271247461903,0.600701754385965,0.7656529516994633,0.6732206055839559,2.8284271247461903,0.6532295006871278,0.4850340136054422,4.129082378692736,0.6694835680751173,0.6377459749552773,0.6532295006871278,4.129082378692736,-0.019991104896828094,1.300655253946546,-0.019991104896828094
case0181,scar,0.6037846560070412,0.4324437907123345,12.369117412972116,0.5816845675522895,0.6276303751143641,0.6037846560070412,12.369117412972116,0.6458907887479316,0.4769857433808554,9.69535971483266,0.5894789831361691,0.7142421469960354,0.6458907887479316,9.69535971483266,0.04210613274089037,-2.6737576981394557,0.04210613274089037
case0181,edema_inclusive,0.788034188034188,0.6502115655853314,11.704699910719626,0.7430989320975216,0.8387536957016147,0.788034188034188,11.704699910719626,0.7980922098569158,0.6640211640211641,9.643650760992957,0.7473203652242953,0.8562656356606777,0.7980922098569158,9.643650760992957,0.010058021822727747,-2.061049149726669,0.010058021822727747
case0181,myocardial_ring,0.8915254237288136,0.8042813455657493,1.0,0.8976109215017065,0.8855218855218855,0.8915254237288136,1.0,0.8980883813306852,0.8150275994142165,1.0,0.8939824539725689,0.9022321985284948,0.8980883813306852,1.0,0.006562957601871644,0.0,0.006562957601871644
case0186,normal_myocardium,0.8582375478927203,0.7516778523489933,1.0,0.8872638634978671,0.8310502283105022,0.8582375478927203,1.0,0.8413431916204559,0.7261366657803776,1.0,0.9139892904953146,0.7793949771689498,0.8413431916204559,1.0,-0.016894356272264432,0.0,-0.016894356272264432
case0186,edema,0.8315868263473054,0.7117232543241512,1.0,0.782394366197183,0.8873801916932907,0.8315868263473054,1.0,0.8140544808527438,0.6864181091877497,1.0,0.804839968774395,0.8234824281150159,0.8140544808527438,1.0,-0.01753234549456162,0.0,-0.01753234549456162
case0186,scar,0.4098939929328622,0.2577777777777778,6.6332495807108,0.3761348897535668,0.4503105590062112,0.4098939929328622,6.6332495807108,0.3929471032745592,0.2445141065830721,11.465070206339174,0.29082774049217,0.6055900621118012,0.3929471032745592,11.465070206339174,-0.016946889658303044,4.831820625628374,-0.016946889658303044
case0186,edema_inclusive,0.8563738683631025,0.7488232777064613,2.23606797749979,0.7987220447284346,0.9229957805907172,0.8563738683631025,2.23606797749979,0.7945993802567508,0.65919941241278,6.445813290969084,0.6845919145690312,0.9467299578059072,0.7945993802567508,6.445813290969084,-0.061774488106351666,4.209745313469294,-0.061774488106351666
case0186,myocardial_ring,0.9059137312609216,0.8280094149293881,1.0,0.89987209939704,0.9120370370370372,0.9059137312609216,1.0,0.9066303360581288,0.8292075095530819,1.0,0.8896613190730838,0.9242592592592592,0.9066303360581288,1.0,0.0007166047972072542,0.0,0.0007166047972072542
case0191,normal_myocardium,0.6384876805437553,0.4689547581903276,13.841793072845952,0.8177366702937976,0.5236933797909408,0.6384876805437553,13.841793072845952,0.7208324994996999,0.5635168961201502,9.022154055254946,0.846732487070992,0.6275261324041812,0.7208324994996999,9.022154055254946,0.08234481895594459,-4.819639017591006,0.08234481895594459
case0191,edema,0.7460393662986078,0.5949464012251149,1.4142135623730951,0.6786026200873363,0.8283582089552238,0.7460393662986078,1.4142135623730951,0.7435523114355231,0.5917893106119287,1.7320508075688772,0.683974932855864,0.814498933901919,0.7435523114355231,1.7320508075688772,-0.002487054863084648,0.31783724519578205,-0.002487054863084648
case0191,scar,0.4174410293066476,0.2637759710930442,11.445523142259598,0.3236054673069819,0.5879194630872483,0.4174410293066476,11.445523142259598,0.4498357341420267,0.2901858493641995,6.164414002968976,0.3607620591811917,0.5973154362416108,0.4498357341420267,6.164414002968976,0.032394704835379096,-5.2811091392906215,0.032394704835379096
case0191,edema_inclusive,0.6372611464968153,0.4676326244449638,8.904893044714159,0.5194704049844237,0.8241350906095551,0.6372611464968153,8.904893044714159,0.6786427145708582,0.513595166163142,3.741657386773941,0.5691964285714286,0.8401976935749588,0.6786427145708582,3.741657386773941,0.04138156807404292,-5.163235657940218,0.04138156807404292
case0191,myocardial_ring,0.8902439024390244,0.8021978021978022,1.0,0.8595782073813708,0.9231785579463948,0.8902439024390244,1.0,0.8843673358161505,0.7927047712099007,1.0,0.8523901243214849,0.9188372970932428,0.8843673358161505,1.0,-0.005876566622873947,0.0,-0.005876566622873947
case0196,normal_myocardium,0.7852671118530885,0.6464524995705205,2.23606797749979,0.8216157205240174,0.7519984012789768,0.7852671118530885,2.23606797749979,0.8207057866368351,0.6959296309072094,1.4142135623730951,0.8355767239594118,0.8063549160671463,0.8207057866368351,1.4142135623730951,0.035438674783746626,-0.8218544151266947,0.035438674783746626
case0196,edema,0.8246602585349685,0.7016356457980824,1.0,0.7941270347909352,0.8576352981730437,0.8246602585349685,1.0,0.8132568514977693,0.6852846401718582,1.4142135623730951,0.7561481481481481,0.8796966563254051,0.8132568514977693,1.4142135623730951,-0.01140340703719922,0.41421356237309515,-0.01140340703719922
case0196,scar,0.4484737204498508,0.2890532544378698,24.1039415863879,0.4110222970130416,0.4934343434343434,0.4484737204498508,24.1039415863879,0.4453570613734884,0.2864690343410625,19.245774550706088,0.4061589679567207,0.4929292929292929,0.4453570613734884,19.245774550706088,-0.0031166590763623825,-4.858167035681813,-0.0031166590763623825
case0196,edema_inclusive,0.8026176498893273,0.6703102395113326,14.15449456299037,0.7568058076225045,0.8543331284572834,0.8026176498893273,14.15449456299037,0.8233417769021484,0.699728910859512,2.23606797749979,0.7594323295257874,0.8989961073550502,0.8233417769021484,2.23606797749979,0.020724127012821114,-11.91842658549058,0.020724127012821114
case0196,myocardial_ring,0.8882102628285357,0.7989012968299711,1.0,0.879187314172448,0.8974203338391502,0.8882102628285357,1.0,0.8913722428264689,0.8040320450743903,1.0,0.8610351654567738,0.923925139099646,0.8913722428264689,1.0,0.0031619799979332175,0.0,0.0031619799979332175
case0201,normal_myocardium,0.8274036074797286,0.7056167090036692,1.4142135623730951,0.8830801836806782,0.7783312577833126,0.8274036074797286,1.4142135623730951,0.7952212687195019,0.6600558659217877,1.7320508075688772,0.8652508238740388,0.7356787048567871,0.7952212687195019,1.7320508075688772,-0.03218233876022669,0.31783724519578205,-0.03218233876022669
case0201,edema,0.8256880733944955,0.703125,1.4142135623730951,0.8905013192612137,0.7696693272519954,0.8256880733944955,1.4142135623730951,0.8485066570708888,0.736875,1.0,0.8949898785425101,0.8066134549600912,0.8485066570708888,1.0,0.022818583676393334,-0.41421356237309515,0.022818583676393334
case0201,scar,0.4175868299538245,0.2638924130931235,3.4641016151377544,0.4697380307136404,0.375858330321648,0.4175868299538245,3.4641016151377544,0.5000919963201472,0.3334151128557409,3.1622776601683795,0.5093703148425787,0.4911456451029996,0.5000919963201472,3.1622776601683795,0.08250516636632271,-0.30182395496937486,0.08250516636632271
case0201,edema_inclusive,0.8265430221951962,0.7043658504987693,1.4142135623730951,0.9055629580279814,0.7602069351230425,0.8265430221951962,1.4142135623730951,0.843014812663375,0.7286306012300741,1.0,0.8768882175226587,0.8116610738255033,0.843014812663375,1.0,0.016471790468178815,-0.41421356237309515,0.016471790468178815
case0201,myocardial_ring,0.8681702171988125,0.7670501610676485,1.4142135623730951,0.9432937181663836,0.8041296796603628,0.8681702171988125,1.4142135623730951,0.882069490235861,0.7890199637023594,1.0,0.9298470751791252,0.8389617908143574,0.882069490235861,1.0,0.01389927303704852,-0.41421356237309515,0.01389927303704852
case0206,normal_myocardium,0.8212083847102343,0.696652719665272,1.0,0.816426601287159,0.826046511627907,0.8212083847102343,1.0,0.8061759856093539,0.6752887995981919,1.0,0.7803250145095764,0.8337984496124031,0.8061759856093539,1.0,-0.01503239910088039,0.0,-0.01503239910088039
case0206,edema,0.5693877551020409,0.3980028530670471,16.507823325753176,0.5081967213114754,0.6473317865429234,0.5693877551020409,16.507823325753176,0.5591623036649215,0.3880813953488372,25.1704172060838,0.5095419847328244,0.6194895591647331,0.5591623036649215,25.1704172060838,-0.010225451437119393,8.662593880330625,-0.010225451437119393
case0206,scar,0.5447347585114806,0.3743199129488574,6.0,0.6679611650485436,0.4598930481283422,0.5447347585114806,6.0,0.392063492063492,0.2438302073050345,7.21797088479905,0.482421875,0.3302139037433155,0.392063492063492,7.21797088479905,-0.15267126644798856,1.2179708847990502,-0.15267126644798856
case0206,edema_inclusive,0.6723138653588944,0.506380120886501,5.385164807134504,0.7086466165413534,0.6395250212044106,0.6723138653588944,5.385164807134504,0.5706546275395034,0.3992419456727732,7.280109889280518,0.61003861003861,0.536047497879559,0.5706546275395034,7.280109889280518,-0.10165923781939101,1.8949450821460143,-0.10165923781939101
case0206,myocardial_ring,0.85030351620662,0.7395895596732417,1.0,0.8578691934365611,0.8428701180744778,0.85030351620662,1.0,0.8458248930902543,0.732839313572543,1.0,0.8384649709950914,0.8533151680290645,0.8458248930902543,1.0,-0.00447862311636571,0.0,-0.00447862311636571
case0211,normal_myocardium,0.845771144278607,0.7327586206896551,1.4142135623730951,0.8997509339975094,0.7979017117614577,0.845771144278607,1.4142135623730951,0.8401553630116523,0.7243688820195775,1.0,0.9153645833333334,0.7763666482606295,0.8401553630116523,1.0,-0.0056157812669547225,-0.41421356237309515,-0.0056157812669547225
case0211,edema,0.8082622361921868,0.6782215523737755,1.4142135623730951,0.796107916850951,0.8207934336525308,0.8082622361921868,1.4142135623730951,0.814912861239797,0.6876396128071481,1.0,0.7893162393162393,0.8422252621979024,0.814912861239797,1.0,0.006650625047610159,-0.41421356237309515,0.006650625047610159
case0211,scar,0.5006429489927132,0.3339050886220697,5.0,0.4394281414597442,0.5816733067729084,0.5006429489927132,5.0,0.5001825483753195,0.3334956183057448,5.024754878398197,0.3948126801152737,0.6822709163346613,0.5001825483753195,5.024754878398197,-0.0004604006173937192,0.024754878398196567,-0.0004604006173937192
case0211,edema_inclusive,0.8374834241933108,0.7204055766793409,1.7320508075688772,0.7916434540389972,0.8889583984985925,0.8374834241933108,1.7320508075688772,0.8393839383938394,0.7232227488151659,2.23606797749979,0.7489570552147239,0.9546449796684392,0.8393839383938394,2.23606797749979,0.0019005142005286135,0.5040171699309126,0.0019005142005286135
case0211,myocardial_ring,0.8847510780086241,0.7933216168717048,1.0,0.8687451886066204,0.9013578274760384,0.8847510780086241,1.0,0.8931161126283077,0.8068742555725711,1.0,0.845125646052397,0.9468849840255592,0.8931161126283077,1.0,0.008365034619683631,0.0,0.008365034619683631
case0216,normal_myocardium,0.7891459074733096,0.6517266715650257,2.23606797749979,0.8383742911153119,0.7453781512605042,0.7891459074733096,2.23606797749979,0.8072526606227828,0.6768010575016523,2.0,0.7602078693392724,0.8605042016806723,0.8072526606227828,2.0,0.018106753149473187,-0.2360679774997898,0.018106753149473187
case0216,edema,0.688339222614841,0.5247844827586207,2.0,0.9085820895522388,0.5540386803185438,0.688339222614841,2.0,0.7110799438990182,0.5516866158868335,1.4142135623730951,0.926873857404022,0.5767918088737202,0.7110799438990182,1.4142135623730951,0.022740721284177146,-0.5857864376269049,0.022740721284177146
case0216,scar,0.5498981670061099,0.3792134831460674,4.0,0.5051449953227315,0.6033519553072626,0.5498981670061099,4.0,0.6002277904328018,0.4288039056143206,2.8284271247461903,0.6120789779326364,0.5888268156424581,0.6002277904328018,2.8284271247461903,0.050329623426691894,-1.1715728752538097,0.050329623426691894
case0216,edema_inclusive,0.8156259248298313,0.688655672163918,2.23606797749979,0.8585669781931464,0.7767756482525366,0.8156259248298313,2.23606797749979,0.8284098051539912,0.7070815450643777,2.0,0.9360795454545454,0.7429537767756482,0.8284098051539912,2.0,0.01278388032415989,-0.2360679774997898,0.01278388032415989
case0216,myocardial_ring,0.8796872223209525,0.7852157360406091,1.0,0.9294029290274128,0.8350202429149798,0.8796872223209525,1.0,0.8921140059450953,0.805239898989899,1.0,0.9259528130671506,0.8606612685560054,0.8921140059450953,1.0,0.012426783624142734,0.0,0.012426783624142734
case0221,normal_myocardium,0.7731002497324295,0.6301250363477755,1.4142135623730951,0.7761461318051576,0.7700781805259417,0.7731002497324295,1.4142135623730951,0.7711864406779662,0.6275862068965518,1.4142135623730951,0.7122215532811559,0.8407960199004975,0.7711864406779662,1.4142135623730951,-0.0019138090544633668,0.0,-0.0019138090544633668
case0221,edema,0.7143740977521138,0.5556624959897337,2.449489742783178,0.7822944896115628,0.6573055028462998,0.7143740977521138,2.449489742783178,0.6957424714434061,0.5334394904458599,3.741657386773941,0.768348623853211,0.635673624288425,0.6957424714434061,3.741657386773941,-0.01863162630870774,1.292167643990763,-0.01863162630870774
case0221,scar,0.3810365135453474,0.2353583121134958,6.4031242374328485,0.4264996704021094,0.3443320915380521,0.3810365135453474,6.4031242374328485,0.4759986572675394,0.3123348017621145,4.242640687119285,0.6445454545454545,0.3773283661522086,0.4759986572675394,4.242640687119285,0.09496214372219203,-2.1604835503135638,0.09496214372219203
case0221,edema_inclusive,0.7966040024257125,0.6619633138480145,2.0,0.8801929777539533,0.7275143996455472,0.7966040024257125,2.0,0.7872722607133693,0.6491747778247989,1.7320508075688772,0.9353658536585366,0.6796632698272043,0.7872722607133693,1.7320508075688772,-0.009331741712343189,-0.2679491924311228,-0.009331741712343189
case0221,myocardial_ring,0.8594325319471519,0.7535131029244209,1.0,0.912463590372528,0.8122270742358079,0.8594325319471519,1.0,0.8653266331658291,0.7626217891939769,1.0,0.9129051802484096,0.8224617903930131,0.8653266331658291,1.0,0.005894101218677283,0.0,0.005894101218677283
case0226,normal_myocardium,0.8239471106758081,0.7006037892983552,1.4142135623730951,0.8290219265829022,0.8189340472134339,0.8239471106758081,1.4142135623730951,0.8406680482750213,0.7251314405888538,1.4142135623730951,0.8422081094284318,0.8391336091506449,0.8406680482750213,1.4142135623730951,0.016720937599213226,0.0,0.016720937599213226
case0226,edema,0.7719470328592447,0.6285942492012779,2.23606797749979,0.9077277970011534,0.6715017064846417,0.7719470328592447,2.23606797749979,0.77005608388198,0.6260904044409199,2.23606797749979,0.8986909504837791,0.6736348122866894,0.77005608388198,2.23606797749979,-0.001890948977264717,0.0,-0.001890948977264717
case0226,scar,0.443978178766261,0.2853290183387271,3.1622776601683795,0.4748653500897666,0.4168636721828211,0.443978178766261,3.1622776601683795,0.5163002274450341,0.3479816044966786,3.0,0.4974433893352812,0.5366430260047281,0.5163002274450341,3.0,0.07232204867877312,-0.16227766016837952,0.07232204867877312
case0226,edema_inclusive,0.8162823092400557,0.689592050209205,1.7320508075688772,0.9259129213483146,0.7298643786327152,0.8162823092400557,1.7320508075688772,0.8425582430627689,0.727948717948718,1.4142135623730951,0.9081893793985923,0.7857735953501246,0.8425582430627689,1.4142135623730951,0.026275933822713204,-0.31783724519578205,0.026275933822713204
case0226,myocardial_ring,0.8796226673046688,0.7851128737034777,1.0,0.9315187490951208,0.8332038332038332,0.8796226673046688,1.0,0.8886360594297952,0.7995905094544141,1.0,0.9195290858725762,0.8597513597513597,0.8886360594297952,1.0,0.009013392125126418,0.0,0.009013392125126418
case0231,normal_myocardium,0.7671332927571516,0.6222353870458136,2.449489742783178,0.8089858793324776,0.7293981481481482,0.7671332927571516,2.449489742783178,0.7951635846372689,0.6599763872491146,1.7320508075688772,0.814868804664723,0.7763888888888889,0.7951635846372689,1.7320508075688772,0.028030291880117297,-0.7174389352143007,0.028030291880117297
case0231,edema,0.764677341096555,0.6190102120974077,2.321436683613165,0.8687982359426681,0.682842287694974,0.764677341096555,2.321436683613165,0.767962308598351,0.6233269598470363,2.23606797749979,0.8415074858027878,0.7062391681109186,0.767962308598351,2.23606797749979,0.0032849675017959656,-0.08536870611337521,0.0032849675017959656
case0231,scar,0.4777367773677737,0.3138332255979315,4.123105625617661,0.4497452524316813,0.5094438614900315,0.4777367773677737,4.123105625617661,0.5299503008108815,0.3604982206405694,3.0,0.5284298382889933,0.531479538300105,0.5299503008108815,3.0,0.05221352344310776,-1.1231056256176606,0.05221352344310776
case0231,edema_inclusive,0.764871137168682,0.6192642405063291,2.449489742783178,0.7880694689151775,0.742999525391552,0.764871137168682,2.449489742783178,0.7989588497768964,0.6652218782249743,2.0,0.8362740010378827,0.7648315140009492,0.7989588497768964,2.0,0.034087712608214304,-0.4494897427831779,0.034087712608214304
case0231,myocardial_ring,0.8672113156932082,0.7655543595263724,1.0,0.9039145907473308,0.833372392781814,0.8672113156932082,1.0,0.8691226369365003,0.7685383626232319,1.0,0.8998745294855709,0.8404030935083197,0.8691226369365003,1.0,0.0019113212432920745,0.0,0.0019113212432920745
case0236,normal_myocardium,0.8057011795543906,0.6746227709190672,1.7320508075688772,0.8848506657070889,0.7395488721804512,0.8057011795543906,1.7320508075688772,0.830268314742237,0.7097938144329897,1.4142135623730951,0.8322756119673618,0.8282706766917293,0.830268314742237,1.4142135623730951,0.024567135187846367,-0.31783724519578205,0.024567135187846367
case0236,edema,0.8093793103448276,0.6797961075069509,1.0,0.7316708229426434,0.9055555555555556,0.8093793103448276,1.0,0.8317293671624381,0.7119321018472291,1.0,0.7882808181315644,0.8802469135802469,0.8317293671624381,1.0,0.022350056817610486,0.0,0.022350056817610486
case0236,scar,0.5698393077873919,0.3984442523768366,2.23606797749979,0.6002604166666666,0.5423529411764706,0.5698393077873919,2.23606797749979,0.6166525781910397,0.4457684081882065,2.23606797749979,0.6686526122823098,0.572156862745098,0.6166525781910397,2.23606797749979,0.0468132704036478,0.0,0.0468132704036478
case0236,edema_inclusive,0.8187286236584503,0.693091054313099,2.0,0.8055233232768624,0.8323741007194244,0.8187286236584503,2.0,0.8347016297022424,0.7162986330178759,1.0,0.8534201954397395,0.8167865707434053,0.8347016297022424,1.0,0.015973006043792037,-1.0,0.015973006043792037
case0236,myocardial_ring,0.894603305218405,0.8093052109181141,1.0,0.9202878103837472,0.8703135423615744,0.894603305218405,1.0,0.9077391010476512,0.8310643564356436,1.0,0.91986301369863,0.895930620413609,0.9077391010476512,1.0,0.013135795829246177,0.0,0.013135795829246177
case0241,normal_myocardium,0.7852240613645539,0.6463941508806913,3.0,0.7990961380443714,0.7718253968253969,0.7852240613645539,3.0,0.824448349931654,0.7013289036544851,1.4142135623730951,0.8116109188773548,0.8376984126984127,0.824448349931654,1.4142135623730951,0.03922428856710003,-1.5857864376269049,0.03922428856710003
case0241,edema,0.8259375466905723,0.7034868923390175,1.0,0.7816742081447964,0.8755147291732658,0.8259375466905723,1.0,0.830945558739255,0.7107843137254902,1.0,0.7930339666090962,0.8726639214444093,0.830945558739255,1.0,0.005008012048682731,0.0,0.005008012048682731
case0241,scar,0.5089371516432827,0.3413250837844805,4.242640687119285,0.5799386771791503,0.4534246575342466,0.5089371516432827,4.242640687119285,0.5964028776978417,0.424910302409021,3.1622776601683795,0.628030303030303,0.5678082191780822,0.5964028776978417,3.1622776601683795,0.08746572605455905,-1.0803630269509052,0.08746572605455905
case0241,edema_inclusive,0.8332212508406187,0.7141210374639769,2.449489742783178,0.8516927307097439,0.8155339805825242,0.8332212508406187,2.449489742783178,0.8530883438602248,0.743813474467172,2.0,0.850507033038927,0.8556853710712523,0.8530883438602248,2.0,0.019867093019606097,-0.4494897427831779,0.019867093019606097
case0241,myocardial_ring,0.8879525222551928,0.7984843633258619,1.0,0.9064582576032958,0.8701872746306851,0.8879525222551928,1.0,0.8899029574861368,0.8016442918097617,1.0,0.8838783706253586,0.8960102361288822,0.8899029574861368,1.0,0.0019504352309439588,0.0,0.0019504352309439588
case0246,normal_myocardium,0.8264862252295795,0.7042833607907742,1.0,0.8213256484149856,0.8317120622568094,0.8264862252295795,1.0,0.8265379975874547,0.704358552631579,1.0414213562372718,0.820009573958832,0.833171206225681,0.8265379975874547,1.0414213562372718,5.177235787523493e-05,0.041421356237271834,5.177235787523493e-05
case0246,edema,0.8137009189640768,0.6859154929577465,2.0,0.7345399698340875,0.9119850187265918,0.8137009189640768,2.0,0.8201320132013201,0.6951048951048951,2.23606797749979,0.7330383480825958,0.9307116104868914,0.8201320132013201,2.23606797749979,0.006431094237243307,0.2360679774997898,0.006431094237243307
case0246,scar,0.6551532033426184,0.4871582435791218,2.8284271247461903,0.6363636363636364,0.6750861079219288,0.6551532033426184,2.8284271247461903,0.6566499721758486,0.4888152444076222,3.3166247903554,0.6371490280777538,0.677382319173364,0.6566499721758486,3.3166247903554,0.0014967688332302442,0.4881976656092095,0.0014967688332302442
case0246,edema_inclusive,0.8181818181818182,0.6923076923076923,1.4142135623730951,0.7712665406427222,0.8711743772241993,0.8181818181818182,1.4142135623730951,0.8368228647391159,0.7194285714285714,2.0,0.7849127182044888,0.896085409252669,0.8368228647391159,2.0,0.018641046557297702,0.5857864376269049,0.018641046557297702
case0246,myocardial_ring,0.8956521739130435,0.8110236220472441,1.0,0.8702643772144999,0.9225657324472696,0.8956521739130435,1.0,0.898238747553816,0.8152753108348135,1.0,0.8700243704305443,0.9283444091303092,0.898238747553816,1.0,0.002586573640772527,0.0,0.002586573640772527
case0251,normal_myocardium,0.5964639595881096,0.4249723145071982,5.0,0.608402695204122,0.584984756097561,0.5964639595881096,5.0,0.5933689024390244,0.4218369005689515,3.605551275463989,0.5933689024390244,0.5933689024390244,0.5933689024390244,3.605551275463989,-0.003095057149085201,-1.3944487245360109,-0.003095057149085201
case0251,edema,0.7037037037037037,0.5428571428571428,3.0,0.67215411558669,0.7383609080415544,0.7037037037037037,3.0,0.6907496345792441,0.527591706539075,2.23606797749979,0.7552511415525114,0.6363986148518661,0.6907496345792441,2.23606797749979,-0.012954069124459622,-0.7639320225002102,-0.012954069124459622
case0251,scar,0.5623979818964238,0.3912056151940545,3.605551275463989,0.5473714615829001,0.5782728104974062,0.5623979818964238,3.605551275463989,0.5884973142932006,0.4169296454427325,2.8284271247461903,0.5156106519742883,0.6853829722306988,0.5884973142932006,2.8284271247461903,0.026099332396776864,-0.7771241507177988,0.026099332396776864
case0251,edema_inclusive,0.7669974575576151,0.6220566715444992,2.8284271247461903,0.7402247902485357,0.7957794417971409,0.7669974575576151,2.8284271247461903,0.7813556593141201,0.6411679217862333,2.23606797749979,0.7413687748243202,0.8259019741320627,0.7813556593141201,2.23606797749979,0.01435820175650504,-0.5923591472464005,0.01435820175650504
case0251,myocardial_ring,0.7668973471741638,0.6219249836310916,2.0,0.7521493212669683,0.782235294117647,0.7668973471741638,2.0,0.7517826825127334,0.6022850924918389,2.0,0.7243184296619412,0.7814117647058824,0.7517826825127334,2.0,-0.01511466466143041,0.0,-0.01511466466143041
case0256,normal_myocardium,0.5377863412545494,0.3677891654465593,11.74734012447073,0.7719729563614014,0.4126149802890933,0.5377863412545494,11.74734012447073,0.680804785209353,0.516075845012366,2.0,0.7594015365952285,0.6169513797634691,0.680804785209353,2.0,0.14301844395480356,-9.74734012447073,0.14301844395480356
case0256,edema,0.6984126984126984,0.5365853658536586,9.9498743710662,0.5531914893617021,0.9470198675496688,0.6984126984126984,9.9498743710662,0.7507163323782235,0.6009174311926605,6.284519990994813,0.6616161616161617,0.8675496688741722,0.7507163323782235,6.284519990994813,0.052303633965525176,-3.6653543800713866,0.052303633965525176
case0256,scar,0.3985554826001313,0.2488724887248872,9.9498743710662,0.3218451749734888,0.5232758620689655,0.3985554826001313,9.9498743710662,0.4580207216863165,0.2970342910101946,5.4404012678847895,0.3910921293471629,0.5525862068965517,0.4580207216863165,5.4404012678847895,0.05946523908618523,-4.50947310318141,0.05946523908618523
case0256,edema_inclusive,0.6562106147598376,0.4883284701959149,8.18535277187245,0.5240438380675464,0.8775280898876404,0.6562106147598376,8.18535277187245,0.7044045158212753,0.5436917034855179,4.47213595499958,0.612047526941144,0.8295880149812734,0.7044045158212753,4.47213595499958,0.04819390106143773,-3.7132168168728708,0.04819390106143773
case0256,myocardial_ring,0.8728411784625805,0.7743728406188974,1.0,0.8453591341423418,0.9021701085054252,0.8728411784625805,1.0,0.8739623920040658,0.7761396118549722,1.0,0.8468483256730138,0.9028701435071752,0.8739623920040658,1.0,0.0011212135414853108,0.0,0.0011212135414853108
case0261,normal_myocardium,0.8263344100907553,0.7040629095674967,1.4142135623730951,0.7740634005763689,0.8861761794787198,0.8263344100907553,1.4142135623730951,0.8421542759584044,0.7273458445040214,1.0,0.7951348182883939,0.8950841306499505,0.8421542759584044,1.0,0.015819865867649163,-0.41421356237309515,0.015819865867649163
case0261,edema,0.7256637168141593,0.5694444444444444,2.449489742783178,0.709775967413442,0.7422790202342918,0.7256637168141593,2.449489742783178,0.7755532139093783,0.6333907056798623,1.4142135623730951,0.7674661105318039,0.7838125665601704,0.7755532139093783,1.4142135623730951,0.04988949709521895,-1.0352761804100827,0.04988949709521895
case0261,scar,0.6997690531177829,0.5381882770870338,2.0,0.7417380660954712,0.6622950819672131,0.6997690531177829,2.0,0.7213287635117321,0.5641237113402062,2.0,0.6968925114620479,0.7475409836065574,0.7213287635117321,2.0,0.021559710393949216,0.0,0.021559710393949216
case0261,edema_inclusive,0.842711234911792,0.7281771501925546,1.4142135623730951,0.8673547400611621,0.8194293968941856,0.842711234911792,1.4142135623730951,0.860305745914602,0.7548566142460684,1.4142135623730951,0.837782340862423,0.8840736728060672,0.860305745914602,1.4142135623730951,0.017594511002809954,0.0,0.017594511002809954
case0261,myocardial_ring,0.8958438499074541,0.8113380067052728,1.0,0.8747946105816629,0.9179310344827586,0.8958438499074541,1.0,0.9009395088181968,0.8197360527894421,1.0,0.8629617934954216,0.9424137931034484,0.9009395088181968,1.0,0.005095658910742706,0.0,0.005095658910742706
case0266,normal_myocardium,0.7870940352366801,0.6489324466223311,2.23606797749979,0.7799747580984434,0.794344473007712,0.7870940352366801,2.23606797749979,0.7932851844622292,0.6573924296344226,2.0,0.7285765507350305,0.8706083976006855,0.7932851844622292,2.0,0.006191149225549086,-0.2360679774997898,0.006191149225549086
case0266,edema,0.8253865979381443,0.7026878771256171,1.0,0.8394495412844036,0.811787072243346,0.8253865979381443,1.0,0.8101019912578922,0.6808163265306122,1.0,0.8282025819265144,0.7927756653992395,0.8101019912578922,1.0,-0.01528460668025211,0.0,-0.01528460668025211
case0266,scar,0.4958677685950413,0.3296703296703296,3.0,0.506993006993007,0.4852203011712214,0.4958677685950413,3.0,0.4677330391616106,0.3052555795536357,3.1622776601683795,0.4626295690125477,0.4729503625209146,0.4677330391616106,3.1622776601683795,-0.028134729433430705,0.16227766016837952,-0.028134729433430705
case0266,edema_inclusive,0.8416177832664402,0.726545842217484,1.4142135623730951,0.8575922818791947,0.8262275207112548,0.8416177832664402,1.4142135623730951,0.840150974191574,0.7243623570800352,1.4142135623730951,0.8483724763081995,0.8320872903616893,0.840150974191574,1.4142135623730951,-0.0014668090748661822,0.0,-0.0014668090748661822
case0266,myocardial_ring,0.901164402550596,0.8201084899709853,1.0,0.9098670398880336,0.8926266648359192,0.901164402550596,1.0,0.8895886372772344,0.801134306745505,1.0,0.8686379693837498,0.91157490045311,0.8895886372772344,1.0,-0.011575765273361682,0.0,-0.011575765273361682
case0271,normal_myocardium,0.8483126110124334,0.7365823565700185,1.0,0.818368745716244,0.8805309734513275,0.8483126110124334,1.0,0.8527320034692107,0.7432718475960085,1.0,0.8051097281362594,0.9063421828908554,0.8527320034692107,1.0,0.00441939245677736,0.0,0.00441939245677736
case0271,edema,0.7496053047047679,0.5994949494949495,2.0,0.7966442953020134,0.7078115682766846,0.7496053047047679,2.0,0.7377972465581978,0.5845314823996034,2.23606797749979,0.7761685319289006,0.7030411449016101,0.7377972465581978,2.23606797749979,-0.011808058146570155,0.2360679774997898,-0.011808058146570155
case0271,scar,0.3739545997610514,0.2299779573842762,3.935414346693485,0.2966824644549763,0.505654281098546,0.3739545997610514,3.935414346693485,0.3439716312056737,0.2077087794432548,3.0,0.2712022367194781,0.4701130856219709,0.3439716312056737,3.0,-0.029982968555377687,-0.9354143466934852,-0.029982968555377687
case0271,edema_inclusive,0.851063829787234,0.7407407407407407,1.0,0.8094302554027505,0.8972125435540069,0.851063829787234,1.0,0.8351063829787234,0.7168949771689498,1.0,0.7874228395061729,0.8889372822299652,0.8351063829787234,1.0,-0.015957446808510634,0.0,-0.015957446808510634
case0271,myocardial_ring,0.8975265017667845,0.8141025641025641,1.0,0.8601501006772836,0.9382987220447284,0.8975265017667845,1.0,0.8900779123251666,0.8019282814614344,1.0,0.8398582816651904,0.946685303514377,0.8900779123251666,1.0,-0.007448589441617859,0.0,-0.007448589441617859
case0276,normal_myocardium,0.8168046859220359,0.6903379993171731,1.7320508075688772,0.8153225806451613,0.8182921893970052,0.8168046859220359,1.7320508075688772,0.8223815213062525,0.6983429151166723,1.4142135623730951,0.8094864758918071,0.8356940509915014,0.8223815213062525,1.4142135623730951,0.005576835384216605,-0.31783724519578205,0.005576835384216605
case0276,edema,0.775608774401288,0.6334648257725181,1.4142135623730951,0.7939843428100536,0.7580645161290323,0.775608774401288,1.4142135623730951,0.8148596810014133,0.6875638841567291,1.0,0.8369970966403982,0.7938630999213218,0.8148596810014133,1.0,0.03925090660012531,-0.41421356237309515,0.03925090660012531
case0276,scar,0.4551807961106047,0.2946498819826908,4.47213595499958,0.6986940298507462,0.3375394321766561,0.4551807961106047,4.47213595499958,0.5851434700992223,0.413570887035633,4.236663934044182,0.7225165562913908,0.4916629112212708,0.5851434700992223,4.236663934044182,0.1299626739886176,-0.235472020955398,0.1299626739886176
case0276,edema_inclusive,0.7740920096852301,0.631443808018961,2.0,0.9136896256073164,0.6714975845410628,0.7740920096852301,2.0,0.8269983874683253,0.7050274941084054,2.0,0.9155827595001276,0.754043268220962,0.8269983874683253,2.0,0.05290637778309526,0.0,0.05290637778309526
case0276,myocardial_ring,0.8420255847399895,0.7271538763237024,1.0,0.9302558956347216,0.7690818584070797,0.8420255847399895,1.0,0.8794512551079977,0.784839802031779,1.0,0.931087762669963,0.8332411504424779,0.8794512551079977,1.0,0.03742567036800826,0.0,0.03742567036800826
case0281,normal_myocardium,0.7606946209233376,0.6138072453861928,2.23606797749979,0.7616624257845632,0.7597292724196277,0.7606946209233376,2.23606797749979,0.7665236051502146,0.6214335421016005,2.23606797749979,0.7778745644599303,0.7554991539763113,0.7665236051502146,2.23606797749979,0.005828984226876943,0.0,0.005828984226876943
case0281,edema,0.7820770893908895,0.6421400587659157,1.4142135623730951,0.8135566930355204,0.7529428653459661,0.7820770893908895,1.4142135623730951,0.7525977995110025,0.6033321082935196,2.23606797749979,0.8044756615485136,0.7070054550674706,0.7525977995110025,2.23606797749979,-0.029479289879887016,0.8218544151266947,-0.029479289879887016
case0281,scar,0.442234377589922,0.2838901894020004,3.741657386773941,0.4481021162243869,0.4365183246073298,0.442234377589922,3.741657386773941,0.3816615564315958,0.2358354384698665,3.741657386773941,0.3445821249670445,0.4276832460732984,0.3816615564315958,3.741657386773941,-0.060572821158326184,0.0,-0.060572821158326184
case0281,edema_inclusive,0.8513833179059961,0.7412249283667621,1.4142135623730951,0.8783955857385399,0.8259828377569347,0.8513833179059961,1.4142135623730951,0.8566986005918644,0.7493199964903045,1.4142135623730951,0.8613212304589006,0.8521253242865695,0.8566986005918644,1.4142135623730951,0.005315282685868339,0.0,0.005315282685868339
case0281,myocardial_ring,0.8833167825223436,0.7910182303245887,1.0,0.9059582413851638,0.8617794283868884,0.8833167825223436,1.0,0.8866121884782697,0.7963192872270504,1.0,0.8929653591024486,0.8803487808816406,0.8866121884782697,1.0,0.003295405955926145,0.0,0.003295405955926145
case0286,normal_myocardium,0.6201298701298701,0.4494117647058823,4.58257569495584,0.6037934668071654,0.6373748609566184,0.6201298701298701,4.58257569495584,0.5078341013824885,0.3403335392217418,9.661748894836846,0.4335169158143194,0.6129032258064516,0.5078341013824885,9.661748894836846,-0.11229576874738156,5.079173199881006,-0.11229576874738156
case0286,edema,0.7148736037624926,0.5562671546203111,2.0,0.7784891165172856,0.6608695652173913,0.7148736037624926,2.0,0.7081662798058662,0.548186867036916,2.0,0.8479029813036887,0.6079710144927536,0.7081662798058662,2.0,-0.006707323956626432,0.0,-0.006707323956626432
case0286,scar,0.5131972789115646,0.3451683748169838,3.3166247903554,0.4452313503305005,0.6056518946692357,0.5131972789115646,3.3166247903554,0.4083266613290632,0.2565392354124748,3.741657386773941,0.3493150684931507,0.4913294797687861,0.4083266613290632,3.741657386773941,-0.10487061758250144,0.4250325964185411,-0.10487061758250144
case0286,edema_inclusive,0.8133971291866029,0.6854838709677419,1.0,0.8002689979825152,0.826963168867269,0.8133971291866029,1.0,0.767617251944379,0.6228724421495506,1.4142135623730951,0.7812425041976493,0.7544591151262451,0.767617251944379,1.4142135623730951,-0.045779877242223876,0.41421356237309515,-0.045779877242223876
case0286,myocardial_ring,0.8793525315264445,0.784682566341955,1.0,0.8635859519408503,0.8957055214723927,0.8793525315264445,1.0,0.87743993993994,0.7816418659087109,1.0,0.859375,0.8962806748466258,0.87743993993994,1.0,-0.0019125915865045862,0.0,-0.0019125915865045862
case0291,normal_myocardium,0.8310670661442728,0.7109621451104101,1.4142135623730951,0.8364648573416841,0.8257384932447904,0.8310670661442728,1.4142135623730951,0.8141268203187708,0.6865209824018565,1.7320508075688772,0.8153422140560405,0.81291504465308,0.8141268203187708,1.7320508075688772,-0.01694024582550202,0.31783724519578205,-0.01694024582550202
case0291,edema,0.8212187342622125,0.6966676160637995,3.0,0.8213566151779718,0.8210808996307486,0.8212187342622125,3.0,0.7760880964866282,0.6341045415595544,4.58257569495584,0.8096280087527352,0.7452165156092648,0.7760880964866282,4.58257569495584,-0.04513063777558424,1.5825756949558398,-0.04513063777558424
case0291,scar,0.5226935627410264,0.3538152610441767,5.412783037509626,0.4504089979550102,0.6226148409893993,0.5226935627410264,5.412783037509626,0.5395109395109395,0.3694043003172365,4.0,0.4242914979757085,0.7406360424028269,0.5395109395109395,4.0,0.016817376769913128,-1.4127830375096257,0.016817376769913128
case0291,edema_inclusive,0.8458404802744426,0.7328627159576444,2.8284271247461903,0.7995541143088771,0.8978152025489303,0.8458404802744426,2.8284271247461903,0.823443681032688,0.699876128118917,4.123105625617661,0.758825786646201,0.9000910332271279,0.823443681032688,4.123105625617661,-0.02239679924175464,1.2946785008714703,-0.02239679924175464
case0291,myocardial_ring,0.8873708763745418,0.7975441749026655,1.0,0.8641427798810167,0.9118822052277136,0.8873708763745418,1.0,0.8797948382168386,0.7853872381880176,1.0,0.8427765001045369,0.9202145873758704,0.8797948382168386,1.0,-0.0075760381577032465,0.0,-0.0075760381577032465
case0296,normal_myocardium,0.8119453924914676,0.6834243033611032,1.4142135623730951,0.8251821019771072,0.7991266375545851,0.8119453924914676,1.4142135623730951,0.7969204448246364,0.6624004550625711,2.0,0.8120641562064156,0.7823312059119919,0.7969204448246364,2.0,-0.015024947666831157,0.5857864376269049,-0.015024947666831157
case0296,edema,0.8402598994728454,0.724524312896406,1.0,0.8151760228353948,0.8669365039210726,0.8402598994728454,1.0,0.8461630551897522,0.733347167462129,1.0,0.8031818181818182,0.8940045535036681,0.8461630551897522,1.0,0.005903155716906805,0.0,0.005903155716906805
case0296,scar,0.4136340338288057,0.2607431340872375,3.605551275463989,0.5219922380336351,0.3425297113752122,0.4136340338288057,3.605551275463989,0.418705035971223,0.2647861692447679,4.0,0.4812568908489525,0.3705432937181664,0.418705035971223,4.0,0.005071002142417291,0.3944487245360109,0.005071002142417291
case0296,edema_inclusive,0.8514802222406501,0.7413718411552347,1.0,0.8928695652173914,0.8137581233158979,0.8514802222406501,1.0,0.8496366685299049,0.738581146744412,1.4142135623730951,0.8561313163823624,0.8432398161356792,0.8496366685299049,1.4142135623730951,-0.0018435537107451827,0.41421356237309515,-0.0018435537107451827
case0296,myocardial_ring,0.8800714325576204,0.7858281841738091,1.0,0.9133557280203868,0.8491277191471032,0.8800714325576204,1.0,0.881315331010453,0.7878138991629355,1.0,0.891213389121339,0.8716347189317252,0.881315331010453,1.0,0.0012438984528325703,0.0,0.0012438984528325703
case0301,normal_myocardium,0.7994719471947195,0.6659335825819221,1.7320508075688772,0.758137205808713,0.8455738620497067,0.7994719471947195,1.7320508075688772,0.7874967165747307,0.6494800693240901,1.7320508075688772,0.7433672204314407,0.8371963138788048,0.7874967165747307,1.7320508075688772,-0.01197523061998873,0.0,-0.01197523061998873
case0301,edema,0.7545704578547161,0.6058716549753183,2.449489742783178,0.8403603603603603,0.6846741045214327,0.7545704578547161,2.449489742783178,0.7783078880407125,0.6370736787294975,2.8284271247461903,0.8490631505898681,0.7184380504991192,0.7783078880407125,2.8284271247461903,0.02373743018599639,0.3789373819630124,0.02373743018599639
case0301,scar,0.3640023001725129,0.2224956063268892,4.0,0.3834039975772259,0.3464696223316913,0.3640023001725129,4.0,0.4160681032189412,0.2626805508901579,4.123105625617661,0.4047619047619047,0.428024083196497,0.4160681032189412,4.123105625617661,0.05206580304642833,0.12310562561766059,0.05206580304642833
case0301,edema_inclusive,0.8060875867066984,0.6751647589316684,2.0,0.8795752372345232,0.7439327345690808,0.8060875867066984,2.0,0.7984472977008062,0.6645129224652088,2.0,0.8331948483589531,0.7664819415249379,0.7984472977008062,2.0,-0.007640289005892198,0.0,-0.007640289005892198
case0301,myocardial_ring,0.891725658581873,0.8046073298429319,1.0,0.9125890736342044,0.8717948717948718,0.891725658581873,1.0,0.8951927976898251,0.810270602706027,1.0,0.8935232282129535,0.8968686181075561,0.8951927976898251,1.0,0.003467139107952044,0.0,0.003467139107952044
case0306,normal_myocardium,0.7765840220385675,0.634766944381896,3.0,0.7793751727951341,0.7738127916552292,0.7765840220385675,3.0,0.7375754760798885,0.5842531272994849,3.0,0.8458806818181818,0.6538567115015097,0.7375754760798885,3.0,-0.039008545958678975,0.0,-0.039008545958678975
case0306,edema,0.1996672212978369,0.11090573012939,33.66006535941367,0.1226993865030674,0.5357142857142857,0.1996672212978369,33.66006535941367,0.1328125,0.0711297071129707,23.54561759817905,0.0745614035087719,0.6071428571428571,0.1328125,23.54561759817905,-0.0668547212978369,-10.114447761234622,-0.0668547212978369
case0306,scar,0.6572898799313893,0.4895247828308636,2.8284271247461903,0.7241118669690099,0.6017587939698492,0.6572898799313893,2.8284271247461903,0.7058994478349317,0.5454749607006513,5.385164807134504,0.6568415359653867,0.7628768844221105,0.7058994478349317,5.385164807134504,0.04860956790354243,2.5567376823883134,0.04860956790354243
case0306,edema_inclusive,0.7345669413777017,0.5804866060457115,2.449489742783178,0.7534290271132377,0.716626213592233,0.7345669413777017,2.449489742783178,0.7414621806223122,0.5891457286432161,6.164414002968976,0.6357917570498915,0.8892597087378641,0.7414621806223122,6.164414002968976,0.0068952392446104405,3.714924260185798,0.0068952392446104405
case0306,myocardial_ring,0.8937258052735374,0.807870064703552,1.0,0.9061018957345972,0.8816832396598934,0.8937258052735374,1.0,0.8955099199443091,0.8107903693432497,1.0,0.8661459736062483,0.9269347168179852,0.8955099199443091,1.0,0.0017841146707716637,0.0,0.0017841146707716637
case0311,normal_myocardium,0.8360006096631611,0.7182139583606129,2.0,0.9414692756608308,0.7517817982456141,0.8360006096631611,2.0,0.821058992371025,0.6964377242439774,2.23606797749979,0.9145212855460204,0.7449287280701754,0.821058992371025,2.23606797749979,-0.014941617292136167,0.2360679774997898,-0.014941617292136167
case0311,edema,0.7858520900321544,0.6472457627118644,3.0,0.8515679442508711,0.7295522388059702,0.7858520900321544,3.0,0.720894132257063,0.5635922330097087,3.0,0.7509702457956016,0.693134328358209,0.720894132257063,3.0,-0.06495795777509139,0.0,-0.06495795777509139
case0311,scar,0.4543710605645382,0.2939716312056737,16.87596225167694,0.3609055289508054,0.6131656804733728,0.4543710605645382,16.87596225167694,0.3550852439741329,0.215868477483917,9.9498743710662,0.2946341463414634,0.4467455621301775,0.3550852439741329,9.9498743710662,-0.0992858165904053,-6.926087880610739,-0.0992858165904053
case0311,edema_inclusive,0.8075792886817307,0.6772603670972128,9.899494936611664,0.7712405651248306,0.8475116971501488,0.8075792886817307,9.899494936611664,0.8073953677366924,0.6770017035775128,5.830951894845301,0.7728510307273434,0.8451722671203743,0.8073953677366924,5.830951894845301,-0.00018392094503827394,-4.068543041766363,-0.00018392094503827394
case0311,myocardial_ring,0.9119220564568744,0.8381036136872402,1.0,0.9536068407168198,0.8737289548258043,0.9119220564568744,1.0,0.905601524931768,0.827487926529966,1.0,0.942895805142084,0.8711451908651442,0.905601524931768,1.0,-0.006320531525106365,0.0,-0.006320531525106365
case0316,normal_myocardium,0.5888721804511278,0.417306052855925,4.69041575982343,0.6904090267983075,0.513371788148925,0.5888721804511278,4.69041575982343,0.6216530849825378,0.4510135135135135,3.0,0.6984957488554611,0.5600419507079182,0.6216530849825378,3.0,0.03278090453141003,-1.6904157598234297,0.03278090453141003
case0316,edema,0.7755807256671146,0.6334274067105676,2.23606797749979,0.9514837494112104,0.6545690213869086,0.7755807256671146,2.23606797749979,0.8126502681708896,0.684423676012461,1.4142135623730951,0.946574752261956,0.7119248217757616,0.8126502681708896,1.4142135623730951,0.03706954250377503,-0.8218544151266947,0.03706954250377503
case0316,scar,0.3568161024702653,0.2171492204899777,11.357816691600547,0.2809798270893371,0.4887218045112781,0.3568161024702653,11.357816691600547,0.3666817564508827,0.2245011086474501,11.74946442437478,0.2870304748405386,0.5075187969924813,0.3666817564508827,11.74946442437478,0.009865653980617395,0.39164773277423315,0.009865653980617395
case0316,edema_inclusive,0.7564972341091744,0.6083599127077388,8.306623862918075,0.739742804654011,0.7740281930798804,0.7564972341091744,8.306623862918075,0.748295165394402,0.5978207838672955,8.688931625231321,0.714757923391017,0.7851345578812473,0.748295165394402,8.688931625231321,-0.00820206871477236,0.38230776231324626,-0.00820206871477236
case0316,myocardial_ring,0.8808306214163955,0.787039601218499,1.0,0.8997942061104955,0.8626498709971164,0.8808306214163955,1.0,0.8650931302315059,0.7622591362126245,1.0,0.8597122302158273,0.8705418121110943,0.8650931302315059,1.0,-0.01573749118488954,0.0,-0.01573749118488954
case0321,normal_myocardium,0.7566833751044277,0.6086007055266253,2.449489742783178,0.7302963112275751,0.7850487540628386,0.7566833751044277,2.449489742783178,0.7556644213104715,0.6072834645669292,4.242640687119285,0.7142581516496238,0.8021668472372697,0.7556644213104715,4.242640687119285,-0.0010189537939562232,1.7931509443361069,-0.0010189537939562232
case0321,edema,0.7860749973138498,0.6475482386263055,1.4142135623730951,0.911992021939666,0.6907099697885196,0.7860749973138498,1.4142135623730951,0.7880164395414233,0.6501873996073532,1.7320508075688772,0.9222784810126582,0.6878776435045317,0.7880164395414233,1.7320508075688772,0.001941442227573531,0.31783724519578205,0.001941442227573531
case0321,scar,0.1937116010119262,0.1072428971588635,12.36931687685298,0.1480662983425414,0.2800417972831766,0.1937116010119262,12.36931687685298,0.1416195856873823,0.076205918119173,8.07461387956602,0.110718492343934,0.1964472309299895,0.1416195856873823,8.07461387956602,-0.05209201532454388,-4.2947029972869615,-0.05209201532454388
case0321,edema_inclusive,0.7621335100215338,0.6156831259199785,2.23606797749979,0.7904140182099295,0.7358068127298897,0.7621335100215338,2.23606797749979,0.745987732123351,0.5948807290270705,2.0,0.7859419263456091,0.7098992483607868,0.745987732123351,2.0,-0.016145777898182834,-0.2360679774997898,-0.016145777898182834
case0321,myocardial_ring,0.8614318706697459,0.7565922920892495,1.4142135623730951,0.8648673715451679,0.8580235553919764,0.8614318706697459,1.4142135623730951,0.8481496843172497,0.7363367208129952,1.4142135623730951,0.8495983750346229,0.8467059256532941,0.8481496843172497,1.4142135623730951,-0.013282186352496228,0.0,-0.013282186352496228
case0326,normal_myocardium,0.631864815932408,0.4618438464931628,8.602325267042627,0.8047655649500385,0.5201192250372578,0.631864815932408,8.602325267042627,0.6684914841849149,0.5020557332115121,7.874007874011811,0.8619607843137255,0.5459513164431197,0.6684914841849149,7.874007874011811,0.03662666825250693,-0.7283173930308156,0.03662666825250693
case0326,edema,0.6732673267326733,0.5074626865671642,6.259898096754492,0.6242937853107344,0.7305785123966942,0.6732673267326733,6.259898096754492,0.6326393552719947,0.462671905697446,10.488088481701515,0.5328054298642534,0.7785123966942149,0.6326393552719947,10.488088481701515,-0.04062797146067865,4.228190384947023,-0.04062797146067865
case0326,scar,0.0292184075967859,0.0148257968865826,53.807053294899546,0.0152322924600152,0.3571428571428571,0.0292184075967859,53.807053294899546,0.055797733217088,0.0286995515695067,54.092513345194085,0.0293308890925756,0.5714285714285714,0.055797733217088,54.092513345194085,0.026579325620302102,0.2854600502945388,0.026579325620302102
case0326,edema_inclusive,0.4429530201342282,0.2844827586206896,32.214900536896664,0.2939139040079169,0.8986384266263238,0.4429530201342282,32.214900536896664,0.456752655538695,0.295968534906588,34.98928352680385,0.3048101265822784,0.9107413010590016,0.456752655538695,34.98928352680385,0.01379963540446677,2.7743829899071883,0.01379963540446677
case0326,myocardial_ring,0.8205470313542361,0.6957013574660633,1.4142135623730951,0.74051776038531,0.9199700822737472,0.8205470313542361,1.4142135623730951,0.824442943956786,0.7013210798391729,1.4142135623730951,0.7513846153846154,0.913238593866866,0.824442943956786,1.4142135623730951,0.0038959126025498447,0.0,0.0038959126025498447
case0331,normal_myocardium,0.8007596685082873,0.6677224301756407,1.4142135623730951,0.7829169480081026,0.819434628975265,0.8007596685082873,1.4142135623730951,0.7962806424344886,0.6615168539325843,1.7320508075688772,0.7633711507293355,0.8321554770318021,0.7962806424344886,1.7320508075688772,-0.0044790260737986864,0.31783724519578205,-0.0044790260737986864
case0331,edema,0.7817785051827605,0.6417375727720556,1.4142135623730951,0.8601440576230492,0.7165,0.7817785051827605,1.4142135623730951,0.7369778236204229,0.58350347080441,2.0,0.760915867944622,0.7145,0.7369778236204229,2.0,-0.04480068156233763,0.5857864376269049,-0.04480068156233763
case0331,scar,0.3883136094674556,0.2409362092703074,3.5489714113334823,0.3837719298245614,0.3929640718562874,0.3883136094674556,3.5489714113334823,0.3764523625096824,0.2318702290076336,4.123105625617661,0.3900481540930979,0.3637724550898203,0.3764523625096824,4.123105625617661,-0.011861246957773186,0.5741342142841783,-0.011861246957773186
case0331,edema_inclusive,0.7918367346938775,0.6554054054054054,2.23606797749979,0.8312458800263678,0.7559952038369304,0.7918367346938775,2.23606797749979,0.7681114551083591,0.6235234983664237,2.0,0.7941741357234315,0.7437050359712231,0.7681114551083591,2.0,-0.0237252795855184,-0.2360679774997898,-0.0237252795855184
case0331,myocardial_ring,0.8797895083045552,0.7853787433940106,1.0,0.8922615076717811,0.8676613687966267,0.8797895083045552,1.0,0.8704646464646465,0.7706395764773215,1.0,0.867450475116766,0.8734998378203049,0.8704646464646465,1.0,-0.00932486183990866,0.0,-0.00932486183990866
case0336,normal_myocardium,0.6379220779220779,0.4683447749809306,6.708203932499369,0.5869980879541109,0.6985210466439136,0.6379220779220779,6.708203932499369,0.6520484708597807,0.4837328767123288,5.0990195135927845,0.6615925058548009,0.6427758816837316,0.6520484708597807,5.0990195135927845,0.014126392937702792,-1.609184418906585,0.014126392937702792
case0336,edema,0.7419354838709677,0.5897435897435898,8.06225774829855,0.8115134633240483,0.6833463643471462,0.7419354838709677,8.06225774829855,0.7555391432791728,0.6071216617210683,7.681145747868608,0.7158852344296711,0.7998436278342455,0.7555391432791728,7.681145747868608,0.013603659408205071,-0.3811120004299413,0.013603659408205071
case0336,scar,0.4007615421227987,0.2505952380952381,4.0,0.519753086419753,0.3261037955073586,0.4007615421227987,4.0,0.5004625346901017,0.3337446020974707,2.8284271247461903,0.6211251435132032,0.4190549961270333,0.5004625346901017,2.8284271247461903,0.09970099256730303,-1.1715728752538097,0.09970099256730303
case0336,edema_inclusive,0.7215615885124523,0.5644085644085645,2.23606797749979,0.8521462639109698,0.6256809338521401,0.7215615885124523,2.23606797749979,0.7737166324435318,0.6309444072337576,2.0,0.8191304347826087,0.7330739299610894,0.7737166324435318,2.0,0.0521550439310795,-0.2360679774997898,0.0521550439310795
case0336,myocardial_ring,0.8157317455343153,0.6888065625826938,1.0,0.8874872144561882,0.7547115105827776,0.8157317455343153,1.0,0.8390125700439194,0.7226715366553613,1.0,0.8782498414711477,0.8031313424180923,0.8390125700439194,1.0,0.023280824509604114,0.0,0.023280824509604114
case0341,normal_myocardium,0.7590203776406805,0.6116300090388671,2.449489742783178,0.7914230019493177,0.7291666666666666,0.7590203776406805,2.449489742783178,0.7707844905320108,0.6270539906103286,2.23606797749979,0.7739949293734154,0.7676005747126436,0.7707844905320108,2.23606797749979,0.01176411289133028,-0.21342176528338808,0.01176411289133028
case0341,edema,0.8083454633672974,0.6783387622149837,2.449489742783178,0.9509132420091324,0.7029535864978903,0.8083454633672974,2.449489742783178,0.8078541374474053,0.6776470588235294,4.123105625617661,0.9056603773584906,0.7291139240506329,0.8078541374474053,4.123105625617661,-0.0004913259198920938,1.6736158828344827,-0.0004913259198920938
case0341,scar,0.3568677792041078,0.2171875,4.483179928995195,0.282520325203252,0.4843205574912892,0.3568677792041078,4.483179928995195,0.3741935483870968,0.2301587301587301,5.300109234141953,0.270606531881804,0.6062717770034843,0.3741935483870968,5.300109234141953,0.017325769182989004,0.8169293051467577,0.017325769182989004
case0341,edema_inclusive,0.8528169014084507,0.7434008594229589,1.0,0.8852339181286549,0.8226902173913043,0.8528169014084507,1.0,0.8491365265558813,0.7378255945639864,1.0,0.8159048215403882,0.8851902173913043,0.8491365265558813,1.0,-0.0036803748525693347,0.0,-0.0036803748525693347
case0341,myocardial_ring,0.8154841861033093,0.6884536082474226,1.4142135623730951,0.8489702517162472,0.7845394736842105,0.8154841861033093,1.4142135623730951,0.8202925470164848,0.6953355638653809,1.4142135623730951,0.8106929784304727,0.8301221804511278,0.8202925470164848,1.4142135623730951,0.004808360913175491,0.0,0.004808360913175491
case0346,normal_myocardium,0.7515923566878981,0.6020408163265306,1.4142135623730951,0.872996300863132,0.6598322460391426,0.7515923566878981,1.4142135623730951,0.8360037700282752,0.7182186234817813,1.0,0.8455672068636797,0.8266542404473439,0.8360037700282752,1.0,0.08441141334037705,-0.41421356237309515,0.08441141334037705
case0346,edema,0.6906614785992218,0.5274888558692422,6.082762530298219,0.7626208378088077,0.6311111111111111,0.6906614785992218,6.082762530298219,0.7441638875655073,0.5925644916540213,5.385164807134504,0.8018480492813141,0.6942222222222222,0.7441638875655073,5.385164807134504,0.05350240896628555,-0.6975977231637156,0.05350240896628555
case0346,scar,0.3795712484237074,0.2342412451361867,22.02271554554524,0.2680320569902048,0.6501079913606912,0.3795712484237074,22.02271554554524,0.4718792866941015,0.3087971274685817,3.605551275463989,0.3457286432160804,0.7429805615550756,0.4718792866941015,3.605551275463989,0.09230803827039413,-18.41716427008125,0.09230803827039413
case0346,edema_inclusive,0.814936847885777,0.6876737720111215,15.21180761464039,0.7224926971762414,0.9345088161209067,0.814936847885777,15.21180761464039,0.8602755130728141,0.7548100641341885,1.0,0.7770441848654139,0.9634760705289672,0.8602755130728141,1.0,0.04533866518703711,-14.21180761464039,0.04533866518703711
case0346,myocardial_ring,0.8993847267462902,0.8171654061164091,1.0,0.8673647469458988,0.9338594513340848,0.8993847267462902,1.0,0.8966367318189822,0.8126396425151612,1.0,0.8436050364479788,0.956783164223976,0.8966367318189822,1.0,-0.0027479949273080395,0.0,-0.0027479949273080395
case0351,normal_myocardium,0.7745127892813642,0.632003975649149,3.741657386773941,0.8592905405405405,0.7049611973392461,0.7745127892813642,3.741657386773941,0.8155726058539358,0.6885796545105566,2.23606797749979,0.8367346938775511,0.7954545454545454,0.8155726058539358,2.23606797749979,0.04105981657257152,-1.505589409274151,0.04105981657257152
case0351,edema,0.4419475655430712,0.2836538461538461,9.0,0.4682539682539682,0.4184397163120567,0.4419475655430712,9.0,0.384376937383757,0.2379125095932463,8.602325267042627,0.3414096916299559,0.4397163120567376,0.384376937383757,8.602325267042627,-0.057570628159314186,-0.3976747329573733,-0.057570628159314186
case0351,scar,0.5685342671335668,0.3971693167918924,3.741657386773941,0.5126296797474064,0.6381246490735542,0.5685342671335668,3.741657386773941,0.5134029986369832,0.3453545232273838,5.0,0.5573824399868464,0.4758562605277934,0.5134029986369832,5.0,-0.05513126849658356,1.2583426132260591,-0.05513126849658356
case0351,edema_inclusive,0.5862179830671954,0.4146452395391146,3.1622776601683795,0.540086887835703,0.6409655495664401,0.5862179830671954,3.1622776601683795,0.5555014605647517,0.3845635321873947,4.123105625617661,0.5778678146366168,0.5348019685962034,0.5555014605647517,4.123105625617661,-0.03071652250244372,0.9608279654492811,-0.03071652250244372
case0351,myocardial_ring,0.8770196287888904,0.780975029726516,1.0,0.8969410050983249,0.857963946703823,0.8770196287888904,1.0,0.8662300376816795,0.7640262720582417,1.0,0.8932371172171338,0.8408081511800052,0.8662300376816795,1.0,-0.010789591107210894,0.0,-0.010789591107210894
case0356,normal_myocardium,0.7952162232429153,0.6600489138253489,2.0,0.8076042950184826,0.7832024581768522,0.7952162232429153,2.0,0.7612846458424989,0.6145759340815456,3.1622776601683795,0.7855456691483567,0.7384772960054626,0.7612846458424989,3.1622776601683795,-0.03393157740041641,1.1622776601683795,-0.03393157740041641
case0356,edema,0.4347826086956521,0.2777777777777778,5.0990195135927845,0.8571428571428571,0.2912621359223301,0.4347826086956521,5.0990195135927845,0.1563786008230452,0.0848214285714285,35.67209935374455,0.5135135135135135,0.0922330097087378,0.1563786008230452,35.67209935374455,-0.2784040078726069,30.573079840151763,-0.2784040078726069
case0356,scar,0.4052098408104196,0.2540834845735027,8.774964387392123,0.360592401802962,0.4624277456647399,0.4052098408104196,8.774964387392123,0.3692398004109187,0.2264218862491,9.80813873726538,0.2864298724954462,0.5194054500412882,0.3692398004109187,9.80813873726538,-0.03597004039950091,1.0331743498732582,-0.03597004039950091
case0356,edema_inclusive,0.4227985524728588,0.2680688336520076,7.280109889280518,0.4140578854105138,0.4319162045594578,0.4227985524728588,7.280109889280518,0.34266632417159,0.2067575945443273,7.526552553667722,0.2938325991189427,0.4109673444239063,0.34266632417159,7.526552553667722,-0.08013222830126882,0.24644266438720397,-0.08013222830126882
case0356,myocardial_ring,0.8601817569841804,0.7546657217103709,1.0,0.86642256577163,0.8540302098649913,0.8601817569841804,1.0,0.8534539258094115,0.744369498113639,1.0,0.8372122926578373,0.8703381900815399,0.8534539258094115,1.0,-0.006727831174768939,0.0,-0.006727831174768939
case0361,normal_myocardium,0.8655723158828749,0.7630035197497067,1.0,0.8560772268538833,0.8752803947958726,0.8655723158828749,1.0,0.868995633187773,0.7683397683397684,1.0,0.8464483198638877,0.8927770300583221,0.868995633187773,1.0,0.003423317304898088,0.0,0.003423317304898088
case0361,edema,0.6924686192468619,0.5296,5.610894110794845,0.6402321083172147,0.7539863325740319,0.6924686192468619,5.610894110794845,0.706243602865916,0.5458860759493671,2.8284271247461903,0.6412639405204461,0.785876993166287,0.706243602865916,2.8284271247461903,0.01377498361905416,-2.782466986048655,0.01377498361905416
case0361,scar,0.3470394736842105,0.2099502487562189,8.774964387392123,0.5718157181571816,0.2491145218417945,0.3470394736842105,8.774964387392123,0.4025457438345266,0.2519920318725099,10.648877709140448,0.6170731707317073,0.2987012987012987,0.4025457438345266,10.648877709140448,0.05550627015031612,1.8739133217483257,0.05550627015031612
case0361,edema_inclusive,0.5985267034990792,0.4270696452036793,5.920275793944631,0.7336343115124153,0.505443234836703,0.5985267034990792,5.920275793944631,0.6526410026857654,0.4843853820598006,6.236477595784449,0.7689873417721519,0.5668740279937792,0.6526410026857654,6.236477595784449,0.0541142991866862,0.31620180183981805,0.0541142991866862
case0361,myocardial_ring,0.9034680014301036,0.823932181284643,1.0,0.9283614988978692,0.879874651810585,0.9034680014301036,1.0,0.9067930489731436,0.8294797687861272,1.0,0.9143362831858408,0.8993732590529248,0.9067930489731436,1.0,0.0033250475430399717,0.0,0.0033250475430399717
case0366,normal_myocardium,0.5156739811912225,0.3474128827877508,6.730441747687119,0.4354731965585705,0.6320845341018252,0.5156739811912225,6.730441747687119,0.5661870503597123,0.3948820873055695,5.0990195135927845,0.452558941920644,0.7560038424591738,0.5661870503597123,5.0990195135927845,0.050513069168489744,-1.6314222340943347,0.050513069168489744
case0366,edema,0.7938997821350763,0.6582369942196532,1.4142135623730951,0.7267650578380535,0.8746999519923188,0.7938997821350763,1.4142135623730951,0.7820039121930015,0.6420413990007138,1.4142135623730951,0.7144559173947578,0.8636581853096496,0.7820039121930015,1.4142135623730951,-0.01189586994207481,0.0,-0.01189586994207481
case0366,scar,0.4505784453014004,0.2908042965679853,4.58257569495584,0.6690777576853526,0.339657282741738,0.4505784453014004,4.58257569495584,0.414320193081255,0.2612886859462202,5.196152422706632,0.6044600938967136,0.3151774785801713,0.414320193081255,5.196152422706632,-0.03625825222014539,0.6135767277507922,-0.03625825222014539
case0366,edema_inclusive,0.7599033308815804,0.6127774953397729,3.154163777159931,0.8679788766202592,0.6757615398990843,0.7599033308815804,3.154163777159931,0.7567115846652043,0.6086372038312888,3.4641016151377544,0.8578872572240644,0.6768828256400673,0.7567115846652043,3.4641016151377544,-0.003191746216376079,0.30993783797782326,-0.003191746216376079
case0366,myocardial_ring,0.8613803960560112,0.7565128802212197,1.0,0.9156244495332042,0.8132040050062578,0.8613803960560112,1.0,0.8585768639196956,0.7521985815602837,1.0,0.8896158362690824,0.829630788485607,0.8585768639196956,1.0,-0.0028035321363156784,0.0,-0.0028035321363156784
case0371,normal_myocardium,0.6974370605579496,0.5354344419293052,3.741657386773941,0.8068748360010496,0.6141402037147993,0.6974370605579496,3.741657386773941,0.7243398519500608,0.5678156937467521,3.1622776601683795,0.8105835806132542,0.6546834431795486,0.7243398519500608,3.1622776601683795,0.02690279139211116,-0.5793797266055614,0.02690279139211116
case0371,edema,0.7396733909702209,0.586890243902439,3.605551275463989,0.8627450980392157,0.6473308112652375,0.7396733909702209,3.605551275463989,0.7172444844664565,0.5591435591435592,3.741657386773941,0.7721764420746485,0.669609079445145,0.7172444844664565,3.741657386773941,-0.02242890650376439,0.13610611130995176,-0.02242890650376439
case0371,scar,0.444324518798345,0.2856151711378353,13.080509310989228,0.3744693753790176,0.5462184873949579,0.444324518798345,13.080509310989228,0.4887567366660472,0.323413674372848,10.188185618303184,0.421474358974359,0.5816010614772225,0.4887567366660472,10.188185618303184,0.044432217867702184,-2.8923236926860447,0.044432217867702184
case0371,edema_inclusive,0.6872364496554562,0.5235036038859292,3.1622776601683795,0.6572890025575447,0.7200431034482758,0.6872364496554562,3.1622776601683795,0.7134276697546574,0.5545181199556892,2.449489742783178,0.676056338028169,0.7551724137931034,0.7134276697546574,2.449489742783178,0.026191220099201273,-0.7127879173852016,0.026191220099201273
case0371,myocardial_ring,0.8877622566204627,0.7981767044903502,1.0,0.9253429278165056,0.8531149580180367,0.8877622566204627,1.0,0.8925505987072163,0.8059515835805187,1.0,0.9128644196380188,0.8731211775681559,0.8925505987072163,1.0,0.004788342086753605,0.0,0.004788342086753605
case0376,normal_myocardium,0.5779085872576177,0.4063793523252982,4.242640687119285,0.5751206064782909,0.580723729993041,0.5779085872576177,4.242640687119285,0.6122237569060773,0.4411545160487684,4.0,0.6076079506511309,0.6169102296450939,0.6122237569060773,4.0,0.0343151696484596,-0.24264068711928477,0.0343151696484596
case0376,edema,0.539827036868457,0.3697007481296758,2.8284271247461903,0.5400728597449909,0.5395814376706096,0.539827036868457,2.8284271247461903,0.6439393939393939,0.4748603351955307,2.23606797749979,0.5990602975724354,0.6960873521383075,0.6439393939393939,2.23606797749979,0.10411235707093691,-0.5923591472464005,0.10411235707093691
case0376,scar,0.1444082519001086,0.0778232884727911,5.0,0.1440953412784398,0.1447225244831338,0.1444082519001086,5.0,0.2572062084257206,0.1475826972010178,4.236663934044182,0.2621468926553672,0.2524483133841131,0.2572062084257206,4.236663934044182,0.11279795652561203,-0.7633360659558184,0.11279795652561203
case0376,edema_inclusive,0.5313196335726665,0.3617666891436278,3.0,0.5309252845126176,0.5317145688800793,0.5313196335726665,3.0,0.5794258373205742,0.4078814415628157,2.449489742783178,0.5601295097132285,0.6000991080277502,0.5794258373205742,2.449489742783178,0.04810620374790764,-0.5505102572168221,0.04810620374790764
case0376,myocardial_ring,0.7490575649516047,0.5987945919530868,1.4142135623730951,0.7466991671744871,0.7514309076042518,0.7490575649516047,1.4142135623730951,0.7617328519855595,0.6151603498542274,1.4142135623730951,0.7476377952755906,0.776369582992641,0.7617328519855595,1.4142135623730951,0.012675287033954818,0.0,0.012675287033954818
