epoch,global_step,lr_start,lr_next,best_val_dice,best_epoch,bad_epochs,early_stop,epoch_compute_seconds,val/volume_seconds,train/loss,train/ce,train/dice_loss,train/precision/background,train/precision/normal_myocardium,train/precision/edema,train/precision/scar,train/mean_precision,train/recall/background,train/recall/normal_myocardium,train/recall/edema,train/recall/scar,train/mean_recall,train/dice/background,train/dice/normal_myocardium,train/dice/edema,train/dice/scar,train/mean_dice,train/iou/background,train/iou/normal_myocardium,train/iou/edema,train/iou/scar,train/mean_iou,train/pixel_accuracy,train/seconds,train/samples_per_second,train/samples,train/gpu_peak_allocated_mb,train/gpu_peak_reserved_mb,train/grad_norm,train/amp_skipped_steps,train/optimizer_updates,train/amp_scale,val/loss,val/ce,val/dice_loss,val/precision/background,val/precision/normal_myocardium,val/precision/edema,val/precision/scar,val/mean_precision,val/recall/background,val/recall/normal_myocardium,val/recall/edema,val/recall/scar,val/mean_recall,val/dice/background,val/dice/normal_myocardium,val/dice/edema,val/dice/scar,val/mean_dice,val/iou/background,val/iou/normal_myocardium,val/iou/edema,val/iou/scar,val/mean_iou,val/pixel_accuracy,val/seconds,val/samples_per_second,val/samples,val/gpu_peak_allocated_mb,val/gpu_peak_reserved_mb,val/avg_pathology_dice,val/patient_precision/scar,val/precision_defined_cases/scar,val/precision_undefined_cases/scar,val/patient_recall/scar,val/recall_defined_cases/scar,val/recall_undefined_cases/scar,val/patient_dice/scar,val/defined_cases/scar,val/undefined_cases/scar,val/patient_precision/edema,val/precision_defined_cases/edema,val/precision_undefined_cases/edema,val/patient_recall/edema,val/recall_defined_cases/edema,val/recall_undefined_cases/edema,val/patient_dice/edema,val/defined_cases/edema,val/undefined_cases/edema,checkpoint_seconds,epoch_seconds
1,99,0.0003,0.00029729864502385023,0.3079282485452919,1,0,False,37.08442898499993,5.534744710000041,0.5407703458054135,0.5486270675225554,0.5329136258446823,0.9880865690762699,0.37558952985717065,0.2931640457952419,0.05127818901704252,0.2400105882231517,0.9155160477982527,0.821210909928075,0.6663638527379527,0.06692582598255473,0.5181668628828607,0.9504180153823247,0.5154380117520867,0.40718758326671994,0.05806630434451537,0.326897299787774,0.9055205113191112,0.3471987130429016,0.2556406385265544,0.029901280602124544,0.2109135440571935,0.8933040101567451,29.633843952999996,53.249926081231536,1578,3174.5029296875,3256.0,1.231078674395879,0,99,1.0,0.3093282329249503,0.190918225322278,0.4277382373507253,0.9804317836931641,0.6568748160400628,0.58713983593087,0.27383766745468874,0.5059507731418739,0.9887937848649088,0.7566591853302135,0.6121195098830882,0.021558186424029364,0.46344562721244364,0.9845950303292826,0.7032450053369609,0.599369518957403,0.039969711202062705,0.4475280784988089,0.969657486163943,0.5423113913046455,0.42792837016601704,0.02039239466374555,0.33021071871146934,0.9584618582943369,1.8765078589999575,209.96448168886081,394,1181.83447265625,3256.0,0.3079282485452919,0.2750352277158558,60,1,0.024835427867278163,61,0,0.043478430354501885,61,0,0.5883253686840163,60,1,0.627676996037467,61,0,0.5723780667360818,61,0,1.8827644839999493,38.972635655999966
2,198,0.00029729864502385023,0.00029459455997897255,0.48343627485437835,2,0,False,32.23666648599999,5.020639850000066,0.2584814974337023,0.14215855464735866,0.3748044408244023,0.9881249827858807,0.6834658377532781,0.6328593307841327,0.33588417847867946,0.5507364490053633,0.9860673102640584,0.7671092861543211,0.6801797955316378,0.2669232749140089,0.571404118866656,0.9870950741835816,0.7228760265754831,0.6556668747881933,0.2974591784051025,0.5586673599229264,0.974518979052221,0.5660186807371116,0.48772648868924473,0.17471485830598188,0.40948667591077936,0.9609727750712928,25.319565069999953,62.32334543019869,1578,3174.5029296875,3256.0,0.522165941469597,0,99,1.0,0.24044035231401473,0.12818291976215876,0.352697784374208,0.992392669790111,0.6895636767815209,0.6502513824382444,0.28961921925638306,0.5431447594920494,0.9805918535728769,0.7880473711857122,0.6911069760910017,0.38715814506539836,0.6221041641140374,0.9864569701569675,0.7355235242730562,0.6700569818025857,0.3313598994699162,0.5789801351818528,0.9732758660574483,0.5816822522144637,0.50382382751313,0.1985808080272383,0.428028962584944,0.9590681821561707,1.887306155000033,208.76316169275307,394,1181.83447265625,3256.0,0.48343627485437835,0.296546482138185,61,0,0.4311550516434528,61,0,0.32615900531861103,61,0,0.6291159108688381,61,0,0.6868983167123446,61,0,0.6407135443901456,61,0,4.9854129760000205,37.22756168600006
3,297,0.00029459455997897255,0.00029188771420503914,0.48343627485437835,2,1,False,32.06196048600009,4.973506252999982,0.23477241638646532,0.11478017181800194,0.35476466004839413,0.9896166366812837,0.7025711872264432,0.6732790568313985,0.3509181825627212,0.5755894755401877,0.9860975461099784,0.7648677195135063,0.6773292732336841,0.3609696623639206,0.6010555517037036,0.9878539573394611,0.732397129858867,0.6752980921198618,0.35587296167440313,0.5878560612177106,0.9759994266665083,0.5777812176910919,0.509773623864188,0.21645101222642102,0.43466861792723366,0.9624272142224136,25.187779430999967,62.64942903453687,1578,3174.5029296875,3256.0,0.4973532593611515,0,99,1.0,0.2554688216163422,0.11662276512777744,0.39431488392921876,0.9828252754882597,0.6572539736219141,0.8029223093371347,0.4114407609760345,0.6238723479783611,0.9923484489797821,0.8167136239912134,0.47459888354457047,0.19544021092901825,0.4955842394882674,0.9875639045487737,0.7283583106557132,0.5965709746463955,0.2650011215791835,0.529976802293764,0.9754333226420899,0.5727700788350893,0.4250809722964687,0.15273849734150008,0.38352984949101937,0.9632889026312659,1.8913510479999331,208.31669531504863,394,1181.83447265625,3256.0,0.41145060975214953,0.40670998355950877,61,0,0.21916182047149182,61,0,0.25753426370163784,61,0,0.7918529779455493,60,1,0.481563403495427,61,0,0.5653669558026613,61,0,1.5006790050000518,33.568328955000084
4,396,0.00029188771420503914,0.00028917807637756526,0.48535120870651294,4,0,False,32.059661050000045,4.968883864000077,0.22473028789454993,0.10469397951592661,0.3447665948378269,0.9897699076447336,0.7170240400454113,0.6910453234954502,0.36945098172970886,0.5925067817568569,0.9870499604786538,0.7654011918933039,0.6915312067934936,0.3802297118305337,0.6123873701724437,0.9884080628460342,0.7404232510926368,0.6912881797667101,0.3747628597755976,0.6021580968783148,0.9770817921175237,0.5878349626054363,0.5282203225179717,0.23058964781216648,0.4488816443118582,0.9639518940856702,25.198665177000066,62.62236467351891,1578,3174.5029296875,3256.0,0.45761776060769055,0,99,1.0,0.23905506745207733,0.11433038213833939,0.3637797543542639,0.9915770601217346,0.7915139053235307,0.6008631135865984,0.26997314055490473,0.554116719821678,0.9859220184738651,0.5845470607898381,0.7938489625390583,0.3907666856227059,0.5897209029838675,0.9887414534543258,0.6724660292312045,0.6840043439987173,0.31932844112664394,0.558599604785522,0.9777335942739236,0.5065527843643571,0.519761855504218,0.19000050273993263,0.4054383808695026,0.9597471595415609,1.8828323290000526,209.25920695723778,394,1181.83447265625,3256.0,0.48535120870651294,0.27880205969804006,61,0,0.41663979452220756,61,0,0.3083246245969777,61,0,0.5870718248602904,61,0,0.8037097462573184,61,0,0.6623777928160481,61,0,3.004038852000008,35.06892057699997
5,495,0.00028917807637756526,0.0002864656144864499,0.5067038273504225,5,0,False,32.18187337300003,4.880460929000037,0.21733452921735621,0.09769660312828758,0.33697245586356583,0.9902926982639307,0.7264953001882299,0.7048616137940893,0.38153564408305085,0.6042975193551233,0.9875718906175247,0.7739024609316194,0.6987624580794483,0.3988181882006038,0.6238277024038905,0.9889304230299419,0.7494499328648574,0.7017987846321008,0.3899855373602936,0.6137447516190839,0.9781032339965544,0.5992962237663588,0.5405932272473007,0.24222486593126072,0.46070477231497337,0.9651592917013229,25.395143684000004,62.1378646104769,1578,3174.5029296875,3256.0,0.42846390815696334,0,99,1.0,0.22359800686691014,0.10410982926333616,0.3430861830711365,0.9906071724068766,0.7670064912601998,0.7399404264214047,0.3068560939612298,0.6046010038809447,0.9866317193506778,0.719984718972351,0.5965453077274163,0.5116372848058729,0.6093891038352134,0.9886154493391917,0.7427521417205689,0.6605502447216705,0.38362929453857575,0.5956438936602717,0.9774871968266273,0.5907762235022138,0.49315044638192645,0.23733992037987434,0.44042219675467154,0.9622592054647843,1.8969957200000636,207.69683128224813,394,1181.83447265625,3256.0,0.5067038273504225,0.30889830527227985,61,0,0.5594463326233808,61,0,0.3732911353092117,61,0,0.7312978596592308,61,0,0.5980939440279258,61,0,0.6401165193916333,61,0,3.045067675000041,35.23248982300004
6,594,0.0002864656144864499,0.0002837502958135896,0.5125126681465302,6,0,False,32.34597354499999,5.0620783639999445,0.2127848300794836,0.09409282446209771,0.33147683588573085,0.990391472244295,0.7348001053425599,0.7091917403269073,0.3983458331360867,0.6141125596018514,0.9878094891395567,0.7799481653598384,0.7065015378634145,0.4135449552191302,0.6333315528141277,0.9890987956667734,0.7567013016656461,0.707844083036795,0.40580312546646613,0.6234495033896358,0.9784327008682973,0.6086238992121508,0.54780082940792,0.2545501951164,0.4703249745788236,0.9659729390694313,25.37468748799995,62.187958009187646,1578,3174.5029296875,3256.0,0.42072629717865373,0,99,1.0,0.22200685421827482,0.10359441103215145,0.3404193000139924,0.9929863671094111,0.7546932822612875,0.6435461616788475,0.31174723466691356,0.5699955595356828,0.9846382972772658,0.6943603457332506,0.7499912228346733,0.4525564803804994,0.6323026829828078,0.9887947125026112,0.7232708000169121,0.6927033004092275,0.36918106902165204,0.5950517231492639,0.9778377592840312,0.5665029044737857,0.5298745882446323,0.2263777185859474,0.4409184037681218,0.9620731566763167,1.8999408049999147,207.37488187165795,394,1181.83447265625,3256.0,0.5125126681465302,0.3166175817137571,61,0,0.4861413239894493,61,0,0.35815495913883644,61,0,0.6190453615470223,61,0,0.7603201102549756,61,0,0.6668703771542238,61,0,3.1858832670000083,35.53751543999999
7,693,0.0002837502958135896,0.00028103208690951524,0.5227750284810515,7,0,False,32.14655313200001,5.038030574999993,0.21089729168115914,0.09173852048521562,0.33005606387806785,0.9905423822464006,0.7364464180827335,0.7134699024158474,0.39907880133185347,0.6163317072768115,0.9879880741414043,0.7756221227888407,0.7093941464194605,0.42075048678199656,0.6352555853300993,0.9892635793716985,0.7555267749758473,0.7114261869706555,0.4096282051866265,0.6255270557110432,0.978755251301566,0.6071056892053134,0.5521035580399882,0.25756757414997755,0.47225894046509315,0.9661895790631931,25.242780121000123,62.51292418806203,1578,3174.5029296875,3256.0,0.4220987347641377,0,99,1.0,0.2156383884588474,0.09861555532906867,0.33266121754186406,0.9925540691647223,0.7111344102508848,0.6948708167157968,0.359141565424473,0.5883822641303847,0.9852109857633637,0.8194498830046321,0.7034582031387143,0.39918316703717105,0.6406970843935058,0.9888688956947627,0.7614595443694033,0.6991381415960083,0.37810521367395805,0.6129009665464565,0.9779828664001279,0.6148039338623865,0.5374422634343131,0.23312561139089163,0.4617906028958638,0.9648377084490006,1.856302795999909,212.24985538405627,394,1181.83447265625,3256.0,0.5227750284810515,0.35485356053348033,61,0,0.44088148590126625,61,0,0.3649463211608188,61,0,0.6769617111632042,61,0,0.7161282240377862,61,0,0.6806037358012841,61,0,3.2994389609998507,35.451960982999935
8,792,0.00028103208690951524,0.00027831095356899843,0.5227750284810515,7,1,False,32.12293658500016,4.934313814999996,0.20758141371384925,0.08929195571383898,0.32587087090175565,0.9906181254967555,0.7443221117459107,0.7163650498074594,0.4123349038387271,0.6243406884640325,0.988422448356643,0.7799504167773436,0.719847616694583,0.42474937519305833,0.6415158028883283,0.9895190689127366,0.7617198767404787,0.7181021109403544,0.4184500824178991,0.6327573566995773,0.9792555588832614,0.6151434254919683,0.5601866709267525,0.26458227955120905,0.47997079198997666,0.9670125867024121,25.333336675000055,62.28946546773814,1578,3174.5029296875,3256.0,0.40692554429323985,0,99,1.0,0.2228484443450337,0.09741412114522179,0.348282762287837,0.9895695222456324,0.6786455410642392,0.8008960996085459,0.3866308981331765,0.6220575129353206,0.9888061043265284,0.8604937682059118,0.5961942211143489,0.326350617794551,0.594346202371604,0.9891876659917771,0.7588270345501366,0.683548685746488,0.3539425066301843,0.5987727423089363,0.9786066440931755,0.6113789581898438,0.5192358261528959,0.21502438891462516,0.44854639108578825,0.9660568624583598,1.8460151889998997,213.43269673390614,394,1181.83447265625,3256.0,0.5033942073805655,0.37941248678766654,61,0,0.37155066838402656,61,0,0.34535017735111684,61,0,0.7872274449261805,61,0,0.5998458621395552,61,0,0.6614382374100141,61,0,1.5172577750001892,33.64560210700006
9,891,0.00027831095356899843,0.0002755868608055698,0.5227750284810515,7,2,False,32.121668623999994,4.945276188999969,0.205725633599459,0.0879325741484138,0.3235186917851331,0.9908244829516021,0.7416265937872971,0.7243737880356336,0.4167483091558955,0.6275828969929421,0.9883671706629364,0.7836817304955568,0.722157418510847,0.43292413299361987,0.6462544273333412,0.9895943013401239,0.7620743991861628,0.7232639053168298,0.42468224569327584,0.6366735167320895,0.9794029295882289,0.6156059771969816,0.56649444495913,0.2695851326072134,0.48389518492110833,0.9672588933405616,25.254960541999935,62.482774319751066,1578,3174.5029296875,3256.0,0.41305317932909186,0,99,1.0,0.22916380130700048,0.09706786781700734,0.36125973547775736,0.9860445111294366,0.685028535067311,0.8066551580451218,0.4320953627781989,0.6412596852968773,0.9923233106189098,0.822534740461296,0.5709089632412316,0.2593599751848214,0.5509345596291164,0.9891739472762529,0.7475106052879973,0.6686101254476603,0.32415178946416223,0.5800908400666066,0.9785797908659446,0.596819907972059,0.5021895826513406,0.19342550681276652,0.4308116658120554,0.9665367784838991,1.9096272669999053,206.3229860657512,394,1181.83447265625,3256.0,0.4764182808279457,0.4074212605873749,61,0,0.289979693659907,61,0,0.3060506559036235,61,0,0.797395163366909,61,0,0.5752082921555364,61,0,0.6467859057522678,61,0,1.4936005619999833,33.621043676
10,990,0.0002755868608055698,0.00027285977282488864,0.5342760671822984,10,0,False,32.04612014200006,4.952399244999924,0.2031481923070395,0.08582635944371592,0.3204700267662416,0.9909959845929156,0.7519047653634126,0.7319164345505788,0.41659533904396656,0.6334721796526527,0.988663861646616,0.7856549274663894,0.7271158140303893,0.44077597201258967,0.6511822378364561,0.9898285494500804,0.7684094304085212,0.7295082266043975,0.4283446696548164,0.6420874422225783,0.9798619322603455,0.6239162992806969,0.5741935854135162,0.27254364324316505,0.49021784264579277,0.967832074570263,25.249804261999998,62.49553397032984,1578,3174.5029296875,3256.0,0.39934515591823694,0,99,1.0,0.20864348476610814,0.09140534521208196,0.32588162624896483,0.9918408418136079,0.7410879233664044,0.6673584436232122,0.3908335789209426,0.5997599819701863,0.987366891546785,0.7758225490664247,0.7722220271741038,0.370232125316652,0.6394255671857269,0.9895988100530793,0.7580575547960385,0.7159709382568162,0.38025401949748316,0.6180941708501125,0.9794117622773838,0.6103805838373971,0.5575971444795976,0.23476151450581872,0.46757974760760446,0.9665118377220813,1.833725104999985,214.86317601568925,394,1181.83447265625,3256.0,0.5342760671822984,0.3979951160963228,61,0,0.4050272267141851,61,0,0.3727458022683098,61,0,0.6444817882068501,61,0,0.7882763627817074,61,0,0.6958063320962868,61,0,3.031305513999996,35.08317044099999
11,1089,0.00027285977282488864,0.00027012965299689866,0.5342760671822984,10,1,False,32.274177722000104,4.976733527999841,0.2022441529842384,0.0854870230526072,0.31900128204710737,0.9908643076286946,0.7535477640040099,0.7276820260288428,0.42757907646034654,0.6362696221643999,0.9887666680644515,0.779755037394622,0.7329279437226685,0.4471200537306028,0.6532676782826311,0.9898143765051676,0.7664274328118433,0.7302955642730553,0.4371312901598443,0.6446180957482477,0.9798341547178344,0.6213071311717491,0.5751697353525733,0.27969802415748185,0.4920582968939347,0.9679770427360583,25.380672946000004,62.17329238501113,1578,3174.5029296875,3256.0,0.41409526870708274,0,99,1.0,0.2185333467225738,0.0921598826984161,0.3449068072483624,0.9881453458282473,0.6910645654220754,0.8122852475637921,0.45010155096011817,0.6511504546486618,0.9910870359974668,0.8552027123824077,0.6075413404486887,0.3024660083751228,0.5884033537354064,0.9896140048277032,0.7644219072131945,0.6951509040585218,0.3618025193714558,0.6071251102143906,0.9794415298273693,0.6186755104155871,0.5327442891447571,0.22085403234330409,0.4574246106345495,0.9679001551594226,1.9075135099999443,206.5516170315415,394,1181.83447265625,3256.0,0.5112128990298497,0.4485304400204842,61,0,0.3496319733413435,61,0,0.3538933525735433,61,0,0.7923390434365963,61,0,0.6105132771014771,61,0,0.6685324454861561,61,0,1.5060496869998587,33.78641384299999
12,1188,0.00027012965299689866,0.00026739646382669996,0.5342760671822984,10,2,False,32.04044086099998,4.93973092300007,0.19944656446708323,0.08374073344114011,0.3151523949453284,0.9910233314750252,0.7570530033184157,0.7396130999720274,0.4302112478703955,0.6422924503869462,0.9889851814777502,0.7864171746701193,0.7349918786632316,0.4526751571488081,0.6580280701607196,0.9900032074770061,0.7714557656320579,0.7372952481626441,0.44115741986689716,0.6499694778871997,0.9802043083760261,0.6279430109644804,0.5839015392076486,0.2830031880635623,0.4982825794118971,0.9685203252485345,25.242180958000063,62.51440803097012,1578,3174.5029296875,3256.0,0.40033901987051723,0,99,1.0,0.2284382658864036,0.10457311116801905,0.35230341583944214,0.9916561726547808,0.8039390916396486,0.6857936017745545,0.2840480977045257,0.5912602637062429,0.9863864954727644,0.5541616923738122,0.7250781167714075,0.5449206431267125,0.6080534840906441,0.9890143146253019,0.6560812759004744,0.7048889374308845,0.37343669177407585,0.5781356350351449,0.9782673770091482,0.4881852333295472,0.5442691038655746,0.2295863246671778,0.42068022062076654,0.9599860331733819,1.848412948000032,213.1558321025098,394,1181.83447265625,3256.0,0.5239808779649623,0.29545513600403867,61,0,0.5722317776450156,61,0,0.36373908124694715,61,0,0.673454389669125,61,0,0.7307001007827933,61,0,0.6842226746829775,61,0,1.5152749189999213,33.56097448499986
13,1287,0.00026739646382669996,0.0002646601669240631,0.5347712327864254,13,0,False,32.12534708099997,4.92643196999984,0.19714612716806554,0.08176056170040513,0.31253169414661686,0.9913160000327855,0.7617911552397442,0.7427291921770725,0.43883157054699506,0.6477839726546039,0.9892256826066983,0.7864923058238916,0.7395199843010991,0.46710754167719715,0.664373277267396,0.9902697382308798,0.7739446907598625,0.741121114121726,0.45252828443469106,0.6558646964387598,0.9807270077217017,0.6312477788946764,0.5887151833551268,0.29243073064464853,0.5041312309648173,0.9690817867999445,25.332368868999993,62.29184519459006,1578,3174.5029296875,3256.0,0.3830658793449402,0,99,1.0,0.20890337977615106,0.08690997941164195,0.33089678012175006,0.9890542411014717,0.7264011276580661,0.7764291793011707,0.4354648573599141,0.6460983881063836,0.9909270494756238,0.8317797621890072,0.6598462240634765,0.3437522618001344,0.6117927493508727,0.9899897595702778,0.7755271049134126,0.7134061629328211,0.38421134744396485,0.6243815384300662,0.980177942699941,0.6333558774762196,0.554492134486706,0.23778564531702606,0.47521121909331726,0.9687639420407678,1.8565872530000433,212.2173355242738,394,1181.83447265625,3256.0,0.5347712327864254,0.42876069271738043,61,0,0.39085771503070665,61,0,0.37615914072707174,61,0,0.7529668523772685,61,0,0.6684470705342426,61,0,0.693383324845779,61,0,3.0021709169998303,35.13365597899997
14,1386,0.0002646601669240631,0.00026192072297150575,0.5347712327864254,13,1,False,32.018578813999966,4.954191948000016,0.19613190915043666,0.08103121361956095,0.31123260604111413,0.9913238100674826,0.7637510355570838,0.7393372757007141,0.4471798640455631,0.6500893917677869,0.9891974969062574,0.7895527825849349,0.7400034881059222,0.47277841744128357,0.667444896044047,0.990259512068284,0.7764376141784346,0.7396702318909005,0.45962299093253495,0.65857694566729,0.9807069478779289,0.6345713329991693,0.5868862662830253,0.2983834400454911,0.5066136797758952,0.9692526310871158,25.18040370199992,62.66778001953437,1578,3174.5029296875,3256.0,0.40079394163507404,0,99,1.0,0.21546328521622013,0.09018073125085249,0.3407458374040381,0.9867017203194856,0.7307447513426798,0.7991517054072167,0.4472418457838569,0.6590461008445845,0.9931432207334542,0.8004727567928943,0.6363585296492644,0.30765651656930154,0.5814959343371534,0.9899119916938293,0.7640211302592057,0.7085243863825595,0.36454409017121503,0.6123632022709934,0.9800254864462999,0.6181506407301558,0.548616155746041,0.22290059180462957,0.46322246276027546,0.9687515491156409,1.873823560000119,210.26526104729678,394,1181.83447265625,3256.0,0.5130337962690186,0.4218407258008936,61,0,0.3300047515531075,61,0,0.34047259077189945,61,0,0.7817258801853822,61,0,0.6407952315152049,61,0,0.6855950017661376,61,0,1.496488662000047,33.520703409999896
15,1485,0.00026192072297150575,0.0002591780916908457,0.5347712327864254,13,2,False,32.14250945599997,4.975083125000083,0.19532987277090777,0.08093467403878428,0.30972507282506073,0.9912566521244464,0.7649623159556159,0.7448328087222298,0.45209084123162385,0.6539619886364899,0.989149957377383,0.7933734269131317,0.7416861996911056,0.4776464145803788,0.6709020137282055,0.9902021842328513,0.7789088799976651,0.7432561738932514,0.4645174064587048,0.6622274867832071,0.9805944999797703,0.6378794073911337,0.5914142233710236,0.3025220920201933,0.5106052409274503,0.9694422345953145,25.286871239999982,62.40392435359279,1578,3174.5029296875,3256.0,0.39294397529929576,0,99,1.0,0.3292219832463918,0.22701007717757055,0.4314338929459528,0.9880163742644908,0.3394529786436868,0.6048359757491663,0.3146648536428424,0.41965126934523184,0.9373860033602164,0.8869203953965904,0.538693255626163,0.2679832497544331,0.5645323002590622,0.9620355008274175,0.4909887582528699,0.5698517396084024,0.28945399314280607,0.4500981636680262,0.9268481740891021,0.32537117330180004,0.3984564086050546,0.16921730955054712,0.2976816304858006,0.9169238715002379,1.8709134540001742,210.59231743595305,394,1181.83447265625,3256.0,0.40145572223890613,0.2869327185748139,61,0,0.2991062743469438,61,0,0.26778854465928115,61,0,0.5580703831917532,61,0,0.5433409054127293,61,0,0.5351228998185311,61,0,1.5202866769998309,33.66875677100006
16,1584,0.0002591780916908457,0.0002564322318081403,0.5375128804957998,16,0,False,32.54878815800021,5.079587339999989,0.19341058343535594,0.0795946074189342,0.30722655901739654,0.9913656836839018,0.7682406752695775,0.7501125141328728,0.45296287857543466,0.6571053559926284,0.9893309454190163,0.7916988732034446,0.7449485543808266,0.48379239097624727,0.6734799395201728,0.9903472694242684,0.7797933933469942,0.7475216160658532,0.4678703203972804,0.665061776603376,0.9808791076705606,0.6390666868178551,0.5968339459223407,0.30537253251212976,0.5137577217507752,0.9697295020892744,25.546621137999864,61.76942114872367,1578,3174.5029296875,3256.0,0.386954981570292,0,99,1.0,0.2137637447735985,0.09493016670954409,0.33259732196778813,0.992241373829765,0.7943958614859837,0.7064244726528538,0.30626568601196963,0.6023620067169357,0.9873620636496638,0.6372427295735639,0.7416774918372362,0.5084836891898878,0.629134636866896,0.989795705498026,0.7071938271245095,0.7236218773228471,0.3822797798575915,0.6043651614349826,0.9797975626167681,0.547022316231328,0.5669337827610823,0.23630772187785307,0.45008794029008775,0.9634092689165609,1.9123252009999305,206.03190283429953,394,1181.83447265625,3256.0,0.5375128804957998,0.3194952327235561,61,0,0.5349647034604398,61,0,0.3727308000754431,61,0,0.6860750217160841,61,0,0.7505766224871964,61,0,0.7022949609161565,61,0,3.0488722809998308,35.603117453000095
17,1683,0.0002564322318081403,0.00025368310101691254,0.5375128804957998,16,1,False,32.21032018599999,4.94269758900009,0.19119902944761236,0.07825583064661884,0.3041422283241504,0.9914921400903749,0.7726426875558385,0.7524386080868094,0.46194972230986997,0.6623436726508393,0.9895988257902653,0.7920307133776493,0.7528104176204283,0.48993140955585873,0.6782575135179788,0.9905445782269322,0.7822165809756594,0.7526244669335329,0.4755292883085261,0.6701234454059062,0.9812662915684582,0.6423281584851541,0.6033663856491795,0.3119307472827099,0.5192084304723479,0.9702577772249287,25.380322818999957,62.17415007892232,1578,3174.5029296875,3256.0,0.3994322560652338,0,99,1.0,0.20907428255541072,0.08875369159552046,0.3293948656108779,0.9886012994644772,0.7322190166931878,0.7762490347330051,0.43352923295166684,0.6473324281259533,0.991442635592323,0.810825653025166,0.6564336621844609,0.35390580571783076,0.6070550403091525,0.9900199288890426,0.7695201234531532,0.7113312636961285,0.38969186016724827,0.6235144157721767,0.9802370929953508,0.6253821278351123,0.5519892301696957,0.24199831729579535,0.4731232251002011,0.9686407873473192,1.877914445999977,209.8072150407244,394,1181.83447265625,3256.0,0.5344813461034709,0.42582285495986605,61,0,0.400400595386849,61,0,0.3804336423326989,61,0,0.7510972941660645,61,0,0.6615464148600416,61,0,0.6885290498742429,61,0,1.4775928659998954,33.69394546600006
18,1782,0.00025368310101691254,0.00025093065593956017,0.5401103450301223,18,0,False,32.220285345999855,4.897018372000048,0.19158998822984585,0.078151496814231,0.3050284798909805,0.9914947334514709,0.7716945579419412,0.7537342734991225,0.46223229341394223,0.662553708285002,0.9896759641710149,0.7936482035246437,0.749760656899167,0.48883688275216475,0.6774152477253251,0.9905845139710903,0.7825174328037287,0.7517422142240453,0.47516247836086234,0.6698073751295454,0.9813446768764154,0.6427339938064003,0.6022331467027379,0.3116151534952276,0.5188607646681219,0.9702962239583334,25.470082653999953,61.9550404070708,1578,3174.5029296875,3256.0,0.3951932628347416,0,99,1.0,0.2123179015925693,0.09242686738973947,0.33220893628706183,0.9907422738204036,0.7788778187824742,0.7745684013971207,0.3349243147415792,0.6294568449737247,0.9891940008883331,0.711541951196218,0.6524453182600147,0.5078839890399628,0.6239570861653986,0.9899675319942103,0.7436887970532746,0.7082812452358448,0.4036569080636877,0.6185423167842691,0.9801343653326356,0.5919622425629291,0.5483246586174746,0.25286350415690717,0.46438346844577033,0.9655465837662596,1.8429318610001246,213.78978156370013,394,1181.83447265625,3256.0,0.5401103450301223,0.34860070502378665,61,0,0.5699777623643616,61,0,0.39913306206974464,61,0,0.755717247484713,61,0,0.6493497879192895,61,0,0.6810876279905,61,0,3.044176175999837,35.27030785199986
19,1881,0.00025093065593956017,0.0002481748520868328,0.5401103450301223,18,1,False,32.25093742800004,4.996630642000127,0.19065501579615854,0.07791066987508452,0.3033993624160196,0.9915016779249373,0.7724891684068176,0.7554726032640593,0.46067376082042233,0.662878510830433,0.9895864939171477,0.7941751699604543,0.7530691705744804,0.48879232275864004,0.678678887764525,0.9905431601849153,0.7831820787488608,0.7542689723257221,0.47431667434937314,0.6705892418079853,0.9812635083698733,0.6436312821096426,0.6054830100313928,0.31088802399220106,0.5200007720444121,0.9702990861899953,25.368869165999968,62.20222074836814,1578,3174.5029296875,3256.0,0.3969157323090717,0,99,1.0,0.2078187206977515,0.08755023138323412,0.32808720868856167,0.9896276205164386,0.7349782455416258,0.8003564753928151,0.40465081833666594,0.6466618464237023,0.9905909279484634,0.8163554749056874,0.6495242776392937,0.3954712299022902,0.6204503274824238,0.9901090399246748,0.7735324859843532,0.7170947823761294,0.40000836662553074,0.6302118783286711,0.9804118256993064,0.630699531088016,0.5589616228268949,0.25000653646037596,0.4798892301250956,0.9684979588852316,1.8753551059999154,210.0935437451054,394,1181.83447265625,3256.0,0.5379373068433435,0.391543911007801,61,0,0.4454345658636494,61,0,0.3874195333358125,61,0,0.783912875467973,61,0,0.6456551893948622,61,0,0.6884550803508745,61,0,1.5089382759999808,33.76581813100006
20,1980,0.0002481748520868328,0.0002454156438152575,0.5401103450301223,18,2,False,32.19414368900016,4.994283128000006,0.18809330824134618,0.07623949609177497,0.2999471197487888,0.9915545157418924,0.7762606591720516,0.7647956752794576,0.47671825683034796,0.6725915304272857,0.9897303792770487,0.7987779190466251,0.7582373460266706,0.5058392623104287,0.6876181757945748,0.9906416077832275,0.787358332101913,0.7615023902492428,0.4908472158980584,0.6799026460830714,0.9814567505676167,0.6492918336433778,0.6148597980762289,0.32524686769215955,0.5297994998039222,0.9709667210645397,25.312638905999847,62.34039863879886,1578,3174.5029296875,3256.0,0.3923288249608242,0,99,1.0,0.24292206839861605,0.11925409673736785,0.3665900399842238,0.9888105668298806,0.5777597136627723,0.7327898398153919,0.42788645953202914,0.5794786710033978,0.980554395750385,0.8756697387899336,0.6109609240599656,0.2768133174791914,0.5878146601096969,0.9846651751122051,0.6961833568084921,0.6663526744858378,0.33615640087140497,0.5662308107219115,0.9697935606818381,0.5339580227357436,0.49964684196321413,0.2020360573839153,0.41188030736095765,0.9584544225392608,1.8776903689999926,209.83225269980684,394,1181.83447265625,3256.0,0.4746115971471427,0.41409940606565326,60,1,0.3059840432388732,61,0,0.3130047522128686,61,0,0.6979145681285664,61,0,0.6102046749059947,61,0,0.6362184420814168,61,0,1.5282095449999815,33.72752602700007
21,2079,0.0002454156438152575,0.00024265298428237982,0.5486503350197305,21,0,False,32.34934056299994,5.018362891999914,0.18639594373140952,0.07531631643516784,0.2974755713770447,0.9916622778336546,0.7810009575107689,0.7619753122240215,0.48393982878035996,0.6756386995050501,0.9899471610338345,0.7985830100347986,0.7634247819767442,0.5097725852834436,0.6905934590983289,0.990803977202309,0.7896941325102649,0.7626993584408724,0.49652043015163794,0.6829713070342583,0.9817755468908849,0.6524748443533118,0.6164220180794475,0.33024754051145233,0.5330481343147372,0.9713359876277329,25.429136564999908,62.05480064045602,1578,3174.5029296875,3256.0,0.3937786375031327,0,99,1.0,0.20722764057253823,0.08804510872300506,0.3264101711929147,0.9904674459821939,0.771218918035709,0.7400820296903924,0.37254020015742717,0.6279470492945095,0.9893478276793664,0.7438040208204002,0.7158656040445178,0.44531871995036965,0.6349961149384292,0.9899073202494403,0.7572634281047023,0.7277724238854981,0.4056913019724572,0.6302423846542192,0.9800163292876212,0.6093515272909364,0.5720457861070587,0.25446220200289504,0.4786198384669634,0.9671980959509835,1.8924492220000957,208.19581070903897,394,1181.83447265625,3256.0,0.5486503350197305,0.37726507374168755,61,0,0.4906297623427594,61,0,0.39491617691048353,61,0,0.7203129965298932,61,0,0.7164025111091117,61,0,0.7023844931289775,61,0,3.148114564000025,35.503301387999954
22,2178,0.00024265298428237982,0.00023988682539968076,0.5573734338351649,22,0,False,32.32808526000008,4.956037632000061,0.1864392327378458,0.07513860438410924,0.29773986018504783,0.9915789807233697,0.7779600030580964,0.7673349872642412,0.48690701079911697,0.677400667040485,0.9900104477086453,0.7980610623678112,0.7575600103931406,0.5150296334252871,0.6902169020620796,0.9907940934275175,0.7878823451543493,0.7624161687459713,0.5005736455086798,0.6836240531363336,0.9817561381428135,0.650004842355569,0.6160521408666306,0.3338434355307161,0.5333001395843052,0.9713410932301568,25.460522270999945,61.97830441983408,1578,3174.5029296875,3256.0,0.4078692736649754,0,99,1.0,0.2061120132504381,0.0866777226896153,0.3255463024686436,0.9899353416502739,0.7683897158322057,0.7940388869484224,0.3876461096139512,0.6500249041315265,0.9904274453631877,0.7456950479919775,0.6704349963135906,0.4893243033655586,0.6351514492237088,0.990181332364887,0.7568722963393798,0.7270207606001652,0.4325907915063209,0.6388279494819553,0.9805536024440759,0.6088451686102956,0.5711175312984131,0.2759909723396686,0.48531789074945914,0.9679210682205742,1.902074956000206,207.14220475754865,394,1181.83447265625,3256.0,0.5573734338351649,0.3823797652681398,61,0,0.5296362458657903,61,0,0.4168923439783964,61,0,0.7780483842097418,61,0,0.6675314461777963,61,0,0.6978545236919335,61,0,3.1445237299999462,35.47851928099999
23,2277,0.00023988682539968076,0.00023711711778301664,0.5573734338351649,22,1,False,31.96357689499996,4.92788173599979,0.18357770567988865,0.07370136752819079,0.293454042367911,0.9917850232892629,0.7839427886118998,0.7673239528760133,0.4925278874513747,0.681264876313096,0.9901128865661357,0.8053318087065633,0.7672389044142497,0.5145357814649485,0.6957021648619204,0.9909482495328333,0.7944933681574222,0.7672814262883558,0.5032913593949345,0.6883553846135708,0.9820588974490637,0.6590535026282393,0.6224303280984207,0.33626541982912045,0.5392497501852601,0.9718557921048202,25.163917343999856,62.708837357402224,1578,3174.5029296875,3256.0,0.38547370138794484,0,99,1.0,0.21332750435407996,0.08844118901920803,0.33821381893254776,0.9894301320107383,0.7005876552948136,0.7667147185112665,0.48470558703291977,0.6506693202796666,0.9909944735561091,0.8482593954443436,0.6983744689814977,0.2795119681538541,0.6087152775265651,0.9902116849450915,0.767383791256264,0.7309507011200282,0.35456137244486413,0.6176319549403855,0.9806131346362902,0.6225650659245915,0.5759829044979934,0.21548137165813763,0.47134311402690754,0.9692488152363579,1.8621736049999527,211.58070275623416,394,1181.83447265625,3256.0,0.5158671117198019,0.431875748990748,61,0,0.3140084380828454,61,0,0.3348324314540118,61,0,0.7523564255663315,61,0,0.6898933193125699,61,0,0.696901791985592,61,0,1.5261355840000306,33.49569581700007
24,2376,0.00023711711778301664,0.0002343438107004182,0.5573734338351649,22,2,False,32.22440892999998,5.050803414000029,0.18436054377350367,0.07411608605141573,0.2946050002396636,0.991716709794854,0.7837163343696746,0.7676456478476824,0.49159421831104494,0.6809854001761341,0.9900697748437064,0.8016617057530996,0.7646274348776406,0.5192771253516314,0.6951887553274573,0.9908925579885629,0.7925874555304238,0.7661335687823705,0.5050566209525977,0.6879258817551307,0.9819495097701719,0.6564346702879523,0.6209209922554735,0.3378433110118368,0.5383996578517543,0.9717288095839275,25.27876815400009,62.4239278744403,1578,3174.5029296875,3256.0,0.3956596122847663,0,99,1.0,0.20381966868632942,0.08450928553560663,0.3231300519505128,0.9907216144390876,0.7513284458534476,0.6990874836592931,0.4392928443837344,0.6299029246321584,0.9897795082736839,0.7967289050188625,0.7660288593195942,0.3458201933516001,0.6361926525633522,0.9902503372807675,0.7733629372801142,0.7310288909661705,0.38699226501437656,0.6304613644202205,0.9806889507782021,0.6304741319044254,0.576080011406061,0.23991965854883254,0.4821579339531063,0.9689326407340577,1.8854555850000452,208.9680622203522,394,1181.83447265625,3256.0,0.5384733538075344,0.4312590251210755,61,0,0.37533942529566666,61,0,0.3717870360444769,61,0,0.6710150761723641,61,0,0.7805694745355867,61,0,0.7051596715705918,61,0,1.5250688109999828,33.75513011699991
25,2475,0.0002343438107004182,0.00023156685201707112,0.5573734338351649,22,3,False,31.930286059000082,4.983311537999953,0.18298282441228667,0.07307761213512022,0.2928880367177823,0.9916702293915302,0.7875490173042987,0.7712559879556549,0.49508707990769596,0.6846306950558833,0.9902922275376745,0.8056416140511561,0.7679081480620099,0.51559015614726,0.6963799727534754,0.9909807494219488,0.7964925840740504,0.769578427061226,0.5051306504784481,0.6904005538712416,0.9821227383464007,0.6618094525501933,0.6254591466753489,0.33790956423055984,0.5417260544853674,0.9720659727379396,25.033414213000015,63.03574840304981,1578,3174.5029296875,3256.0,0.3959346946441766,0,99,1.0,0.21185607633312342,0.09574736802257257,0.3279647848327753,0.9937110417866895,0.7523563793375809,0.6610082667985586,0.34588169137287367,0.5864154458363378,0.984077095856732,0.7505276729860083,0.7882807288558087,0.4579020834410381,0.6655701617609517,0.988870605005639,0.7514409135786532,0.7190561439354878,0.39408595213412057,0.6215276698827538,0.977986210173579,0.6018464978957889,0.5613486809208552,0.24539666531831306,0.4695306147116524,0.9642978416481599,1.9036888779999117,206.9665923635334,394,1181.83447265625,3256.0,0.5352940123766852,0.3449469590376676,61,0,0.49217989839324244,61,0,0.37604718132123494,61,0,0.6384902377949406,61,0,0.7984828331356899,61,0,0.6945408434321355,61,0,1.5075661660000605,33.44368005399997
26,2574,0.00023156685201707112,0.00022878618813728649,0.5573734338351649,22,4,False,32.0521299479999,4.928951600999881,0.18107726809265345,0.07242322199433777,0.2897313154091249,0.9917272926034929,0.7866672088303681,0.7769858330337557,0.5074329915532666,0.6903620111391301,0.990207528535132,0.8076403436864317,0.7696830400537805,0.5323788819439732,0.7032340885613951,0.9909668278854626,0.7970158253388937,0.7733171960127675,0.5196067011545445,0.6966465741687352,0.9820953911840037,0.6625322611275595,0.6304133338293836,0.35099233532047247,0.5479793100924718,0.9723636448307786,25.18040220900002,62.66778373524107,1578,3174.5029296875,3256.0,0.3975238946050104,0,99,1.0,0.20565980937577746,0.08839383165394595,0.3229257854713401,0.9917698629697475,0.7684671033336592,0.7198206229932365,0.37700222493116353,0.6217633170860197,0.9880499557498257,0.750742562437324,0.7540287188849489,0.4572713643178411,0.6540142152133713,0.989906414670625,0.7595014372327834,0.7365276853750712,0.41327527076655673,0.6364347977914705,0.9800145541443397,0.6122549916853924,0.5829393148149153,0.26045807640888824,0.48521746096973195,0.9672365140188769,1.9333143280000513,203.7951068244447,394,1181.83447265625,3256.0,0.5527627077731754,0.37826179841388313,61,0,0.49476410335494586,61,0,0.39660104508992516,61,0,0.7021836655716702,61,0,0.7527183304655268,61,0,0.7089243704564255,61,0,1.5091972239999905,33.56711075299995
27,2673,0.00022878618813728649,0.00022600176394325358,0.5573734338351649,22,5,False,31.896866412999998,4.987390512000047,0.1795998649678756,0.07154179233184181,0.28765793698066694,0.9918204641395383,0.7927711472020931,0.7712621394241608,0.5132575200599026,0.6924302688953855,0.9904530789281312,0.8071801176869406,0.7770243630344688,0.5309435887355322,0.7050493564856471,0.9911362999182187,0.7999107497087143,0.7741325286592727,0.5219507762455183,0.6986646848711685,0.9824283496748614,0.6665427171475455,0.6314977326322286,0.35313490772633394,0.5503917858353694,0.9727104003287389,25.02878805699993,63.047399514762866,1578,3174.5029296875,3256.0,0.4059921388674264,0,99,1.0,0.20382731048588826,0.08677640568635185,0.32087821418863866,0.9914590999174484,0.7377722464219042,0.7551625675218204,0.42401019022454284,0.6389816680560891,0.988925469920869,0.8209350078792799,0.7205210125337921,0.4164607351496665,0.6526389185209128,0.9901906642034005,0.7771351076453636,0.7374351861500483,0.4202015565338953,0.6449239501097691,0.9805719051134315,0.6355036541681915,0.5840770929623642,0.26598428316713996,0.49518834343256524,0.9689775650876428,1.8715166709998812,210.524440473993,394,1181.83447265625,3256.0,0.5552430348170339,0.41776698769594145,61,0,0.4484029243542507,61,0,0.40309703360751203,61,0,0.7226989892131546,61,0,0.7227829459422721,61,0,0.7073890360265558,61,0,1.494744485999945,33.39736768800003
28,2772,0.00022600176394325358,0.0002232135227303498,0.5583809268136533,28,0,False,32.44039390199987,5.011864994999996,0.17796716766363466,0.07033656767943663,0.2855977680822138,0.9920849795669575,0.7944535982854098,0.7781504055809391,0.5165683189674383,0.6963907742779291,0.9905158520852902,0.8111932076206813,0.7782295794429032,0.5424132944595499,0.7106120271743781,0.9912997948839215,0.8027361438747518,0.7781899904981132,0.5291754269421559,0.703367187105007,0.9827496711670097,0.6704755512061293,0.6369157106638612,0.3597814699559991,0.5557242439419966,0.9731063552682391,25.51153277399999,61.854378330737326,1578,3174.5029296875,3256.0,0.39675323710297095,0,99,1.0,0.20209317764049858,0.08501174671547061,0.3191746093597509,0.9908118427952373,0.752773210962765,0.7674620325574092,0.3992770390379058,0.63983742751936,0.9896087006031209,0.7958884484981615,0.7206754906435417,0.4157162797911389,0.6440934063109474,0.9902099062335866,0.7737306587065416,0.7433332850500456,0.40733086134581487,0.641464935034134,0.9806096458524418,0.6309630622342862,0.5915118751909079,0.2557535971909469,0.49274284487204695,0.968793065414816,1.9076129120001042,206.5408540283452,394,1181.83447265625,3256.0,0.5583809268136533,0.39379482845586383,61,0,0.46132381917850146,61,0,0.39617139170465215,61,0,0.7539069138114866,61,0,0.7223746746509307,61,0,0.7205904619226543,61,0,3.1973977920001744,35.64298955999993
29,2871,0.0002232135227303498,0.00022042140613876367,0.5583809268136533,28,1,False,31.953826819999904,4.904181175000076,0.17805147325886822,0.07047523929252371,0.2856277082733933,0.9919511311728787,0.7947820372127051,0.7824990167473086,0.5183447809981356,0.6985419449860498,0.9905120761113146,0.810859568223365,0.7772030233656746,0.5458508641790416,0.7113044852560271,0.9912310813424993,0.8027403093493644,0.7798420287411068,0.5317423500702675,0.7047748960535795,0.98261461372309,0.6704813630809915,0.6391320198781373,0.36215874652225755,0.5572573764937955,0.9731286342606345,25.155709659999957,62.72929769535282,1578,3174.5029296875,3256.0,0.3986702419892706,0,99,1.0,0.20188845209966455,0.08405258933904812,0.3197243154654043,0.9900018081747798,0.7605731400983803,0.781286356633022,0.4185024293831837,0.6534539753715287,0.9907980280870406,0.7966859271285994,0.6978829477232034,0.42035878612417926,0.6383092203253273,0.9903997581030929,0.7782108064361897,0.7372332889510324,0.41942855374266863,0.6449575497099636,0.9809820927164805,0.6369435992196358,0.5838238231182227,0.26536513406960655,0.4953775188024883,0.9694923362151016,1.8839474710000559,209.13534271252954,394,1181.83447265625,3256.0,0.5574505302061628,0.40076724581923895,61,0,0.46325685266773403,61,0,0.40363916431551244,61,0,0.7650913722923858,61,0,0.696093507543058,61,0,0.711261896096813,61,0,1.5037486240000817,33.46365315899993
30,2970,0.00022042140613876367,0.00021762535408116594,0.5583809268136533,28,2,False,32.164492781000035,4.953203721999898,0.1755693493876016,0.06915358411495223,0.2819851136781719,0.9919514022077804,0.797438276045103,0.7895546829217532,0.5306005268964896,0.705864495287782,0.9907176457400034,0.8133845398748172,0.7857619124617785,0.5514524346094352,0.716866295648677,0.9913341401087624,0.8053324783198986,0.7876537319086705,0.5408255654231507,0.7112705918839066,0.9828171840927143,0.6741059447128288,0.6496936994318643,0.37063804889097207,0.5648125643452216,0.9736718394154983,25.29734175999988,62.37809549203827,1578,3174.5029296875,3256.0,0.38786385547031055,0,99,1.0,0.2051799840430923,0.0858514101674714,0.32450855716230903,0.9894266235495075,0.7529290624217293,0.7412536392016557,0.4377646485716784,0.6439824500650212,0.991129488196291,0.775177880712478,0.7419302741986448,0.36237398542108257,0.6264940467774017,0.9902773238189099,0.763891503218763,0.7415918023582257,0.3965175874280154,0.6340002976683347,0.9807418880244176,0.6179809500605303,0.5893094178406898,0.24728527380104004,0.4848585472340867,0.9692060596446701,1.9046543729998575,206.86167820539768,394,1181.83447265625,3256.0,0.5493164916154121,0.43144507767327667,61,0,0.39862825902371885,61,0,0.3795243862360181,61,0,0.7209042927766015,61,0,0.7486226832266022,61,0,0.719108596994806,61,0,1.4900247309999486,33.66028847000007
31,3069,0.00021762535408116594,0.00021482530466614068,0.5583809268136533,28,3,False,32.290979937999964,5.079210086000103,0.17663736741503533,0.07000240397430645,0.28327233078966274,0.9918500708701238,0.7926656428663941,0.7860630270750111,0.5279610519420765,0.7022299072944939,0.9905679303487132,0.812919826035476,0.7819524417787,0.5450257259779733,0.7132993312640498,0.9912085859934506,0.8026649829410365,0.7840023464342579,0.5363576915283585,0.7076750069678844,0.9825704027919248,0.6703762702210427,0.6447400158505909,0.36645407721810924,0.5605234544299144,0.9733301508411557,25.29321000899995,62.38828521324532,1578,3174.5029296875,3256.0,0.40761886883263637,0,99,1.0,0.2035458010011518,0.08486671333536884,0.32222488613298095,0.9898831590881302,0.7695218554775396,0.7552626358366213,0.40911646625960524,0.6446336525245887,0.9906097400993148,0.7593906690224917,0.7217779026085736,0.42883730548518845,0.6366686257054179,0.9902463163137784,0.7644226956013873,0.7381407172298898,0.4187448256365729,0.6404360794892833,0.9806810634240726,0.6186765432483008,0.5849627825453552,0.26481799549218793,0.48948577376194796,0.9687614634557424,1.9086346999999932,206.43028233742234,394,1181.83447265625,3256.0,0.5577377928133522,0.406399083761858,61,0,0.4732980711480615,61,0,0.40516000963634036,61,0,0.7356519627303347,61,0,0.7180144870979748,61,0,0.7103155759903641,61,0,1.5288737829998809,33.826007007000044
32,3168,0.00021482530466614068,0.00021202119411706244,0.5583809268136533,28,4,False,32.303521691000014,4.933660823999844,0.17359086708726387,0.06798026726801888,0.2792014676052959,0.9921226356443681,0.8009744847694773,0.7906734862571141,0.5329459099005559,0.708197960309049,0.9908618524616334,0.8145075295204002,0.7873389661124739,0.557356217471075,0.7197342377013163,0.9914918432495039,0.8076843233506871,0.7890027030742576,0.5448778077227533,0.7138549447158993,0.9831272425640857,0.6774081220004334,0.6515313494730606,0.3744550187019186,0.5677981633918042,0.973972025630743,25.44044972100005,62.027205387702935,1578,3174.5029296875,3256.0,0.3918147929991134,0,99,1.0,0.2093358581441308,0.09292735344716135,0.3257443638622458,0.9933551777758118,0.6989150639662735,0.6771783922413257,0.41029596491614695,0.5954631403745821,0.9851217529062276,0.8241296977221718,0.7638661657830987,0.3850074962518741,0.6576677865857149,0.9892213336565325,0.756375222697261,0.7179148752231399,0.3972496786135308,0.6238465921779772,0.9786725487935758,0.6082021173120569,0.5599588212585253,0.24785499856888965,0.47200531237982385,0.966026809614927,1.9201055779999479,205.19704984681354,394,1181.83447265625,3256.0,0.5359742014573918,0.3996020700822437,61,0,0.41319262710051935,61,0,0.37799249606968854,61,0,0.6564779848487688,61,0,0.7686572009755587,61,0,0.693955906845095,61,0,1.538902397999891,33.84786217200008
33,3267,0.00021202119411706244,0.00020921295668607787,0.559807741276922,33,0,False,31.955185088999997,4.88563514700013,0.17192955898694665,0.06705001292157686,0.2768091040041359,0.9920935006783889,0.8035054283258215,0.7993961813142497,0.5431914291885921,0.7153643462762211,0.9908483665967706,0.8170514805594349,0.7923374056120409,0.5708558684006675,0.7267482515240479,0.9914705427136432,0.8102218394820212,0.7958511418758372,0.5566801619433198,0.720917714433726,0.9830853581425237,0.6809856378009873,0.660924217555314,0.3856942496493689,0.5758680350018901,0.9743670136000872,25.13517284699992,62.78055096757954,1578,3174.5029296875,3256.0,0.389409809401541,0,99,1.0,0.2070265153640418,0.09034617623399357,0.323706853208203,0.9917535342711739,0.7604398475143681,0.8041695826097475,0.3611981623952228,0.6419358641731128,0.9886000030632175,0.7506279547299556,0.6535617736895692,0.5422323321098071,0.6488073535097773,0.9901742578127215,0.7555020450929785,0.7210855367643071,0.4335769561478934,0.636721512668393,0.9805397272483943,0.6070737538089592,0.56382624287471,0.2767942912035131,0.4825647626290608,0.9668010576122303,1.9249908420001702,204.67629840286023,394,1181.83447265625,3256.0,0.559807741276922,0.36261184051839196,61,0,0.5900875059526357,61,0,0.4214278395461621,61,0,0.7888824903428964,61,0,0.6579312940882394,61,0,0.6981876430076819,61,0,2.995251916000143,34.956433881000066
34,3366,0.00020921295668607787,0.00020640052456281845,0.559807741276922,33,1,False,31.990422758000022,4.89188422999996,0.17136024006645942,0.0664632416628915,0.2762572389516238,0.9922940997607623,0.8032409440752806,0.7929111972465609,0.5514442837787064,0.7158654750335159,0.9909857577929244,0.8212555008962081,0.7961382904113173,0.5666537188961012,0.7280158367345422,0.9916394972293998,0.8121483379158337,0.794521466986281,0.5589455547182179,0.721871786540111,0.9834176313974443,0.6837119177750397,0.6590921739601305,0.38787261407664747,0.576892235270606,0.974633820005545,25.205988111999886,62.60417139722275,1578,3174.5029296875,3256.0,0.39651005617295854,0,99,1.0,0.20829105747835286,0.08836505342709837,0.328217063307157,0.9900907562376294,0.7238600751951861,0.7998725356900068,0.42822725235320486,0.6506532877461326,0.9904166242144679,0.8283654075736593,0.6609486360285083,0.3951300211962984,0.6281480215994887,0.9902536634172775,0.7725947716639239,0.7238047636440531,0.41101341722459733,0.6358043175108581,0.9806954752305277,0.6294537075675382,0.5671583336345999,0.25866386895898197,0.4850919700537067,0.9689722980944638,1.8831138640000518,209.2279216526384,394,1181.83447265625,3256.0,0.5430910717591597,0.41010757491927535,61,0,0.42750004808136666,61,0,0.389237283807219,61,0,0.7844060808064944,61,0,0.6642957555263591,61,0,0.6969448597111003,61,0,1.4836078200000884,33.48006614199994
35,3465,0.00020640052456281845,0.0002035838277774375,0.559807741276922,33,2,False,32.257901415000106,5.017951066999785,0.16943743162055433,0.0655938768039336,0.2732809866638087,0.9921945004360982,0.8099590863712604,0.7964679983811811,0.5517506545229872,0.7193925797584763,0.9910401514593218,0.8148708477749387,0.7974245854516515,0.580884882036787,0.7310601050877924,0.9916169900011897,0.8124075430961097,0.7969460048648193,0.5659430655686319,0.7250988711765203,0.9833733612810075,0.6840794065113,0.6624357743604605,0.3946447675684784,0.5803866494800796,0.9747517903645834,25.346750337000003,62.256501485182866,1578,3174.5029296875,3256.0,0.4004293243692379,0,99,1.0,0.20751026666103886,0.08872629770167588,0.326294238040895,0.9905123096333422,0.7358103951689063,0.8150835086854316,0.3998059331694128,0.6502332790079169,0.9901778930257863,0.8111026216513061,0.6500579292911561,0.43880473556325283,0.6333217621685717,0.9903450730983782,0.771624175464738,0.7232769262019719,0.418398533007335,0.6377665448913483,0.9808747986180776,0.628166201298101,0.5665104211286395,0.26454106280193235,0.4864058950762242,0.9686042282181948,1.8833783520001361,209.19853920035476,394,1181.83447265625,3256.0,0.5467392006938172,0.38991140793222917,61,0,0.49286129263895295,61,0,0.40025953260621805,61,0,0.7935079274330396,61,0,0.6490210954882057,61,0,0.6932188687814163,61,0,1.5014276310000696,33.76572368799998
36,3564,0.0002035838277774375,0.00020076279409752444,0.559807741276922,33,3,False,32.701501102000066,4.969906305999757,0.16808241061837953,0.06538353002947697,0.27078128975304966,0.9921750923115394,0.807744978886594,0.8012974719905452,0.5583986970125584,0.7224803826298992,0.9910166518958526,0.8222235153036184,0.7982735376307747,0.579347469924636,0.7332815076196764,0.9915955337641984,0.8149199427795546,0.7997826464883482,0.5686802236289973,0.7277942709656333,0.9833311602294386,0.6876496974313402,0.6663648414583466,0.3973117908500089,0.5837754432465653,0.9749492069916429,25.77963018300011,61.21111857689031,1578,3174.5029296875,3256.0,0.40141471708663784,0,99,1.0,0.20648543188717158,0.08748976411628843,0.32548110028208815,0.990032806161992,0.7450069565997935,0.7877967547702253,0.4091649220749011,0.6473228778149733,0.9901402687240833,0.7926794326918485,0.6743250359863778,0.43649899188336866,0.6345011535205316,0.9900865345270798,0.7681042061912915,0.7266577632161382,0.42239020266044996,0.6390507240226265,0.9803676932492867,0.6235139449713588,0.5706696457752715,0.26774060567623276,0.4873080654742877,0.9684723984771574,1.942403903000013,202.84143755656228,394,1181.83447265625,3256.0,0.5487637051400246,0.3968792181836664,61,0,0.4736722557707833,61,0,0.40545241065908916,61,0,0.7793825323106867,61,0,0.6653885616107048,61,0,0.69207499962096,61,0,1.530525457999829,34.23732806200019
37,3663,0.00020076279409752444,0.00019793734891840968,0.559807741276922,33,4,False,32.41596196599994,4.9876068969997505,0.16976941542178203,0.06582848383975422,0.2737103465694287,0.9921732176856252,0.80607558551547,0.799883916842247,0.5600351861214329,0.72199822949305,0.991067300468127,0.8201894260923247,0.7986792264300053,0.5781700557989738,0.7323462361071013,0.9916199507297843,0.8130712610207879,0.7992811177037947,0.5689581507512688,0.7271035098252838,0.9833791847106049,0.685021125800736,0.665668816813543,0.3975831671519324,0.5827577032554038,0.9749233695490732,25.487062936000257,61.9137640128431,1578,3174.5029296875,3256.0,0.41151697482123517,0,99,1.0,0.20367774223615676,0.08734979465376908,0.3200056893268818,0.9911045897640803,0.7370151331427646,0.7370334155258906,0.42223796806017333,0.6320955055762761,0.9889982213361089,0.8039873931521895,0.7303935680932486,0.4004963035723518,0.6449590882725965,0.9900502852072696,0.7690459496310372,0.7336984697422296,0.41107986203236935,0.6379414271352121,0.9802966134907571,0.62475601701016,0.579402655853126,0.25871650324614603,0.48762505870314404,0.9684741025043623,1.9319236490000549,203.94180701909758,394,1181.83447265625,3256.0,0.555885010595631,0.4134590817155401,61,0,0.44100683076635727,61,0,0.39750945653072656,61,0,0.7215488975197221,61,0,0.7407803510613538,61,0,0.7142605646605356,61,0,1.4435795019999205,33.8657243990001
38,3762,0.00019793734891840968,0.00019510741514632257,0.559807741276922,33,5,False,32.41447441799983,5.039456801000142,0.1678933700681186,0.06521153242264713,0.2705752083179464,0.9923082486950399,0.8081408717852469,0.7993006777180889,0.5645746196106803,0.7240053897046721,0.9910927163123624,0.8225286542013511,0.7998888109677443,0.58442862358525,0.7356153629181152,0.9917001100326276,0.8152712895918666,0.7995946361941569,0.5743300896740318,0.7297320051533518,0.9835368622967102,0.6881501920477722,0.6661038515015213,0.402849274936802,0.5857011061620319,0.9751475519100523,25.463680845,61.97061648728028,1578,3174.5029296875,3256.0,0.3952370576485239,0,99,1.0,0.2137726014338169,0.09233157514466853,0.3352136291223129,0.9889970732267928,0.7073986968112954,0.7903181211983216,0.4825287466309427,0.6600818548801866,0.9913928583082117,0.8388185855498782,0.6824210932837131,0.312836685105723,0.6113587879797714,0.9901935166119432,0.7675236605465302,0.7324171869760011,0.37958072488677563,0.6265071908031024,0.9805774996509143,0.6227492049761227,0.5778061831153389,0.23424846317028228,0.47826795042058134,0.9694605793444638,1.9019940369998949,207.15101747714985,394,1181.83447265625,3256.0,0.5346094146700354,0.45507262775319296,60,1,0.3481430765012334,61,0,0.35933252155799994,61,0,0.7707408624816432,61,0,0.6886527298756439,61,0,0.7098863077820708,61,0,1.51183115799995,33.9322123539996
39,3861,0.00019510741514632257,0.00019227291307381562,0.5617905440697009,39,0,False,32.619174853000004,5.059011901999838,0.16573796529884724,0.06367400837224095,0.2678019224993025,0.9922663376417352,0.812887680896934,0.8076160398858837,0.5760110633620729,0.7321715947149635,0.99129890060871,0.8232717180099584,0.8028064871856827,0.5984718890774001,0.7415166980910137,0.9917823832029562,0.8180467478269614,0.8052040816326531,0.5870267056729327,0.7367591783775157,0.9836987240450135,0.6921143000562588,0.6739260397984457,0.4154549190913802,0.5938317529820282,0.9756555206724296,25.667605724999703,61.47827019421065,1578,3174.5029296875,3256.0,0.3999615582552823,0,99,1.0,0.2025099810458682,0.08678624060402061,0.3182337203909298,0.9909118312659999,0.7616592323314755,0.7531727964973781,0.4058895802782292,0.6402405363690277,0.9899967636441367,0.7844133517979084,0.7271635712530281,0.4235537403711937,0.6450435544740434,0.9904540861003509,0.7728688516876983,0.7399396953328189,0.4145335687794413,0.6424473719333195,0.9810886978626353,0.6298176464273116,0.5872256213390189,0.26145843306207117,0.4928339002761339,0.969042473032995,1.882422191000387,209.3047998922145,394,1181.83447265625,3256.0,0.5617905440697009,0.3985666102830454,61,0,0.46236353750441467,61,0,0.40100235769745357,61,0,0.7370935785794207,61,0,0.7386920145666073,61,0,0.7225787304419482,61,0,3.0771007769999414,35.70255968900028
40,3960,0.00019227291307381562,0.00018943376024680656,0.5617905440697009,39,1,False,32.08507274499971,4.953509793999729,0.16480054624180376,0.06331382663530995,0.2662872660749312,0.9924075479421722,0.8141056495921111,0.8069353479608407,0.578373382206022,0.7331381265863245,0.9912443872028037,0.8258779536573548,0.8107867985719347,0.5975583210648642,0.7447410244313847,0.9918256265492263,0.8199495490245454,0.8088564885260967,0.5878093536526122,0.7388717970677514,0.9837838102890982,0.6948427911253776,0.6790588041949954,0.4162393761585755,0.5967136571596495,0.9758406761179104,25.295646515000044,62.38227590128061,1578,3174.5029296875,3256.0,0.40144320419340424,0,99,1.0,0.2061492771969229,0.08789744697095174,0.32440110904916286,0.9898101135201216,0.7376193279246539,0.7951791895744248,0.4316105702364395,0.6548030292451728,0.990858626519872,0.8257771835155914,0.6580978127304006,0.40108566406451945,0.6283202201035039,0.9903340924926424,0.7792127034480273,0.7201733524410344,0.4157886274719974,0.6383915611203531,0.9808532556452845,0.6382870346446579,0.5627116405293114,0.26245779741405556,0.48781882419600836,0.9693259611952728,1.8266685780004082,215.69320496622237,394,1181.83447265625,3256.0,0.5534651889481899,0.42481902770911417,61,0,0.44765794841706774,61,0,0.4007097542923206,61,0,0.7818141589059252,61,0,0.6735793816192808,61,0,0.7062206236040591,61,0,1.5207054830002562,33.611030368999764
41,4059,0.00018943376024680656,0.00018658987132252541,0.5617905440697009,39,2,False,32.38276047499994,4.960332333000224,0.1642666499499888,0.0624985105071231,0.2660347897328049,0.9925081933516685,0.8139640309155767,0.8097165845041046,0.5790380480359024,0.7342395544851946,0.9913487854291942,0.8313570804168159,0.8110301878634506,0.5930668251891621,0.7451513644898095,0.9919281505991916,0.8225686228000618,0.8103728538508385,0.5859684822698316,0.7396366529735773,0.983985567287478,0.6986127928374228,0.6811990264966851,0.4143956304527355,0.5980691499289478,0.9760357333377891,25.45508068900017,61.99155364225172,1578,3174.5029296875,3256.0,0.3983011582885126,0,99,1.0,0.20787104283492577,0.08926888615800645,0.326473197658655,0.9903590442690458,0.7237182116922608,0.7379282779125703,0.4586524174191336,0.6400996356746549,0.9902757828018984,0.8171577288572657,0.7389179510585261,0.3319236933257509,0.6293331244138476,0.9903174117854089,0.7676048598541685,0.7384227828826648,0.3851307983468001,0.6303861470278779,0.9808205304763893,0.6228561236969309,0.5853171513115447,0.2384903978306898,0.48222122427972175,0.969250829086691,1.9574885870001708,201.27831274040813,394,1181.83447265625,3256.0,0.5424249484653871,0.4362746138002993,61,0,0.3582878497479682,61,0,0.3634681921365094,61,0,0.7222528223768497,61,0,0.7545555722791609,61,0,0.7213817047942649,61,0,1.5341346999998677,33.92267914000013
42,4158,0.00018658987132252541,0.00018374115791757972,0.5617905440697009,39,3,False,32.07826270899977,4.956751316000009,0.16343126998428156,0.06224789108292534,0.264614646897872,0.992381413541386,0.8184144406572671,0.809410792580715,0.5871026590495505,0.7383092974291775,0.9914652045798354,0.8274186549878493,0.8079725877571488,0.6070504149367882,0.7474805525605954,0.9919230974921222,0.8228919171732155,0.8086910507308309,0.5969099281330471,0.7428309653456978,0.983975622320511,0.6990793192049696,0.678825632281985,0.42542523826627765,0.6011100632510774,0.9761897136654388,25.219026706000022,62.57180415390764,1578,3174.5029296875,3256.0,0.4074370162655609,0,99,1.0,0.2075913178587928,0.09126555826987712,0.32391708030313404,0.9918560267540204,0.7627730679908615,0.7534960472791465,0.3749566122874002,0.6304085758524695,0.9884931234097073,0.7716680196743231,0.6893445212934031,0.49145427286356824,0.6508222712770981,0.9901717197472623,0.7671947624043944,0.7199941328541831,0.42537330129452877,0.6375207321843689,0.9805347494322938,0.6223162743051678,0.562492837989595,0.2701423147748198,0.4849838090231942,0.9674128033788071,1.8927864160000354,208.1587212743356,394,1181.83447265625,3256.0,0.5530267263827267,0.36920083791442077,61,0,0.5368617493887103,61,0,0.40946808460012574,61,0,0.7466715830558917,61,0,0.6881548162871763,61,0,0.6965853681653277,61,0,1.5224949680000464,33.60708853699998
43,4257,0.00018374115791757972,0.0001808875284452676,0.5617905440697009,39,4,False,32.1895736700003,4.9404040110002825,0.16329264546377426,0.06204289407557861,0.2645423973618956,0.9925042389057461,0.8193074538317144,0.8065721591268443,0.5836445133688385,0.7365080421091325,0.9914389511427042,0.8287324406889005,0.8109508054948429,0.6024531176499498,0.7473787879445645,0.9919713090185512,0.8239929969487424,0.8087555557971448,0.592899686303774,0.741882746349887,0.9840705109819211,0.7006701446596979,0.678916539533865,0.4213627703246843,0.6003164848394157,0.976192614575907,25.357657644000028,62.22972256167267,1578,3174.5029296875,3256.0,0.4125525981488854,0,99,1.0,0.20724769269451876,0.08956385084290795,0.32493153743937536,0.9894001238400386,0.7640606745718299,0.7705931129433484,0.394076675913545,0.6429101544762411,0.9908939201126199,0.771405377011604,0.6916968016009549,0.4083337641524066,0.6238119809216552,0.9901464585682559,0.7677154595766017,0.7290165736043427,0.40107856130889813,0.6326035314966142,0.9804852069582802,0.6230017779114747,0.5735846419899733,0.2508431944206254,0.48247653810735774,0.96844482421875,1.8814398730000903,209.41407995767563,394,1181.83447265625,3256.0,0.5502647073400626,0.39270661864743384,61,0,0.45376662029174636,61,0,0.3872583615517231,61,0,0.7584056500943948,61,0,0.7042072507529085,61,0,0.7132710531284021,61,0,1.5081962429999294,33.70361591000028
44,4356,0.0001808875284452676,0.00017802888794117577,0.5617905440697009,39,5,False,32.08067336000022,4.982718211000247,0.16304584019386573,0.06221503043884862,0.2638766502888333,0.9924659223935897,0.8168971182318897,0.8076049388083386,0.5866883649690936,0.7370634740031073,0.9914931833325632,0.8277985596221064,0.8100172240875594,0.6023588327522056,0.7467248721539571,0.9919793143951366,0.822311710229761,0.8088092827830933,0.594420338215903,0.7418471104095857,0.9840862678327866,0.6982422406443304,0.6789922647087043,0.4229004974797427,0.600045000944259,0.9761930013639695,25.206450911000047,62.603021963372235,1578,3174.5029296875,3256.0,0.4099755446718197,0,99,1.0,0.20342786095771692,0.08720432844031886,0.3196513935696655,0.9907077219002572,0.7590583229267841,0.7753087186333331,0.4034502156384774,0.6459390857328648,0.9901850516318625,0.7837066042691371,0.7014008355861391,0.4449361526133485,0.6433478641562083,0.9904463178112398,0.7711855645881303,0.7365052681250783,0.4231788567916411,0.6436232298349499,0.9810734538295234,0.6275850465002447,0.5829112298965944,0.2683746717973345,0.49295698273139127,0.9689467376863896,1.8820310569999492,209.3482987619001,394,1181.83447265625,3256.0,0.5605329265247585,0.3917365548414576,61,0,0.490432335615968,61,0,0.4084849886400136,61,0,0.7600990180813296,61,0,0.7058819664820911,61,0,0.7125808644095034,61,0,1.5331784720001451,33.61948901400001
45,4455,0.00017802888794117577,0.00017516513787599406,0.5617905440697009,39,6,False,32.133349368999916,4.920326936000038,0.16141560101463767,0.06137007996156642,0.26146112406963934,0.9925505594675593,0.8199864468150015,0.8094050032704074,0.5936600665380054,0.7410171722078047,0.991544890958833,0.8296311007774688,0.8116845243827323,0.6124896173329122,0.7512684141643712,0.9920474703441199,0.8247805795792812,0.8105431611339323,0.6029278651597405,0.746083868624318,0.9842204282009289,0.7018098622672664,0.6814397417788096,0.43156530727647713,0.6049383037741843,0.9764991827941817,25.324542542000017,62.31109594113824,1578,3174.5029296875,3256.0,0.4027177071330523,0,99,1.0,0.2118594836311292,0.09256274699408391,0.33115621811242274,0.9908672686033834,0.7877936533418954,0.7570981394938718,0.34961657766461623,0.6315027901667946,0.9896193552726297,0.7029989016761378,0.7234841835480813,0.4813007289458719,0.635927938056697,0.9902429187801679,0.7429847582517412,0.7399095893460488,0.40502397132142454,0.6293061063064048,0.980674399018732,0.5910706040591813,0.5871876994620224,0.25393734077432095,0.4773985480985082,0.9668342086869448,1.8792462629999136,209.65852520629338,394,1181.83447265625,3256.0,0.551788081471766,0.3518613877424565,61,0,0.5174825990640994,61,0,0.38674545880673833,61,0,0.7424299984745331,61,0,0.7291695923796743,61,0,0.7168307041367936,61,0,1.5106251299998803,33.65025849599988
46,4554,0.00017516513787599406,0.00017229617595436022,0.5617905440697009,39,7,False,32.20237769200003,5.041617534999659,0.1611528541274246,0.06088814475539368,0.2614175631406189,0.9925410443493745,0.8220868763201775,0.8078071281537285,0.5948474548451296,0.7415804864396786,0.9915925046199477,0.8276822685058088,0.8170694263014365,0.610614747384925,0.7517888140640568,0.9920665477540516,0.8248750836873102,0.8124118782476902,0.6026279840228549,0.7466383153192852,0.9842579840399769,0.7019467226306506,0.6840855540462635,0.4312580881344279,0.6057634549371139,0.976568727287805,25.283081535999827,62.41327813435767,1578,3174.5029296875,3256.0,0.41583225552481834,0,99,1.0,0.20683788035424228,0.08933069715796388,0.32434506041144356,0.9903906054050078,0.7926590590676235,0.7781980850729869,0.3654164056190038,0.6454245165865381,0.9906601833002706,0.7078554032758703,0.6962609275708317,0.5005428320322597,0.6348863876263205,0.990525376010797,0.7478608330642558,0.7349528415513183,0.4224368875275967,0.6350835207143903,0.9812286039410054,0.5972665441769011,0.5809687304089011,0.26777812195769535,0.4820044655144991,0.9676479591330901,1.8679924379998738,210.92162472663426,394,1181.83447265625,3256.0,0.5599351096722097,0.3709675823465664,61,0,0.5394697301154349,61,0,0.40873618540916273,61,0,0.7557595106879196,61,0,0.7023489665411919,61,0,0.7111340339352568,61,0,1.5263465259999975,33.734765948999666
47,4653,0.00017229617595436022,0.00016942189589841294,0.5637314940856323,47,0,False,32.287513727999794,4.947034884999994,0.15891744455155007,0.059632748582592786,0.2582021406999257,0.9925503635840721,0.8243094143563843,0.820229853960292,0.6050706138711354,0.7498699607292706,0.9918173762468667,0.8344610106974397,0.8152226641206534,0.6212284671891565,0.7569707140024166,0.9921837345397461,0.8293541488828069,0.8177185938989253,0.6130430916923872,0.7533719448247065,0.9844887094441082,0.7084586240076979,0.6916446369528859,0.4420058676808008,0.6140363762137949,0.9771211379985544,25.366905426000358,62.2070360376948,1578,3174.5029296875,3256.0,0.399033997396026,0,99,1.0,0.20402464928663322,0.08626639735199473,0.32178290014339583,0.989461065748065,0.771448933189185,0.7714580943191229,0.41715903747469996,0.653355354994336,0.9915741541690722,0.7598777517788071,0.7129656286205807,0.4219510934188078,0.6315981579393984,0.9905164829865113,0.7656196247585276,0.7410594383137735,0.4195413820222986,0.6420734816982,0.9812111503483578,0.6202461089911246,0.5886373518072988,0.26545546795722424,0.49144630958521596,0.9693770820114214,1.9642347580002024,200.58702168631484,394,1181.83447265625,3256.0,0.5637314940856323,0.4171034329637239,61,0,0.4596171567377109,61,0,0.4095869988921535,61,0,0.7574144308832559,61,0,0.7140875698215453,61,0,0.717875989279111,61,0,3.03521257400007,35.328820318
48,4752,0.00016942189589841294,0.00016654218721458107,0.5637314940856323,47,1,False,32.48654449000014,5.011048557999857,0.15761618612685888,0.05944096806007042,0.25579140394812755,0.9926272873812434,0.8257431459595657,0.8153092386014148,0.6137957893289959,0.7516160579633255,0.9917167835576408,0.8357308203149706,0.8202211058928264,0.627032846160147,0.760994924122648,0.9921718265799594,0.8307069635158192,0.8177577965232858,0.6203437118331104,0.7562694906240718,0.9844652617847031,0.7104352267534073,0.6917007311348218,0.4496364182541028,0.6172574587141106,0.9772688523595928,25.51842459699992,61.83767316833179,1578,3174.5029296875,3256.0,0.3914021912849311,0,99,1.0,0.20617451272942694,0.08865340859605576,0.3236956180352245,0.9910486792555363,0.7531437433008734,0.747061141158351,0.4108749858906345,0.637026623449953,0.9897695195210193,0.7885153526574662,0.7322683706070288,0.4140102362611798,0.6449313198418916,0.9904086863646022,0.7704237673653638,0.7395907946526719,0.4124366527955173,0.6408170716045176,0.9809996114153146,0.6265766586221028,0.5867862528414846,0.25979224924899597,0.49105172023752774,0.9689337251150063,1.9472235369998998,202.33937835767864,394,1181.83447265625,3256.0,0.5544836074052826,0.4050305275859941,61,0,0.4396564014038184,61,0,0.39115444363987606,61,0,0.7285858155988701,61,0,0.7367147149124584,61,0,0.7178127711706892,61,0,1.5343040340003427,34.02617352700008
49,4851,0.00016654218721458107,0.00016365693494196175,0.5637314940856323,47,2,False,32.15292347800005,4.954913136000414,0.15612254627001754,0.05838110627953544,0.2538639861707905,0.992628029601067,0.8286752049296102,0.8216964309959359,0.6207124672646477,0.7570280343967313,0.9918470129788064,0.8348752431765114,0.8246283367034197,0.6367963828014566,0.7654333208937959,0.9922373676001822,0.8317636703083857,0.823159773164579,0.6286515659800198,0.7611916698176615,0.9845943238015634,0.7119823696357319,0.699466039989213,0.45841855387342095,0.6232889878327886,0.9776189729136961,25.33771000800016,62.27871419720884,1578,3174.5029296875,3256.0,0.409101697832647,0,99,1.0,0.20694736773290004,0.08970379876681996,0.32419093550764366,0.9911460381008974,0.7567808469073427,0.7638509672279502,0.3917514710353585,0.6374610950568838,0.9896441606750799,0.7825079986629101,0.6934381912017695,0.4529597270330352,0.642968638965905,0.9903945300102213,0.7694294253402483,0.7269434895584133,0.4201380064351854,0.638836973777949,0.9809718344931788,0.625262330486809,0.5710221687694425,0.26593335882913566,0.48740595269512904,0.9683490888721447,1.8504395840000143,212.9223798532819,394,1181.83447265625,3256.0,0.5541089225855025,0.3879907789753715,61,0,0.4912589191678696,61,0,0.4040568148746827,61,0,0.756821774519265,61,0,0.697521390122775,61,0,0.7041610302963222,61,0,1.5257382400000097,33.684690132000014
50,4950,0.00016365693494196175,0.00016076601938044396,0.5637314940856323,47,3,False,32.372259821999705,4.956494498000211,0.15573978856564777,0.05834196833716599,0.25313760836919147,0.9926939767864619,0.8272864079967909,0.8233287399895061,0.6205959894543421,0.7570703791468797,0.9917334571470647,0.8400155333321527,0.8238821860119507,0.6362385449916222,0.7667120881119085,0.9922134845072735,0.8336023799959831,0.8236053700246272,0.6283199236439228,0.7618425578881777,0.9845472917666109,0.7146811393468998,0.7001097667726253,0.4580659400645956,0.624285615394707,0.9776449650714908,25.485411881000346,61.917775053752074,1578,3174.5029296875,3256.0,0.4059263648408832,0,99,1.0,0.20572802409302765,0.08742753113738172,0.324028516027528,0.990132207626003,0.7556001945127411,0.740561625707575,0.4336310089302679,0.643264276383528,0.9909938076392648,0.7939448927940403,0.7505248744865358,0.3539575040066174,0.6328090904290645,0.9905628202759041,0.7742981089633878,0.745509963521723,0.38976431743140155,0.6365241299721708,0.981302096032018,0.6317181319746036,0.5942733236962081,0.24205420464267785,0.4893485534378299,0.9697521229080742,1.9209800960002212,205.10363476455024,394,1181.83447265625,3256.0,0.5466130382257582,0.41718244197681353,61,0,0.3719879191010587,61,0,0.36464220834241695,61,0,0.7289800464572668,61,0,0.763310346006947,61,0,0.7285838681090996,61,0,1.660257568000361,34.03848731399967
51,5049,0.00016076601938044396,0.00015786931579650956,0.5637314940856323,47,4,False,32.378235940000195,4.933697626999674,0.15505733423133314,0.057569284062875085,0.25254538270003896,0.992763986468818,0.8313812420998987,0.8207599963895659,0.6236841383847799,0.7586084589580815,0.9919356285157797,0.8377834473215201,0.8259772441143717,0.6390271191360076,0.7675959368572998,0.9923496346256108,0.8345700666437339,0.8233603555230392,0.6312624138401456,0.7630642786689729,0.9848154367084525,0.7161048834916187,0.6997557488291488,0.46120046692896227,0.6256870330832432,0.9778568088932786,25.459429211000042,61.98096535951429,1578,3174.5029296875,3256.0,0.415349942867202,0,99,1.0,0.20967082838116563,0.09271210549295252,0.3266295479033804,0.9907311407504984,0.7886300675857757,0.760309687856596,0.3535734173449383,0.63417105759577,0.9896496544890453,0.6987440905400888,0.7392058420812414,0.4792534767099209,0.639067803110417,0.9901901023198638,0.7409710547104458,0.7496092595691353,0.4069303975277427,0.6325035706024412,0.9805708030735829,0.5885258297536883,0.5995000085419953,0.25543792744286525,0.4811545885795163,0.9670405508903077,1.9747768830002315,199.51621035861285,394,1181.83447265625,3256.0,0.5597567712299235,0.3618885043939485,61,0,0.5042220219626804,61,0,0.3914804990296415,61,0,0.7424978312148715,61,0,0.7461205607724252,61,0,0.7280330434302055,61,0,1.4561821779998354,33.840287805000116
52,5148,0.00015786931579650956,0.0001549666941043839,0.5637314940856323,47,5,False,32.41106551799976,5.047965368000405,0.154113085456523,0.05711996042097627,0.25110621079896944,0.9926571922985478,0.8331894550610437,0.8233995864990677,0.629485822132204,0.7620249545641052,0.992034085883486,0.8399812276889058,0.8256527008341706,0.64004671070953,0.7685602130775354,0.9923455412769112,0.8365715567157335,0.8245246044418638,0.6347223398712681,0.7652728336762884,0.984807373883328,0.719057163803008,0.7014392709175893,0.4649034833042095,0.6284666393416023,0.9780253711308816,25.513697546000003,61.84913014489334,1578,3174.5029296875,3256.0,0.41707744712781425,0,99,1.0,0.20651070977830646,0.09072157169507845,0.3222998478993547,0.9911531064944431,0.7527926155216982,0.7470712543257503,0.39758555613922447,0.6324831419955577,0.9893787928126263,0.7746096174967767,0.7397324720008426,0.4225921521997622,0.6456447472324605,0.9902651548698095,0.7635453024201615,0.7433837512480992,0.40970763809877053,0.638878897255677,0.9807180168592967,0.6175279239220642,0.5915757909277748,0.25763038791744935,0.48891136758909615,0.9684122927902918,1.8389982819999204,214.24707345105452,394,1181.83447265625,3256.0,0.558320517324109,0.3913234204514362,61,0,0.46130876043438934,61,0,0.39566166263013586,61,0,0.7315819005225055,61,0,0.7479463095389891,61,0,0.7209793720180823,61,0,1.53286247799997,33.94961827899988
53,5247,0.0001549666941043839,0.00015205801851991417,0.5637314940856323,47,6,False,32.29623071600008,4.970063751999987,0.15316384484937134,0.056699347213684984,0.24962834243312082,0.9928216278098909,0.8333962621535204,0.8268413610539525,0.628136049069877,0.7627912240924499,0.9920285889161278,0.8403726888773924,0.8307816408953906,0.6428347407643192,0.7713296901790341,0.9924249499352645,0.8368699363134346,0.828806817821382,0.6354004002267181,0.7670257181205117,0.9849637998395281,0.719498156260322,0.7076602139022536,0.4656313839841995,0.6309299180489251,0.9781875900442609,25.395460924999952,62.137088382064995,1578,3174.5029296875,3256.0,0.4107243682097907,0,99,1.0,0.20893613994121552,0.0903230357707152,0.32754924227743587,0.9896207117800717,0.7456468401323237,0.7560321516655276,0.4491091138442132,0.6502627018806882,0.9914008493103432,0.808347261353326,0.7146087139697364,0.35339916248772163,0.6254517126035947,0.9905099807332092,0.7757321351239262,0.7347370472914192,0.39554678594367515,0.6353386561196736,0.9811983891159547,0.6336294183482873,0.5806990916145525,0.24653058280438545,0.4869530309224084,0.9697973570847874,1.92084717500029,205.11782776260716,394,1181.83447265625,3256.0,0.5475063057317153,0.42355165789983956,61,0,0.39128939357333686,61,0,0.38081121898952625,61,0,0.744573909309854,61,0,0.7254452921405792,61,0,0.7142013924739044,61,0,1.5651826160001292,33.86767241300004
54,5346,0.00015205801851991417,0.00014914314718421148,0.5637314940856323,47,7,False,32.45929187599995,4.864454312000362,0.1520114980345292,0.05612897034380372,0.2478940253097597,0.9927443162037733,0.8365291191694153,0.827341730974283,0.6346931771381503,0.7661880090939496,0.9921376015225581,0.8386423868286728,0.831824590986067,0.6491613993293067,0.7732094590480155,0.9924408661365655,0.8375844200309916,0.8295771049164702,0.6418457644158407,0.7696690964544342,0.9849951558982957,0.7205550531706766,0.708784071467831,0.4725868002316944,0.6339753082900673,0.978363037109375,25.535585463999723,61.7961159427763,1578,3174.5029296875,3256.0,0.4173835723689108,0,99,1.0,0.20641215728019094,0.09073312529528202,0.32209118973785245,0.9908937844862329,0.7300089312295326,0.7733902004488697,0.4322496662952708,0.6452162659912244,0.9897558682257112,0.819669547777088,0.7041182459712811,0.40513880990539214,0.6429755345512538,0.9903244994800365,0.7722454672245467,0.7371303395399781,0.4182553745650178,0.6425437271098476,0.9808344353904186,0.6289901170055663,0.5836947094535994,0.2644266133984789,0.4923704799525482,0.9691777108284423,2.049638262999906,192.22904212538018,394,1181.83447265625,3256.0,0.5577190600806827,0.4214753347018686,61,0,0.44843041565885355,61,0,0.4019801751254254,61,0,0.766504028560164,61,0,0.7028085710861856,61,0,0.71345794503594,61,0,1.5315886949997548,33.99651622500005
55,5445,0.00014914314718421148,0.00014622193175369862,0.5637314940856323,47,8,False,32.84811524299994,5.417198731000099,0.15077822626165865,0.057003460385386936,0.244552992293741,0.9926525245733822,0.8357275131940953,0.8267488102223092,0.6340104721639799,0.7654955985267948,0.9921540924208263,0.8369846151510589,0.8294510405973783,0.6475219348029085,0.7713191968504486,0.9924032459130195,0.8363555917944245,0.8280977209509446,0.6406949764034068,0.768382763049592,0.9849210429546011,0.7187381178449057,0.706626939596796,0.47134010783553804,0.6322350550924133,0.9782504431044043,25.421894556000098,62.07247837189849,1578,3174.5029296875,3256.0,0.49473186484490983,0,99,1.0,0.2094509822463021,0.10435054557123766,0.31455141517716617,0.9875411598215568,0.7635384696666234,0.7910823946668418,0.42997130258276756,0.6615307223054109,0.9929354546780326,0.7591375770020534,0.6765930555067935,0.381099105619604,0.6056099127094837,0.9902309609330582,0.7613316635258002,0.7293722253130925,0.40406277235429217,0.631588887064395,0.9806509435544415,0.6146372205596925,0.5740250920398899,0.25318212104767857,0.4806148112157537,0.9692052850868497,1.9989958159999333,197.09896181194065,394,1181.83447265625,3256.0,0.5425180915758936,0.41744214919402894,60,1,0.414897556102886,61,0,0.38766921758360995,61,0,0.7827029671267339,59,2,0.6749175510199585,61,0,0.6973669655681772,61,0,1.4968009940002958,34.35012054300023
56,5544,0.00014622193175369862,0.00014329421695275142,0.5637314940856323,47,9,False,32.07888726100009,4.9680381379998835,0.1520073452376594,0.062407346222790476,0.24160734325156313,0.9922578379957471,0.8223668189114909,0.8175300318123546,0.6258137205808713,0.7552368571015723,0.9919458537505048,0.8372615195452142,0.8134241846097938,0.6199838537949431,0.7568898526499837,0.9921018213458634,0.8297473313400653,0.8154719400766529,0.6228851463896585,0.7560348059354589,0.9843274274695425,0.7090326333459384,0.6884361524786703,0.45231168973064145,0.61659349185175,0.9772677306742118,25.278322276999916,62.425028952011616,1578,3174.5029296875,3256.0,0.6517503749240529,0,99,1.0,0.22244660435291716,0.12080997504709941,0.3240832344529592,0.9892252200845023,0.7274258895262545,0.8515595681031063,0.3597317397940957,0.6462390658078189,0.9905018615705382,0.7793610620314216,0.5576589544640663,0.45810887659618466,0.5983762976972242,0.9898631292017213,0.7524984381159644,0.6739619311093951,0.4030034700903679,0.6098212797719091,0.9799297083567142,0.6032044055956979,0.5082523246660993,0.2523508739954321,0.4546025347524098,0.9661267275737627,1.82326404000014,216.09596380783648,394,1181.83447265625,3256.0,0.5130871146996111,0.356627568749046,61,0,0.4905784782785822,61,0,0.3813859089086265,61,0,0.8333097389009243,60,1,0.5628496223397546,61,0,0.6447883204905956,61,0,1.5275637460003963,33.61190775800014
57,5643,0.00014329421695275142,0.00014035984008458998,0.5637314940856323,47,10,False,32.109315648999655,4.924136203999751,0.14777613902424375,0.06210201062705883,0.2334502668359585,0.9925213922058718,0.8234186142341214,0.8179289048787771,0.6165275226104325,0.7526250139077769,0.9916441155590456,0.8366696392994706,0.8160968192577602,0.6306681614034924,0.7611448733202412,0.9920825599434169,0.8299912411250512,0.8170118349921115,0.6235176790990729,0.7568402517387453,0.9842895067752004,0.7093889125438256,0.6906339887066102,0.4529790681880837,0.6176673231461732,0.9772020540612127,25.2751872419999,62.43277190753427,1578,3174.5029296875,3256.0,0.6403354999392924,0,99,1.0,0.19916149368746028,0.09945114234906768,0.2988718462171893,0.9898080894662248,0.7731002686976861,0.7617428947583734,0.40561060352592976,0.6468179223273297,0.9908215016558022,0.7639224487846807,0.7191026226169996,0.42367781626428164,0.6355676292219873,0.9903145362989408,0.7684839575917413,0.7398088550809441,0.4144474000950753,0.6409134042559202,0.980814889291252,0.6240145731995116,0.5870608264974462,0.26138987764892,0.49082175911529263,0.9689691998631821,1.8998918979996233,207.3802201140173,394,1181.83447265625,3256.0,0.5569876581663202,0.40607884183913223,61,0,0.45536554566510096,61,0,0.40090050813658196,61,0,0.7464199878972599,61,0,0.7192908125511904,61,0,0.7130748081960585,61,0,1.51517551500001,33.63112012199963
58,5742,0.00014035984008458998,0.00013741863049545995,0.5637314940856323,47,11,False,32.39200902399989,5.045997848000297,0.146518699683164,0.061622904762342404,0.23141449387686938,0.992459900221717,0.8238289662598708,0.8138114343751576,0.6167959634036573,0.7514787880128951,0.9918464337510079,0.8361899388620214,0.8209355681948232,0.6142092539416193,0.7571115869994879,0.9921530721569745,0.829963430903241,0.8173579780013872,0.6154998909482344,0.7542737666176209,0.9844283340530304,0.7093482826301347,0.6911288139585031,0.444564711063682,0.6150139358841066,0.9772066568391555,25.320412582000245,62.32125937480843,1578,3174.5029296875,3256.0,0.6729226109355387,0,99,1.0,0.20526111814273795,0.10571167708804764,0.30481056135318,0.989569053851102,0.721879532534218,0.7646087388661647,0.4567647142897979,0.6477509952300602,0.9908617896248824,0.8270951721503271,0.7022223782607169,0.33043478260869563,0.6199174443399132,0.9902149998182402,0.7709139141233181,0.7320888693678855,0.38346302218009254,0.6288219352237654,0.980619636496881,0.6272253204896068,0.5773976201336004,0.23721265114345733,0.4806118639222215,0.969286613657995,2.0160636479999994,195.43033792155362,394,1181.83447265625,3256.0,0.5299734153692093,0.4239702688995961,61,0,0.36350930084146094,61,0,0.3622356662938119,61,0,0.751520906741868,60,1,0.6955271143420872,61,0,0.6977111644446068,61,0,1.4970020450000447,33.89490545800027
59,5841,0.00013741863049545995,0.00013447040898642283,0.5637314940856323,47,12,False,32.16002947300012,4.969028154999705,0.14572200868443996,0.06237960641752782,0.2290644117445698,0.992476143789492,0.8260105360459764,0.814925563048734,0.6238811027331611,0.7549390672759572,0.9918807590330697,0.8376744380220806,0.8144621695616077,0.6291373834815922,0.7604246636884269,0.992178362091913,0.8318015999035234,0.8146938004112403,0.626498218334953,0.7576645395499056,0.9844781306257283,0.7120379550552615,0.6873277138800904,0.4561320754716981,0.6184992481356834,0.9773935528309173,25.279518634000397,62.422074678179385,1578,3174.5029296875,3256.0,0.6977129172195088,0,99,1.0,0.20167124853823995,0.10000969768326899,0.3033328006412777,0.9887438227688533,0.7561576124097773,0.7493835713381157,0.4269462031129453,0.6441624622869461,0.9918716525192633,0.7714244782961655,0.7063722220271741,0.3604818280514915,0.612759509458277,0.9903052678766882,0.7637147557723947,0.727242496096235,0.3909089889782143,0.627288746948948,0.9807967065393625,0.6177496328928047,0.5713912460666372,0.24293777437112396,0.47735955111018863,0.9689620739312341,1.9015249919998496,207.20211496438284,394,1181.83447265625,3256.0,0.5391571837715123,0.41957828023694094,61,0,0.3966575730110595,61,0,0.3773082753775551,61,0,0.7439453140370763,61,0,0.7081877298004611,61,0,0.7010060921654695,61,0,1.5334514119999767,33.69960563800032
60,5940,0.00013447040898642283,0.00013151498716622607,0.5637314940856323,47,13,False,32.308009673000015,4.951553011000215,0.14320021401264518,0.060542053114552005,0.22585837635552777,0.9925698069972803,0.829868857061215,0.8153655536696658,0.6276003164549663,0.7576115757286157,0.991938060683803,0.8376235419425923,0.817842549070553,0.6368112862231501,0.764092459078765,0.9922538332857866,0.8337281678941898,0.8166021730099036,0.6321722513605975,0.7608341974215636,0.9846267503264836,0.7148660757662453,0.6900487345721122,0.46217241314882535,0.6223624078290609,0.9776444235682035,25.463318817000072,61.97149756246543,1578,3174.5029296875,3256.0,0.6486093976882973,0,99,1.0,0.20422275651832522,0.1048919673687613,0.3035535472752479,0.990138374034353,0.7655932907895059,0.7807536492830043,0.3805646539747228,0.642303864682411,0.9902824419703414,0.7476242777326775,0.6820348980093389,0.4673215116579641,0.6323268957999936,0.9902104027621553,0.7565020958915694,0.7280631729648493,0.41950454338725995,0.6346899374145596,0.9806106197476723,0.6083662010142027,0.5724051363949767,0.2654259723633289,0.48206576992416944,0.9677749866156409,1.8826170789998287,209.2831327172061,394,1181.83447265625,3256.0,0.5464460647276026,0.38084216660813586,61,0,0.5016619644252653,61,0,0.3995985302893183,61,0,0.7610145159371452,61,0,0.6716254162004253,61,0,0.6932935991658868,61,0,1.5008802860002106,33.81408938200002
61,6039,0.00013151498716622607,0.0001285521667377275,0.5637314940856323,47,14,False,33.4500179759998,5.260691980000047,0.1424603463163545,0.06160119767991309,0.22331949407459062,0.9926615192934248,0.8285297806112507,0.8194504000988436,0.6208344002633793,0.7562715269911578,0.9918311881857139,0.8391115912621506,0.8194533779585073,0.6354333638318634,0.7646661110175071,0.9922461800302517,0.8337871131558439,0.8194518890259701,0.6280490554909886,0.7604293525576008,0.9846116783363201,0.7149527522475961,0.69412833022948,0.457778069984676,0.6222863841539173,0.9776013353780497,26.17135613900018,60.294926698448265,1578,3174.5029296875,3256.0,0.7286641817502301,0,99,1.0,0.1967854029333531,0.09849746500704494,0.2950733418240765,0.9902023506438339,0.7475072668017264,0.7633519930650446,0.44132227378472855,0.6507271778838333,0.9907392609255312,0.810510481829903,0.7296211775445002,0.37463681952127387,0.6382561596318924,0.9904707330231612,0.7777350104245424,0.7461055443262475,0.4052545633500358,0.6430317060336086,0.9811213655937379,0.6363063795966875,0.5950305792885447,0.2541186536964435,0.4951518708605586,0.9699013027442893,2.0074323300000287,196.2706259692422,394,1181.83447265625,3256.0,0.5522440455201009,0.431568319007264,61,0,0.4043166552262405,61,0,0.38852601025465433,61,0,0.7499719120893411,61,0,0.7258616671875245,61,0,0.7159620807855475,61,0,1.5644686129999172,35.02172936699981
62,6138,0.0001285521667377275,0.00012558173870916842,0.5637314940856323,47,15,False,32.79888534299971,5.14173111800028,0.13999721421110614,0.05917886900981116,0.2208155591716029,0.9926746659346789,0.83051924098909,0.824016570730537,0.634556585382537,0.7630307990340547,0.9920164297407703,0.8401315498213325,0.8175616988955797,0.6510821072726124,0.7695917853298416,0.992345438683487,0.835297742564296,0.8207764441691894,0.6427131372988252,0.7662624413441036,0.9848071718019868,0.7171770615464852,0.6960312487914297,0.47352785543046055,0.6289120552561251,0.9780217353230949,25.729512004999833,61.3303509096231,1578,3174.5029296875,3256.0,0.7184220943788086,0,99,1.0,0.19822993980446443,0.09820910363557375,0.29825077618136625,0.990079688322425,0.7570949220107155,0.7211340649454598,0.4322363579013774,0.6368217816191842,0.990496867194206,0.7908552600162361,0.7654811642032089,0.3400506643230109,0.632129029514152,0.9902882338220661,0.7736069394942988,0.7426461571998856,0.3806415397880824,0.6322982121607557,0.9807632900729761,0.6307985297758479,0.5906421342348785,0.23505699889218454,0.485499220967637,0.9693110896851206,1.9178626029997758,205.4370315077498,394,1181.83447265625,3256.0,0.545279152340765,0.44026630843462977,60,1,0.3700778651536229,61,0,0.37109430977980773,61,0,0.7024277021748048,61,0,0.7673822103094022,61,0,0.7194639949017222,61,0,1.5509282389998589,34.356177275999926
63,6237,0.00012558173870916842,0.00012260348252018965,0.5637314940856323,47,16,False,32.878604516999985,5.065864825000062,0.13886352286630407,0.059473911009927216,0.2182531346990733,0.9926871704915293,0.8329271280159183,0.8211629479377958,0.6417474989802339,0.7652791916446494,0.9920281059202489,0.8430809207896242,0.8207676223038116,0.6516897845322874,0.7718461092085743,0.9923575287780749,0.8379732669407874,0.8209652375297668,0.6466804299916631,0.7685396448207391,0.9848309863067654,0.7211307994048424,0.696302826398211,0.4778475419428681,0.6317603892486404,0.9782029842091453,25.86245685799986,61.01508486468052,1578,3174.5029296875,3256.0,0.7299750901833929,0,99,1.0,0.19750012457370758,0.09948031388714834,0.2955199407441967,0.9906459548202083,0.7478253559514012,0.7553513873967325,0.4279461094308496,0.6437076175929944,0.9900911573568162,0.807120003820257,0.7158375171154724,0.40232642299539884,0.6417613146437094,0.9903684783901081,0.7763421400749614,0.7350638113778931,0.4147409933916009,0.6420489816148185,0.9809207192847266,0.6344437979767646,0.5811074250145354,0.26162348970274796,0.492391570898016,0.9692990065831218,1.9407510549999643,203.01418823652642,394,1181.83447265625,3256.0,0.5559602966841195,0.4127986242297508,61,0,0.4380381760192272,61,0,0.3959622770272201,61,0,0.7461716287305946,61,0,0.7252425222887604,61,0,0.7159583163410188,61,0,1.5634761340002115,34.448433037000086
64,6336,0.00012260348252018965,0.0001196171650708153,0.5637314940856323,47,17,False,33.010245095999835,5.035693103000085,0.13697412634605993,0.05788749521562808,0.2160607579958605,0.9927422556446953,0.8365180467091295,0.8211801991608593,0.6480901195767392,0.7685961218155759,0.992116705066288,0.8443886103509831,0.8285988393009641,0.6522872330469612,0.7750915608996362,0.9924293817808488,0.8404349022326232,0.8248728393543205,0.6501819029850746,0.7718298815240061,0.9849725307938575,0.7247845798832632,0.7019434721439765,0.4816811275703954,0.6361363931992117,0.9785013138416905,26.037352161999934,60.605240893235035,1578,3174.5029296875,3256.0,0.6090205284682187,0,99,1.0,0.20056207667147447,0.10832567785294528,0.2927984723887468,0.9911399994163043,0.727896389259332,0.7854481965129096,0.43360793878426895,0.6489841748521702,0.9894105903419417,0.8314550403514637,0.6854685250851386,0.42829964328180736,0.6484077362394699,0.9902745398224831,0.7762369793117899,0.7320605019834872,0.43093744473227014,0.6464116420091824,0.9807364267593945,0.6343033464724698,0.5773623292977922,0.2746464398665986,0.49543737187895354,0.9691743027740324,1.9258341380000275,204.5866734967985,394,1181.83447265625,3256.0,0.5492409188644045,0.42152065106131537,61,0,0.46675331309818796,61,0,0.40785668118863316,61,0,0.7663276633467251,60,1,0.6712876077122082,61,0,0.690625156540176,61,0,1.557270711000001,34.57298104099982
65,6435,0.0001196171650708153,0.00011662253963962903,0.5637314940856323,47,18,False,32.852114733000235,5.1390952649999235,0.1351955320369759,0.05726865055783167,0.2131224136199939,0.9928992690669695,0.8337499158943483,0.8237509451258573,0.6545899870821971,0.7706969493674675,0.9920561235407434,0.8465189713279424,0.8292788823994259,0.6617178669300202,0.7791719068857962,0.9924775172332383,0.8400859249550224,0.8265056707078607,0.6581346280742629,0.7749087412457154,0.9850673649562555,0.7242656529729987,0.7043116017496355,0.49046248740271253,0.6396799140417823,0.9786809768966849,25.758311075000165,61.26178053387726,1578,3174.5029296875,3256.0,0.6466496604861636,0,99,1.0,0.19726887360442108,0.0997496838988689,0.2947880621186368,0.9905893355909998,0.756291275793089,0.7520553872782345,0.419157265532918,0.6425013095347473,0.9899135240385992,0.7907597535934292,0.7322262402134606,0.4118285684743835,0.6449381874270911,0.9902513145104332,0.7731415338357098,0.7420083607578049,0.41546060008657604,0.6435368315600303,0.9806908676789409,0.6301798904749764,0.5898356853983427,0.26219644655682023,0.4940706741433798,0.9691069162436549,1.9445110710003064,202.6216285810686,394,1181.83447265625,3256.0,0.5552582326982887,0.40605358297758304,61,0,0.44376195213874187,61,0,0.3961589193153776,61,0,0.7347857181728712,61,0,0.734069924242345,61,0,0.7143575460811996,61,0,1.5688521309998578,34.427166390000366
66,6534,0.00011662253963962903,0.00011361934467496179,0.5637314940856323,47,19,False,32.82433849400013,5.119625482999709,0.13230773472287355,0.056042229036678985,0.20857323972444572,0.9927824219031357,0.83993008273209,0.833762811447566,0.6571794966418186,0.7769574636071582,0.9923099295201429,0.8473140694491528,0.8311665897587757,0.6667555886282851,0.7817454159454046,0.9925461194802373,0.8436059186009756,0.832462676383089,0.661932910446981,0.7793338351436819,0.9852025374781085,0.7295142133383866,0.7130073356491979,0.4946933644919849,0.6457383044931898,0.9790643225453501,25.69837358099994,61.40466419114913,1578,3174.5029296875,3256.0,0.6435160636901855,0,99,1.0,0.20464670174012933,0.10824146817632133,0.3010519375353295,0.9889404662210894,0.7397280462590106,0.7981389968614709,0.43887739171477325,0.6589148116117516,0.9918445164078581,0.8149372045270045,0.6589053119404558,0.37495734891175103,0.6162666217930705,0.9903903624848529,0.7755134500160187,0.7218696391344149,0.40440717280756533,0.633930087319333,0.980963657322451,0.6333376630606223,0.564785612827118,0.25345261392228124,0.4838586299366739,0.9695180515347398,1.9968496090000372,197.3108030891237,394,1181.83447265625,3256.0,0.5358097372816412,0.42750225377018125,60,1,0.41347396363700284,61,0,0.38740448012616535,61,0,0.7695627078649424,60,1,0.653443990725546,61,0,0.684214994437117,61,0,1.4093701369997689,34.23995796999998
67,6633,0.00011361934467496179,0.00011060730243999958,0.5637314940856323,47,20,False,32.975059874999715,5.042966147999778,0.13429263211475126,0.05726810833687111,0.2113171557132131,0.9928529453370716,0.8380132593030598,0.8311666311469587,0.6481573990476496,0.7724457631658893,0.9922134773913711,0.8462239100706274,0.8290403870646568,0.6620788449924863,0.7791143807092569,0.992533108365337,0.8420985712388408,0.830102147554553,0.6550441633511346,0.7757482940481761,0.9851768992179036,0.7272627447569554,0.7095509627779756,0.48703767477098975,0.6412837941019736,0.9788208394600563,26.033433092999985,60.61436439684559,1578,3174.5029296875,3256.0,0.6198777032620979,0,99,1.0,0.19572755444775983,0.09887210582264788,0.29258300288377076,0.9910383842788427,0.7452958132192554,0.7393383483878184,0.4479149241247461,0.6441830285772733,0.9898004846542793,0.8161453607755121,0.7425622301021662,0.38759241069120615,0.6487666671896282,0.9904190476618833,0.779113207074103,0.740946782460037,0.41557606496494,0.64521201816636,0.9810199423514718,0.6381535221680394,0.5884952058720416,0.2622884291101953,0.4963123857167588,0.9696901582824398,1.88870610999993,208.60842134937266,394,1181.83447265625,3256.0,0.5577792124483093,0.4334439908435975,61,0,0.420651935551729,61,0,0.3969984577433809,61,0,0.7227700385900889,61,0,0.7487626170980894,61,0,0.7185599671532377,61,0,1.5507647710001038,34.53204882499995
68,6732,0.00011060730243999958,0.0001075861174891823,0.5637314940856323,47,21,False,32.81857639400005,5.051547122000102,0.13205951329495366,0.056024861974105784,0.20809416510684106,0.9929666952836488,0.8397794896316566,0.8318622252435984,0.662018906066676,0.7778868736473105,0.9923060820286006,0.8486250659353587,0.8336621647645313,0.6720981552596046,0.7847951286531648,0.9926362787443086,0.8441791067313191,0.8327612224027933,0.6670204563189773,0.7813202618176965,0.9853802135210659,0.7303719042004566,0.7134454735277518,0.5003981189966356,0.6480718322416147,0.9792426318421261,25.79969247600002,61.16351973838151,1578,3174.5029296875,3256.0,0.649964861797564,0,99,1.0,0.19504405369008254,0.09733902744305921,0.29274907995601596,0.9898293490843272,0.7552668142053504,0.7628277459393652,0.44315452830851776,0.6537496961510777,0.9910668920129267,0.7969199178644764,0.721546185443949,0.3911389133019697,0.6365350055367984,0.9904477339780262,0.7755344831993011,0.7416129299985926,0.4155252144685245,0.6442242092221394,0.9810762328143475,0.6333657196207768,0.5893361014888394,0.2622479185297645,0.49498324654646025,0.9698343809486041,1.957364165999934,201.29110711430758,394,1181.83447265625,3256.0,0.5563859004170295,0.42588978304978853,61,0,0.42361625188685015,61,0,0.3947831826238447,61,0,0.747938314043533,61,0,0.7245917303958089,61,0,0.7179886182102144,61,0,1.5614397970002756,34.38539486899981
69,6831,0.0001075861174891823,0.0001045554749489401,0.5637314940856323,47,22,False,32.935110999000244,5.130853035999735,0.12965853823908383,0.054019439668029884,0.20529763646074423,0.9929468446899039,0.8451999244380077,0.8354275173611111,0.6688627993381433,0.7831634137124208,0.9925484406782996,0.8489569102482366,0.8392857791714661,0.6745104738814092,0.7875843877670373,0.9927476027127763,0.8470742515710729,0.8373522038684839,0.6716747649176775,0.7853670734524115,0.9855996425389383,0.7347170906065433,0.7202114059430639,0.5056553524529335,0.6535279496675136,0.9796385867816263,25.84784554099997,61.04957558249755,1578,3174.5029296875,3256.0,0.5663642826104405,0,99,1.0,0.20421624690445547,0.11034459991352207,0.2980878931011645,0.9887605778842007,0.7335552426065804,0.8119405586786944,0.4505285852535127,0.6653414621795958,0.9916975152644789,0.8208490520987537,0.6541305340027385,0.38027193299901774,0.6184171730335032,0.9902268688960527,0.7747509803037815,0.7245420960528874,0.41242963195550275,0.6372409027707239,0.9806429171010668,0.6323212407024565,0.5680642958193083,0.25978667796849614,0.4867240714967536,0.9695473298203522,1.9467139830003362,202.39234085777457,394,1181.83447265625,3256.0,0.5442626891941661,0.43100390567166585,61,0,0.4175095341757261,61,0,0.3911137668995316,61,0,0.7971733297267491,61,0,0.6576430405351955,61,0,0.6974116114888006,61,0,1.5612121849999312,34.50285854699996
70,6930,0.0001045554749489401,0.00010151503857049495,0.5637314940856323,47,23,False,33.04633477800007,5.11839505900025,0.1286338415133787,0.05400583820821214,0.20326184499324199,0.9929690821294164,0.8428497347819839,0.8391615387553681,0.6686931225694777,0.7835681320356098,0.9925331963121188,0.8533766524589044,0.8382162434205626,0.6707601873908954,0.7874510277567874,0.9927510913748275,0.8480805281706522,0.8386886247248122,0.6697250600171728,0.785498070970879,0.9856065197726216,0.7362324788414478,0.7221910011223942,0.50344860290747,0.653957360957104,0.9796750995747188,25.99167694400012,60.71174258589972,1578,3174.5029296875,3256.0,0.6068487147791217,0,99,1.0,0.19931320861208862,0.10131444241189715,0.2973119736020335,0.9898977166677864,0.7451509997620663,0.772822304911277,0.44034046066610816,0.6527712551131505,0.9910077918929951,0.8075784346497302,0.718969209704034,0.37497802822726567,0.6338418908603433,0.9904524432440994,0.7751097707418577,0.7449237193804428,0.40503925751365355,0.6416909158786513,0.9810854739987072,0.6327993743662278,0.5935286411537615,0.2539493585793513,0.4934257913664469,0.9698261706357075,1.9259788120002668,204.57130553310856,394,1181.83447265625,3256.0,0.5535217178122842,0.427981254708115,61,0,0.4116991766538752,61,0,0.3892296667485608,61,0,0.758066240862164,61,0,0.7201335695658634,61,0,0.7178137688760077,61,0,1.547196686999996,34.600036769000326
71,7029,0.00010151503857049495,9.846444851587612e-05,0.5637314940856323,47,24,False,32.735678415000166,5.06629956300003,0.12825379096660927,0.053856003991740134,0.2026515788149622,0.9931281263034272,0.8467167066743367,0.8346118314395505,0.6644099849579992,0.7819128410239622,0.9923318317768479,0.8509240319138573,0.843675111963009,0.679034560217142,0.7912112346980028,0.9927298193580019,0.8488151557099538,0.8391189994100039,0.6716426719065159,0.7865256090088245,0.9855645867777711,0.7373404539854167,0.7228294708790456,0.5056189759351022,0.6552629669331882,0.9796645789394209,25.74867164699981,61.284714863489505,1578,3174.5029296875,3256.0,0.5689317728533889,0,99,1.0,0.19598704614312515,0.09813620585021633,0.29383788813794326,0.9901507940283928,0.7569968679271164,0.7786554353527905,0.42600844277673544,0.6538869153522141,0.9908909234868205,0.7905973926746573,0.7191798616718744,0.4132037429561082,0.6409936657675467,0.9905207204991312,0.773432372142999,0.7477368298096017,0.41950840580927234,0.6468925359206243,0.9812194669204983,0.6305664315422234,0.5971083775432869,0.2654290648246546,0.4977012913033883,0.9697439125951777,1.9107231020002473,206.2046560213459,394,1181.83447265625,3256.0,0.5613740304518413,0.41190091322151184,61,0,0.4368755688341018,61,0,0.3958734308066249,61,0,0.7570980864547678,61,0,0.7289742047386193,61,0,0.7268746300970578,61,0,1.5566956139996364,34.298663953000414
72,7128,9.846444851587612e-05,9.540331883009983e-05,0.5637314940856323,47,25,False,32.96847225200008,5.07730771200022,0.12778850893179575,0.05317332199450077,0.20240369422127538,0.993061040455561,0.8453189131041278,0.84099524946661,0.6764512307489798,0.7875884644399059,0.9926195863909295,0.8508943480240854,0.8406912125104232,0.6854613571958431,0.7923489725767839,0.992840264351484,0.8480974673665126,0.8408432035046566,0.6809264894242683,0.7899557200984791,0.9857823235081855,0.7362580108471385,0.7253921178281547,0.5162157256323543,0.6592886181025491,0.9799744735350325,25.91541078399996,60.89041046473587,1578,3174.5029296875,3256.0,0.5653620160589314,0,99,1.0,0.19788026590335187,0.10008037600874296,0.29568015606270226,0.9891613924575988,0.7592602643076172,0.7578523688194675,0.4529035177618357,0.6566720502963067,0.9919437380176588,0.801666587077981,0.7205490994628375,0.3518378741663651,0.6246845202357278,0.9905506114173351,0.7798873909448197,0.7387301130228205,0.3960243936502025,0.6382139658726143,0.9812781330306566,0.6391929606798685,0.5857034411511218,0.24690175591351038,0.4905993859148336,0.9701934659541561,1.9663546390002011,200.37077350417852,394,1181.83447265625,3256.0,0.5477646562797821,0.4436200196268133,61,0,0.39116600269178237,61,0,0.38201005035680774,61,0,0.7342047340315733,61,0,0.725060923682528,61,0,0.7135192622027565,61,0,1.552978793999955,34.52717738199999
73,7227,9.540331883009983e-05,9.233123454218353e-05,0.5637314940856323,47,26,False,33.09872212600021,5.163075991000369,0.12581730006010058,0.053130299202314046,0.19850430045517678,0.9930464754899497,0.8464602990813875,0.8421017246047364,0.6728248789941127,0.7871289675600789,0.9925801678338866,0.8498621160754946,0.8420221628290221,0.6857120124680868,0.7925320971242011,0.9928132669077098,0.8481577965644858,0.8420619418375412,0.6792073218079219,0.789809020069983,0.9857290950006354,0.7363489495650954,0.7272081057373795,0.5142421918462113,0.6592664157162287,0.9799391597849335,25.981045472000005,60.73658589684638,1578,3174.5029296875,3256.0,0.5997735135483019,0,99,1.0,0.19978277778564976,0.10299303072509426,0.2965725242789022,0.991070467240435,0.7337921587625077,0.7332759174578437,0.4697389382436098,0.6456023381546537,0.9899336680231393,0.839062126928036,0.7532844152652459,0.33841699839735306,0.643587846863545,0.9905017414556734,0.782904322486644,0.7431455132379224,0.3934083369392759,0.6398193908879475,0.9811822190599458,0.6432561851556265,0.5912741061635719,0.24487139201867397,0.4931338944459575,0.9700572986893242,1.9445872999999665,202.61368569053536,394,1181.83447265625,3256.0,0.5387060075779201,0.433149948496516,61,0,0.3681501017002279,61,0,0.3701334168251336,61,0,0.7277429200244399,61,0,0.740013273510176,61,0,0.7072785983307065,61,0,1.562097036999603,34.66740942500019
74,7326,9.233123454218353e-05,8.924774832466956e-05,0.5637314940856323,47,27,False,32.743533540000044,5.117235208999773,0.12523070805917372,0.05280421347521406,0.19765720162328204,0.9931352073751902,0.8466100453029359,0.8418249471489518,0.6758247445206788,0.7880865789908555,0.9925165814499505,0.8549961293847999,0.8413844725563616,0.6876233001256696,0.7946679673556103,0.9928257980467228,0.8507824226309413,0.8416046522193449,0.6816729731046467,0.7913533493183108,0.9857538012006982,0.7403144882091565,0.7265262708726837,0.5170742609365898,0.66130500667281,0.9800546547003723,25.70895691199985,61.37938639056401,1578,3174.5029296875,3256.0,0.5326771492307837,0,99,1.0,0.19810097736453042,0.09946466443426719,0.2967372895194794,0.9898470759462331,0.7610592439962801,0.7448885809626152,0.435160901395846,0.6470362421182471,0.9910459156323314,0.7972350890597393,0.7398307762525015,0.36199141808406143,0.633019094465434,0.9904461330194104,0.7787272549175089,0.7423510637173566,0.39521809807640207,0.6387654722370892,0.9810730912077755,0.6376358254559343,0.5902689075630252,0.24627527117714093,0.49139333473203345,0.9697917802684803,1.9079035310001018,206.50939295314873,394,1181.83447265625,3256.0,0.5478714555944098,0.4346730900914425,61,0,0.3945169613086382,61,0,0.382344907893212,61,0,0.7214939970920906,61,0,0.7414265524624943,61,0,0.7133980032956075,61,0,1.5796419319999586,34.32969722200005
75,7425,8.924774832466956e-05,8.615237662477761e-05,0.5637314940856323,47,28,False,32.88469822399975,5.077230636999957,0.12346600611777965,0.05110219283872231,0.19582981911826647,0.9932747830432788,0.8499257690352979,0.8425366212787765,0.6893545152757972,0.793938968529957,0.9926681971425931,0.8589033887070087,0.8484354018385232,0.6933968555563615,0.8002452153672978,0.9929713974552171,0.8543909961582166,0.8454757229164912,0.6913697767200951,0.797078831931601,0.9860409078212446,0.7457963347817873,0.7323152398772266,0.528315611561584,0.6688090620735326,0.9805611923469185,25.88239553700032,60.96808148009953,1578,3174.5029296875,3256.0,0.5207668124425291,0,99,1.0,0.19852852972630922,0.10149738103680804,0.29555968123341575,0.9904696136506732,0.7370027134571872,0.7623149613285813,0.43340187071393765,0.6442398484999021,0.9902151843690671,0.8119383028508668,0.723919530948285,0.37704595977873134,0.6376345978592943,0.9903423826684867,0.7726578689060967,0.7426212917376476,0.40326451170557465,0.6395145574497729,0.9808695201903433,0.6295374772293064,0.5906106782768102,0.2525556140399479,0.4909012565153548,0.9693702659026016,1.9157070239998575,205.6681919855138,394,1181.83447265625,3256.0,0.5524077660377726,0.4183518809395138,61,0,0.41030656726423476,61,0,0.38500397945238946,61,0,0.7399169855640925,61,0,0.7284603688152946,61,0,0.7198115526231558,61,0,1.5699806790003095,34.46132214399995
76,7524,8.615237662477761e-05,8.304459515902905e-05,0.5637314940856323,47,29,False,32.84914894400026,5.0956718410002395,0.12242536769922543,0.05061338100634298,0.19423735508145187,0.9931074468688214,0.8527937097840819,0.8465500249998188,0.6959071959060307,0.7984169768966437,0.9927675691753415,0.8580408080654751,0.8490093658306156,0.6988058660688586,0.8019520133216497,0.9929374789374599,0.8554092125473857,0.847777911827643,0.6973535187948504,0.8001802143899597,0.9859740166775574,0.747349377545815,0.73577647966494,0.5353359709302639,0.6728206093803397,0.980728710256753,25.798762244000045,61.16572512570798,1578,3174.5029296875,3256.0,0.5533190742887631,0,99,1.0,0.20180713109256046,0.10665688374396508,0.29695737664469607,0.988916657593614,0.7465160227130242,0.7931401440733464,0.43817623434916136,0.6592774670451773,0.9919478999979356,0.796060360059214,0.6803356388020925,0.3835599441658481,0.6199853143423849,0.9904299594977495,0.7704925609750461,0.732419918737598,0.40905306685044796,0.637321848854364,0.9810413540055338,0.6266676691164033,0.5778095834451501,0.25711295476126117,0.48719673577427147,0.9696035627181154,1.9435982639997746,202.7167894198354,394,1181.83447265625,3256.0,0.5492281343969101,0.431091259411475,61,0,0.40934283214823275,61,0,0.3896756356637762,61,0,0.7647189204229998,61,0,0.6896578920169114,61,0,0.708780633130044,61,0,1.5420475749997422,34.39688482700012
77,7623,8.304459515902905e-05,7.992383363559117e-05,0.5637314940856323,47,30,False,32.95106967200036,5.124380731000201,0.12484812022615295,0.052481307436833664,0.19721493251498964,0.9932184634912584,0.8470735578405783,0.8406473257342085,0.6792889189326838,0.7890032675024902,0.99255545729069,0.8547535645567123,0.847151623932245,0.6866841403196743,0.7961964429362105,0.9928868497093862,0.8508962320286069,0.8438869419734755,0.6829665111862134,0.7925832283960985,0.985874178510009,0.7404868522281183,0.7299346167873786,0.5185642711343212,0.662995246716606,0.9801909588135694,25.910409313999935,60.90216410233912,1578,3174.5029296875,3256.0,0.5664910836653276,0,99,1.0,0.1987387067472874,0.10147209249928518,0.2960053193690208,0.9897163309783873,0.7476927331688843,0.7683555916501233,0.438065143412737,0.6513711560772483,0.9912145590731503,0.8004393295449119,0.7174735807323667,0.3726826242051388,0.6301985114941392,0.9904648784518829,0.7731674634968738,0.7420433625394428,0.40273750663426355,0.6393161108901934,0.9811098765271385,0.6302143450651005,0.5898799214871262,0.25214234248099,0.4907455363444056,0.9697195914796162,1.9065039859997341,206.6609893781019,394,1181.83447265625,3256.0,0.5527051395046179,0.42343749886182985,61,0,0.4058053030449784,61,0,0.3838140539533576,61,0,0.7526129741348981,61,0,0.7254468575838946,61,0,0.7215962250558782,61,0,1.5570043289999376,34.514670303
78,7722,7.992383363559117e-05,7.67894695324386e-05,0.5637314940856323,47,31,False,32.86240205799959,5.074541432999922,0.12136080589131257,0.05066259111854966,0.19205902108901354,0.9933003282357742,0.8521582868949972,0.8484366345558608,0.6939695712955422,0.7981881642488,0.9928331604305626,0.8608732064377216,0.8516399459286608,0.6958632003388633,0.8027921175684152,0.9930666893907993,0.8564935784158246,0.8500352723771043,0.6949150957947529,0.8004813155292273,0.9862288583838665,0.7490063564568944,0.7391837783879001,0.5324673464198353,0.6735524937548766,0.9808845471671024,25.869325742,60.998883996348106,1578,3174.5029296875,3256.0,0.5244575615483101,0,99,1.0,0.20170992809503815,0.10401748221008306,0.29940237505786915,0.9891569890244777,0.7371153101192269,0.7506117353308365,0.4780673557193017,0.6552648003897884,0.9916883589078698,0.8177928465689318,0.7388056033423446,0.2998604146202761,0.6188196215105175,0.9904210565169637,0.7753610721238737,0.7446618776319048,0.3685521483307705,0.6295250326955163,0.9810238841749431,0.6331344320963007,0.5931962587315995,0.22590495182158798,0.48407854754982943,0.9701029976007297,1.9089927929999249,206.39155969826413,394,1181.83447265625,3256.0,0.5392540484365518,0.46041898661085223,61,0,0.33270437301750233,61,0,0.35262834089441836,61,0,0.7369828958575088,61,0,0.7524935684625556,61,0,0.7258797559786853,61,0,1.5512755459999426,34.4199507899998
79,7821,7.67894695324386e-05,7.364082071155726e-05,0.5637314940856323,47,32,False,32.80339435199994,5.085961448000035,0.12138592537742755,0.050572440566445484,0.19219940914022907,0.9932809229204046,0.853392463539237,0.8450601116009696,0.6927165637121103,0.7970563796174389,0.9927962748188813,0.8585254353919792,0.8493558590393206,0.6995224423994403,0.8024679122769133,0.9930385397370517,0.8559512541783348,0.8472025399494765,0.6961028679864721,0.7997522207047613,0.9861733332651472,0.7481772584467838,0.7349101375642745,0.5338633323869064,0.6723169094659882,0.980788778442847,25.77968286100031,61.2109934985744,1578,3174.5029296875,3256.0,0.559302331973808,0,99,1.0,0.20356982023582845,0.1094697074312244,0.2976699280859855,0.9893722407487717,0.7435252501910873,0.7900928692300841,0.42494709802989666,0.6528550724836893,0.9912884758428676,0.7989780812759658,0.6851946775269459,0.3882851677609471,0.624152642187953,0.9903294313432868,0.7702549040369396,0.7339144561187115,0.4057897409852717,0.636653033713641,0.9808441110260763,0.6263533040834968,0.5796720921943685,0.2545396623128385,0.4868550195302346,0.9692626023655615,1.9282049299999926,204.33512738710897,394,1181.83447265625,3256.0,0.5445448091339933,0.409941827292383,61,0,0.4212959838161226,61,0,0.383998776825492,61,0,0.771330473073165,61,0,0.6865690867954518,61,0,0.7050908414424947,61,0,1.5916237259998525,34.401636202999725
80,7920,7.364082071155726e-05,7.047713658528111e-05,0.5637314940856323,47,33,False,32.9694048209999,5.027037486000154,0.12059662685610345,0.05041314656309151,0.19078010690831715,0.9932642913155586,0.8549970794980765,0.8503002959226811,0.6914655696062731,0.7989209816756769,0.9928691422502159,0.859221888528207,0.8478161337209302,0.7032518042177979,0.803429942155645,0.9930666774746563,0.857104277848797,0.8490563977903769,0.6973088863829372,0.801156520674037,0.9862288348786485,0.7499409274500755,0.737704607037502,0.5352833677100811,0.6743096340658862,0.9809079091660725,26.01533797000002,60.656525078386245,1578,3174.5029296875,3256.0,0.5348929573189128,0,99,1.0,0.1990543492705689,0.10126271847692238,0.2968459819930459,0.9901070387066977,0.7528370935902867,0.7326194443685634,0.4466579463701766,0.6440381614430088,0.9907301045689221,0.7976744186046512,0.7532633500684619,0.35306829343948715,0.6346686873708667,0.9904184736461425,0.7746074585199818,0.7427979906038921,0.394386856466376,0.6372641018634165,0.9810188160069421,0.6321300581643967,0.590834237499105,0.2456300622940914,0.4895314526525311,0.9696748220375951,1.9171796700002233,205.51021177892738,394,1181.83447265625,3256.0,0.5487693930511595,0.43362431268938173,61,0,0.3771176606367694,61,0,0.3747656528214364,61,0,0.720058726498094,61,0,0.7631840148630448,61,0,0.7227731332808824,61,0,1.539590015000158,34.514740988000085
81,8019,7.047713658528111e-05,6.729758746382672e-05,0.5637314940856323,47,34,False,32.838613888000054,5.125655005999761,0.11934835747998628,0.04923725544613124,0.18945945959882893,0.9934289807812207,0.8536358361028841,0.8500738153535935,0.7001448138538587,0.8012848217701122,0.9928406541303312,0.859757694287966,0.8578283089791595,0.7060005990770469,0.8078622007813908,0.993134730325549,0.8566858286688848,0.8539334580629176,0.703060513480195,0.8045599334039991,0.9863630817722598,0.7493004548972567,0.7450993697273447,0.5420919948753978,0.6788306064999997,0.9811562657809529,25.710210955000093,61.37639254543387,1578,3174.5029296875,3256.0,0.5154105605501117,0,99,1.0,0.20309980591844182,0.10858210183793518,0.29761750701115214,0.9896592002598457,0.7263422832821868,0.7754990112470647,0.4635697028779723,0.6551369991357413,0.9911622846008727,0.8296069910701495,0.7049327669135976,0.3392545106756966,0.6245980895531479,0.9904101721461227,0.7745479188215573,0.7385340841796293,0.3917871684955879,0.6349563904989249,0.9810025267899881,0.632050759648408,0.5854570265573427,0.24361649205913144,0.48704142608829404,0.969839647941783,1.9933092059995943,197.66125537077372,394,1181.83447265625,3256.0,0.539090402855195,0.43840760195847683,61,0,0.36941003165283515,61,0,0.3696594833237943,61,0,0.7559885301240398,61,0,0.7053080828767393,61,0,0.7085213223865958,61,0,1.4991682949998903,34.34421864599972
82,8118,6.729758746382672e-05,6.410125159336154e-05,0.5637314940856323,47,35,False,32.79416656000012,5.064268059999904,0.11930723390122934,0.04920940007660325,0.18940506796193213,0.993418061587693,0.8553982238741212,0.8495064425649124,0.7064593441281347,0.8037880035223894,0.9929365665663459,0.8629459411935114,0.8562204077776445,0.7070363141957194,0.8087342210556251,0.9931772557195006,0.8591555060999763,0.852850211646244,0.7067477114061855,0.8062511430508019,0.9864469802271397,0.7530873056703091,0.7434514832366805,0.5464886609051741,0.6810091499373879,0.9813260657403556,25.80687164100027,61.1465047740609,1578,3174.5029296875,3256.0,0.6742589544467251,0,99,1.0,0.20188420277259073,0.10724946162497936,0.29651894469551626,0.9894799695149615,0.74101945256002,0.7825466191272521,0.4369017586635605,0.6534892767836108,0.9912297086813582,0.8078601785970106,0.6965909489871152,0.3742542521842527,0.6262351265894596,0.9903540662470994,0.7729975851536066,0.7370712552983614,0.4031587975184059,0.6377425459901246,0.980892442725845,0.6299886420764519,0.5836206186537398,0.2524726922701338,0.48869398433344174,0.9695372605686865,1.9135012280003139,205.9052767955346,394,1181.83447265625,3256.0,0.549242148701035,0.42276183252589655,61,0,0.41594738793530744,61,0,0.3870472872276822,61,0,0.7652810920707205,61,0,0.6954036786492936,61,0,0.711437010174388,61,0,1.5541904840001735,34.35482169099987
83,8217,6.410125159336154e-05,6.0887099226694185e-05,0.5637314940856323,47,36,False,32.895880230999865,5.016663787000198,0.11943955717582364,0.05001050852834045,0.18886860685732276,0.9932952942998102,0.8532866175264532,0.8509359318452419,0.7011688405746312,0.8017971299821087,0.9929206293993583,0.8608137153324655,0.8531158644822882,0.7023206943596152,0.8054167580581231,0.9931079265125935,0.857033639625195,0.8520245038087599,0.7017442947998503,0.8036008127446017,0.9863102041045261,0.7498327766568335,0.7421974655692669,0.540528566128399,0.677519602784833,0.9811020767734078,25.932858705999934,60.8494427047068,1578,3174.5029296875,3256.0,0.6402362205765464,0,99,1.0,0.2052812088413287,0.11002021042752992,0.30054219846192953,0.988751932662608,0.7338025012713215,0.786290032673212,0.45491382420693294,0.6583354527171554,0.9919217627617969,0.8131082565302516,0.6911280412877857,0.3389546606007341,0.6143969861395905,0.9903343112462311,0.7714224876090718,0.7356442969573309,0.3884652529669327,0.6318440125111118,0.9808536848158139,0.6278989154764933,0.5818333362889926,0.2410529798889665,0.4835950772181508,0.9697020864728744,1.9365001890000713,203.45983038785312,394,1181.83447265625,3256.0,0.5377692322992828,0.42854517842729656,61,0,0.3744418597004932,61,0,0.36833027947709496,61,0,0.7648410431380086,61,0,0.691960186037545,61,0,0.7072081851214705,61,0,1.560087360000125,34.462283126999864
84,8316,6.0887099226694185e-05,5.7653972831108705e-05,0.5637314940856323,47,37,False,32.95147792800026,5.094540851999682,0.11854911187642428,0.04970157951003245,0.1873966443561329,0.9932627454921554,0.856274891638922,0.8555691778106255,0.7037458962193014,0.8051966552229497,0.9930145299023583,0.8621401961962468,0.8507334425836365,0.7098644948395704,0.8075793778731511,0.9931386221880981,0.8591975341714545,0.8531444578560204,0.7067919538154132,0.8063779819476293,0.9863707597428895,0.7531518908029655,0.7438987967578868,0.5465415683893207,0.6811974186500578,0.9813040574996039,25.9065580030001,60.911217916994616,1578,3174.5029296875,3256.0,0.535614287010347,0,99,1.0,0.20301018927605624,0.1098149763372949,0.2962054009667508,0.9889842447808378,0.7466376844957191,0.7885229072330673,0.4464796866368704,0.6605467594552189,0.9918396885107369,0.8053817869251707,0.6957483411157532,0.3677092488238639,0.6229464589549293,0.9904099085227109,0.7748980004410791,0.739236181054485,0.4032840610771856,0.6391394141909167,0.9810020095120857,0.6325171297737407,0.586339939285989,0.2525709496889293,0.490476006249553,0.969907809029981,1.9404146589999982,203.0493833740927,394,1181.83447265625,3256.0,0.5461805734068543,0.42920288392497014,61,0,0.3970230506415909,61,0,0.38352252193361164,61,0,0.7665036185248837,61,0,0.6935184195348132,61,0,0.708838624880097,61,0,1.4379797520000466,34.39481492599998
85,8415,5.7653972831108705e-05,5.440056219410236e-05,0.5637314940856323,47,38,False,33.08428952999975,5.0678413980003825,0.11815789221055305,0.04895788630416336,0.18735789831524718,0.9934198796625127,0.8567373030653848,0.851483240490097,0.7048467653820368,0.8043557696458395,0.9928949928359951,0.8611782206020375,0.8590223924529947,0.7110405414260172,0.8104137181603498,0.9931573668981696,0.8589520218109057,0.8552362018485873,0.707930106117637,0.8073727765923766,0.9864077406401633,0.752774675762635,0.7470852967482373,0.5479038784740005,0.6825879503282909,0.9813589427256615,26.10634764300039,60.44506958916146,1578,3174.5029296875,3256.0,0.5492584694816609,0,99,1.0,0.20099802504336167,0.10706601728718293,0.2949300317594848,0.9900140852379786,0.7498949514094392,0.7765758058871564,0.42902336412667375,0.6518313738077564,0.9908731102112355,0.801088773219999,0.7011620966892532,0.4038360130279688,0.635362294312407,0.9904434114636462,0.7746469767914369,0.7369446494464945,0.41604883037198004,0.6425468188699704,0.9810677506444511,0.6321826952065119,0.5834618800542234,0.26266518712801373,0.49276992079624965,0.9695298248136104,1.900210051999693,207.34549824392974,394,1181.83447265625,3256.0,0.5500264553584036,0.41333248348612,61,0,0.43083936534233636,61,0,0.3915668825973458,61,0,0.7542849196849493,61,0,0.7045275995466572,61,0,0.7084860281194613,61,0,1.5574424940000426,34.648318668999764
86,8514,5.440056219410236e-05,5.1125372679995014e-05,0.5637314940856323,47,39,False,32.985953806,5.092179650000162,0.1145471901135904,0.0473397783510132,0.18175460164953397,0.9934728499490645,0.8597521298592321,0.8566032767014371,0.7203686355332802,0.8122413473646498,0.9930936625311014,0.8657882486287368,0.8627721711010383,0.7198274752457869,0.8161292983251874,0.9932832200512373,0.8627596317600061,0.8596766573077946,0.7200979537178048,0.8141780809285352,0.9866560683549854,0.7586431645011185,0.7538885026050348,0.5626195815605691,0.6917170828889074,0.9819101930722235,25.96811023700002,60.76684000484663,1578,3174.5029296875,3256.0,0.4622622472469253,0,99,1.0,0.20315279588481497,0.10925597973583918,0.29704960968893795,0.9893244937266324,0.7494789814593921,0.7807901758546976,0.4320329792591378,0.6541007121910758,0.9914356434654579,0.7951148464734253,0.7027138995190113,0.3814299746678385,0.626419573553425,0.9903789435347276,0.7716227457359276,0.7396974747680061,0.4051575490659081,0.6388259231899472,0.9809412523566888,0.6281643062482551,0.5869205686403303,0.25404236564471255,0.489709080177766,0.9695580187182741,1.9156692930000645,205.67224282379658,394,1181.83447265625,3256.0,0.549264506788845,0.4161677742506572,61,0,0.4136133009232127,61,0,0.3857676192974299,61,0,0.7602474733175842,61,0,0.7053118623119645,61,0,0.7127613942802601,61,0,1.5627273120003338,34.55518019300007
87,8613,5.1125372679995014e-05,4.782668412274938e-05,0.5637314940856323,47,40,False,32.84297928299975,5.059784464000131,0.11419586550222452,0.04715337895602932,0.18123835244030706,0.9934723310095529,0.8615374138163694,0.8591205816648035,0.7176186383591554,0.8127588779467761,0.9931819071636143,0.8641387807352424,0.8614023263714164,0.7229791396571171,0.8161734155879253,0.9933270978584281,0.8628361365632841,0.8602599410016655,0.7202889157266958,0.8144616644305485,0.9867426606450295,0.7587614804744467,0.7547860884680219,0.5628527599537974,0.6921334429654221,0.9819643820797687,25.837093747999916,61.07498062246862,1578,3174.5029296875,3256.0,0.47357659749310427,0,99,1.0,0.2045604939085578,0.11043427445864315,0.29868671207258546,0.9893845719411315,0.7403409239002945,0.7677471042326497,0.45778724716502434,0.6552917584326562,0.9915989595715224,0.8138341053435844,0.7199943826141909,0.33768288269658275,0.6238371235514527,0.9904905281103548,0.7753498571454569,0.7431043729073964,0.38866806302661017,0.6357074310264879,0.9811602126489314,0.6331194763413737,0.5912220210570015,0.2412091848416139,0.48851689407999643,0.9700430468254283,1.9357758030000696,203.5359670212728,394,1181.83447265625,3256.0,0.5406760229023377,0.4370902508659048,61,0,0.36709993698018817,61,0,0.36780984026623004,61,0,0.7523861635127057,61,0,0.7174814574494561,61,0,0.7135422055384455,61,0,1.5524487149996276,34.402321033000135
88,8712,4.782668412274938e-05,4.450249664925861e-05,0.5637314940856323,47,41,False,32.78473495599974,5.072492495000006,0.11263353610824421,0.04777250966323948,0.1774945618686265,0.9933828603736734,0.8636132509597539,0.8556544888744986,0.7166571490004139,0.8119749629448888,0.9931002172825802,0.8594148282802215,0.8642938516242621,0.7252743395961534,0.8163276731668789,0.9932415187204506,0.8615089245689888,0.8599524723335289,0.7209399955112051,0.8141337974712409,0.986573778308856,0.7567111795257927,0.7543128259694046,0.5636482987358713,0.6915574347436895,0.9818432787374247,25.748132403,61.28599835132672,1578,3174.5029296875,3256.0,0.5590626055544073,0,99,1.0,0.20176232708287117,0.11619035052466513,0.28733430243083063,0.9897226562162241,0.7500315144966685,0.7680087001490585,0.42533266496536637,0.6477909598703645,0.990901078718696,0.7955541760183372,0.7091036758768389,0.3860207827120922,0.6302262115357561,0.9903115169012294,0.7721224480337404,0.7373816660399333,0.4047243496972752,0.6380761545903163,0.9808089658128292,0.6288269109548452,0.5840099467962063,0.2537018286591871,0.48884622880341294,0.9692845998076618,1.9547168069998406,201.56372451962662,394,1181.83447265625,3256.0,0.5473834011172591,0.4143243498527774,61,0,0.4160657621439833,61,0,0.3851027977128517,61,0,0.751012662960395,61,0,0.7111566913134044,61,0,0.7096640045216666,61,0,1.546068199000274,34.336439474000144
89,8811,4.450249664925861e-05,4.115045782355345e-05,0.5637314940856323,47,42,False,32.81316794099985,5.057016512000246,0.110551054071262,0.04966374012170636,0.17143836853546485,0.9930087540183832,0.8641200738876624,0.8535801338448669,0.7107281176473348,0.8094761084599545,0.9934341027335714,0.8492902507527643,0.8602334378667907,0.7089950928198852,0.80617292714648,0.9932213828369051,0.8566409851493835,0.8568938712497308,0.7098605475010075,0.8077984679667073,0.9865340462192259,0.7492318458356725,0.749618823395298,0.5502200139109085,0.683023561047293,0.9814902572728533,25.832927608999853,61.08483033298346,1578,3174.5029296875,3256.0,0.6889262840603337,0,99,1.0,0.20197399490073248,0.12585643582462056,0.2780915526720473,0.9893521911572306,0.7442760513330225,0.7768835800704085,0.45361764403820476,0.6582590918138785,0.9915210473007394,0.8081371472231508,0.7096935013867921,0.3653518068551931,0.6277274851550453,0.9904354318897651,0.7748930831433098,0.7417701173888952,0.40472822445321316,0.6404638083284727,0.9810520923329581,0.6325105772249547,0.589534653118839,0.2537048737758121,0.491916701373202,0.9699730267984613,1.9138019320002968,205.87292415793155,394,1181.83447265625,3256.0,0.5456999034666459,0.4340805088528638,61,0,0.39491904632490843,61,0,0.3828312820354615,61,0,0.7475839430740225,61,0,0.7056724903847833,61,0,0.7085685248978303,61,0,1.5350177350001104,34.3546505610002
90,8910,4.115045782355345e-05,3.7767762353825005e-05,0.5637314940856323,47,43,False,32.8667168930001,5.0807069130000855,0.10614689476363105,0.049681494373672364,0.16261229483724698,0.9933110685933245,0.8585735355474758,0.8560771555568394,0.7130198839328894,0.8092235250124015,0.9931371561530309,0.8563396635947148,0.8615038017459871,0.7176669919566779,0.8118368190991266,0.9932241047602088,0.8574551446333458,0.8587819059874182,0.7153358906563627,0.8105243137590422,0.986539417020553,0.750478320921746,0.752513398177816,0.5568271779787195,0.6866062990260939,0.9815987126455561,25.799268009000116,61.164526041960265,1578,3174.5029296875,3256.0,0.6707558457297508,0,99,1.0,0.2026596787919853,0.12516107690062014,0.280158277846835,0.9893015615082137,0.748191086250451,0.7793733379581455,0.43931577195568444,0.6556267320547603,0.9914428020715341,0.7920299890167614,0.7099813924095074,0.3821227317375795,0.6280447043879495,0.9903710244191313,0.7694866501194646,0.7430608120521771,0.4087282057520778,0.6404252226412398,0.9809257146659666,0.6253379129890548,0.5911668751973246,0.25685631281188753,0.49112036699942224,0.9696353195887532,1.9769717300000593,199.29470615140673,394,1181.83447265625,3256.0,0.5500925287517713,0.4200420450264179,61,0,0.4120359875220542,61,0,0.3861092686577722,61,0,0.7630749835572436,61,0,0.7092960214069114,61,0,0.7140757888457703,61,0,1.5697276000000784,34.442878546999964
91,9009,3.7767762353825005e-05,3.435101018656357e-05,0.5637314940856323,47,44,False,33.03847928899995,5.096732071000133,0.1046909568087683,0.0488093514207878,0.1605725621825842,0.9934310650989315,0.8574806046307817,0.8574236765579224,0.716771765280806,0.8105586821565033,0.993103493516392,0.8639904763350589,0.8630711199456361,0.7139470555747971,0.8136695506184974,0.9932672523000416,0.8607232316994401,0.8602381295179005,0.7153566219746104,0.8121059943973169,0.9866245580759334,0.7554996780838132,0.754752507340884,0.5568523017447665,0.6890348290564879,0.9817740436742515,25.97872200499978,60.742018013676855,1578,3174.5029296875,3256.0,0.6934195025400682,0,99,1.0,0.20135062237076348,0.12533316522987967,0.27736807860396234,0.9897162518695419,0.7406007342597956,0.7692756301502666,0.45261985819233624,0.6541654075341328,0.9911587885374402,0.8120720118427964,0.7131903240529439,0.36566199658791293,0.6303081108278844,0.9904369949527821,0.774691421295632,0.7401720550780296,0.4045204719500826,0.639794649441248,0.9810551595107815,0.6322418978856614,0.5875183655525862,0.25354162484586046,0.491100629428036,0.9698453796696542,1.953316631999769,201.70820928127262,394,1181.83447265625,3256.0,0.5469016827774155,0.42631363811612005,61,0,0.39607939961158506,61,0,0.3812233698394113,61,0,0.7538145610199775,61,0,0.7125297169950697,61,0,0.7125799957154196,61,0,1.5715037800000573,34.61664882800005
92,9108,3.435101018656357e-05,3.0895999045085356e-05,0.5637314940856323,47,45,False,32.963158167000074,5.10188897099988,0.10095241934023279,0.04744971776794269,0.15445512110138424,0.993660995557749,0.8600636371053275,0.8587627086958397,0.7206919416944894,0.8131727624985522,0.9930582989378072,0.8668190604380035,0.8680547353808528,0.7248151441407712,0.8198963133198758,0.9933595558299274,0.8634281354409429,0.8633837217813095,0.7227476623520559,0.8165198398581027,0.9868067208931838,0.759677555255969,0.7596087952694184,0.5658612954140239,0.6950492153131371,0.9821035097458215,25.920268829999713,60.87899822140917,1578,3174.5029296875,3256.0,0.6431920973941533,0,99,1.0,0.2020101591869054,0.12850259838219222,0.2755177228281341,0.9892028496784172,0.7390935472783359,0.7739330409669484,0.4631166562013705,0.6587144148155516,0.9915997919675779,0.8112029033952534,0.7112804128778569,0.3507935687328749,0.6244256283353283,0.990399870569394,0.7734712043911113,0.7412852495965986,0.39920457955086985,0.6379870111795266,0.9809823133916985,0.6306180557360132,0.5889223506430084,0.24937888655307763,0.4896397643106997,0.9699626477236675,1.9308749540000463,204.05257170267825,394,1181.83447265625,3256.0,0.5449253489103618,0.43844057100296535,61,0,0.38016675874037636,61,0,0.3758590063431388,61,0,0.7566680335224126,61,0,0.712752254339571,61,0,0.7139916914775848,61,0,1.5556566270001895,34.524526716999844
93,9207,3.0895999045085356e-05,2.7397408850348314e-05,0.5637314940856323,47,46,False,32.9503326250001,5.195954880000045,0.1015377724389764,0.04803497357947896,0.15504057142595526,0.9934944169597865,0.8581656361298602,0.8615387121471273,0.7249232415988281,0.8148758632919385,0.9931567164860751,0.8661469012019787,0.8647566968543633,0.7228497731922084,0.8179177904161835,0.9933255380209589,0.8621377973648148,0.8631447051804894,0.7238850226077825,0.8163891750510288,0.9867395821963743,0.7576820772921203,0.7592388487028368,0.5672568972484479,0.694725941081135,0.9820722572703778,25.80452351399981,61.15206890543367,1578,3174.5029296875,3256.0,0.6384053407895445,0,99,1.0,0.2014514382569318,0.12850453413379978,0.27439834147237885,0.9894987934356118,0.748947605719311,0.7742551624681661,0.44099736274274753,0.6547333769767415,0.9912684983375386,0.8011747290005253,0.7087385457992487,0.38037532957659104,0.6300962014587884,0.9903828553203504,0.7741813424760569,0.7400496372521345,0.40844921864157435,0.6408933994565885,0.9809489275606526,0.6315627011582954,0.5873641209469054,0.2566359951725533,0.491854272425918,0.9697161834252063,1.940577100000155,203.0323866029175,394,1181.83447265625,3256.0,0.548136062852902,0.4260567829843547,61,0,0.409717201186687,61,0,0.38741312382283816,61,0,0.7561156309300469,61,0,0.7075077613466334,61,0,0.7088590018829657,61,0,2.2849525110000286,35.2424161670001
94,9306,2.7397408850348314e-05,2.3848297462642865e-05,0.5637314940856323,47,47,False,32.75132284099982,5.056000900000072,0.10048892083654537,0.04782399386922972,0.15315384796439316,0.9936616418427773,0.8583745632635056,0.8596705648565314,0.7231454737419826,0.8137302006206731,0.9930348899868515,0.8663819000770312,0.8677379031671972,0.7276330876330876,0.8205842969591054,0.9933481670527379,0.8623596442800461,0.863685395981189,0.725382340042363,0.8171424601011994,0.9867842431125627,0.7580248361832269,0.7600759445725571,0.5690979835211696,0.6957329214256512,0.9821076483780894,25.782417634000012,61.20450077261359,1578,3174.5029296875,3256.0,0.621411160387174,0,99,1.0,0.19982355379211117,0.12578250059319027,0.27386460449489847,0.989731216858034,0.7480076307297331,0.7773983377970823,0.43718534129493036,0.6541971032739152,0.9911259921328583,0.8013943937729813,0.7113155215391637,0.3860828206586362,0.6329309119902603,0.9904281134459,0.7737812553312154,0.7428902480163095,0.41004804392587507,0.6422398490911334,0.9810377315739821,0.6310303595466749,0.5909509864544807,0.2578996443001692,0.493293663433775,0.9697330687856917,1.9034327550002672,206.99444147158468,394,1181.83447265625,3256.0,0.5519342517635926,0.42357486182067683,61,0,0.41237973177398957,61,0,0.3871340602742469,61,0,0.7583571572995126,61,0,0.7143940529940564,61,0,0.7167344432529381,61,0,1.5659926849998556,34.32339227500006
95,9405,2.3848297462642865e-05,2.0239242715103465e-05,0.5637314940856323,47,48,False,32.9674925029999,5.098332689000017,0.09896051132029303,0.047277381995407194,0.1506436410701169,0.9935926901385244,0.8600105586159936,0.8625517154161623,0.7289219892072333,0.8171614210797964,0.9932068987321512,0.867629831108862,0.8674381168330935,0.7276103250021645,0.82089275764804,0.9933997569793684,0.8638033935322246,0.8649880152404833,0.72826556650229,0.8190189917583326,0.9868860690897006,0.7602587339330551,0.762095931016759,0.5726553809660618,0.6983366819719586,0.982299959402725,25.909396227999878,60.9045454441999,1578,3174.5029296875,3256.0,0.666991420767524,0,99,1.0,0.20209969701198152,0.12624372723441438,0.2779556670921103,0.9895089527912014,0.7426859513201501,0.7712305948749933,0.45274897531768366,0.655555173837609,0.9913906940784677,0.8079604603409579,0.7119755643717305,0.36433852039497494,0.6280915150358878,0.990448929661574,0.7739493395848819,0.7404194415235424,0.4037606563388028,0.6393764791490757,0.9810785791446406,0.6312539641084953,0.5878301602393154,0.25294493456897355,0.4906763529722615,0.9698811642409582,1.9500363739998647,202.04751319168332,394,1181.83447265625,3256.0,0.5453351322258944,0.43057353330694137,61,0,0.3926717666280084,61,0,0.3785040076084652,61,0,0.749634389509954,61,0,0.7146447302811539,61,0,0.7121662568433236,61,0,1.5651684049998948,34.53915726000014
96,9504,2.0239242715103465e-05,1.655675593753459e-05,0.5637314940856323,47,49,False,32.83763270599957,5.069468432000576,0.09811929706838195,0.04658998927651552,0.1496486047941469,0.9935873678202126,0.8627224497850129,0.863914148688876,0.7316302965705523,0.8194222983481471,0.9932932398305417,0.8683178537182702,0.8663219457954895,0.7324332229645143,0.8223576741594246,0.9934402820547499,0.8655111084771686,0.865116371896568,0.7320315395958039,0.8208863399898467,0.9869660630595454,0.762908403021371,0.7622952261125775,0.5773262998690447,0.7008433096676644,0.9824570727136803,25.84306597900013,61.060866434434296,1578,3174.5029296875,3256.0,0.5722714674593222,0,99,1.0,0.20261238764990405,0.12609290706022136,0.2791318674075422,0.9897304547794201,0.742233343318825,0.7706172990118336,0.4418056298312995,0.6515520907206528,0.9910677244089822,0.8045652070101714,0.7096724361900081,0.37584655947888124,0.6300280675596869,0.9903986381877729,0.7721433710810576,0.7388902901300229,0.4061656731344034,0.639066444781828,0.9809798952826436,0.6288546666567135,0.5859048458251932,0.25483556621167824,0.489865026231195,0.9695920992623731,1.9153963840008146,205.70154736171438,394,1181.83447265625,3256.0,0.5459295683126832,0.42315026056741156,61,0,0.4004210139763337,61,0,0.38122127341044476,61,0,0.750140895370847,61,0,0.7104288543372255,61,0,0.7106378632149218,61,0,1.556861380000555,34.400251258000026
97,9603,1.655675593753459e-05,1.2779986173566119e-05,0.5637314940856323,47,50,False,32.814761058999466,5.060512635000123,0.09834300871131085,0.046146465075899895,0.15053955190761914,0.9937089612138321,0.8631014417776482,0.8621300560654781,0.7314422884390614,0.8188912620940626,0.9931689464593224,0.8695379913293518,0.8700406270667839,0.7351118744647295,0.8248968309536218,0.9934388804511081,0.8663077610452333,0.8660672783538345,0.7332724904650978,0.8218825099547219,0.9869632962738866,0.7641472096906524,0.7637730720889133,0.5788715291533613,0.7022639369776424,0.982502249559371,25.86286529500012,61.014121289378686,1578,3174.5029296875,3256.0,0.6468592460709389,0,99,1.0,0.2024187478165941,0.12837115198676355,0.2764663432304024,0.9891789778369048,0.7444627485966407,0.7813767405373603,0.4491488930543594,0.6583294607294535,0.9917624421567981,0.8049376820591185,0.699406663623916,0.36667528304813113,0.6236732095770553,0.9904690253715958,0.7735200111970006,0.738122938975138,0.4037433611694588,0.6384621037805325,0.9811180144682288,0.6306829448982112,0.584940452420662,0.25293135912358783,0.489518252147487,0.9698867410572652,1.882036373000119,209.34770743666977,394,1181.83447265625,3256.0,0.5459356556569201,0.4272670269185869,61,0,0.3995999243335034,61,0,0.38248436549543885,61,0,0.7609397923336728,61,0,0.6991597064558325,61,0,0.7093869458184016,61,0,1.5906269240003894,34.412029217000054
98,9702,1.2779986173566119e-05,8.872545819769887e-06,0.5637314940856323,47,51,False,33.10650856800021,5.07663112299997,0.097303993159525,0.046309382469406295,0.1482986032547304,0.9936272793892754,0.862346874600665,0.862815975824438,0.7346224331563367,0.8199284278604798,0.9932625953242599,0.8707312691963224,0.8673826659374643,0.7315988852985289,0.8232376068107717,0.9934449038887659,0.866518790622376,0.8650932942149704,0.7331075417438941,0.8215732088604136,0.9869751866806711,0.7644756555762996,0.7622593908426809,0.5786659609238075,0.7018003357809294,0.9825109136119693,26.052444718000515,60.57013140535354,1578,3174.5029296875,3256.0,0.6120878747015288,0,99,1.0,0.20197109197299493,0.12706186077770243,0.2768803235843097,0.9897331698115027,0.743582159396425,0.7695481350825529,0.44324185185639164,0.6521240487784565,0.9911078458988513,0.8043264409531541,0.7137941930274199,0.37389236416274624,0.6306709993811067,0.9904200308521439,0.7727624120552294,0.7406233607273999,0.4056242919157814,0.639670021566137,0.9810218715889496,0.6296762905945202,0.5880872628820354,0.2544094781795029,0.4907243438853528,0.96968334217362,1.9677841570000965,200.22521199716147,394,1181.83447265625,3256.0,0.5480326687403477,0.42240638267367153,61,0,0.40340097279820786,61,0,0.3834300005789661,61,0,0.7506001399410591,61,0,0.7140699969909712,61,0,0.7126353369017293,61,0,1.5628411910001887,34.67601031599952
99,9801,8.872545819769887e-06,4.754679577383343e-06,0.5637314940856323,47,52,False,32.99914115199954,5.063493913000457,0.09708510987054561,0.04589735180215086,0.14827286843942297,0.9936964805214581,0.8642255183933887,0.8629953000690477,0.7350300065124986,0.820750274991645,0.9932430269541969,0.8703678640409517,0.8696980818075122,0.7369169923474761,0.8256609793986467,0.993469701994899,0.8672858159277691,0.8663337263585386,0.7359722899042558,0.8231972773968544,0.9870241402210271,0.765670482565851,0.7641876154397527,0.5822437942033005,0.7040339640696347,0.9826189048389972,25.948176711999622,60.8135214090114,1578,3174.5029296875,3256.0,0.6312266226970789,0,99,1.0,0.2030315686603488,0.12986841124629006,0.27619473031027064,0.9893421284083836,0.7384804281847973,0.7821303641701542,0.4557770927324928,0.6587959616958147,0.9915793150246156,0.8156821546248986,0.7033598988870554,0.3561908700822003,0.6250776411980514,0.9904594584145215,0.7751638258091452,0.7406566674183972,0.399876957364566,0.6385658168640361,0.9810992403128356,0.6328714338643943,0.588129264082481,0.24990388033282795,0.4903015260932344,0.9699950242405615,1.9776321320005081,199.22815453116777,394,1181.83447265625,3256.0,0.5434800227682348,0.43074707004647533,61,0,0.3817966846093398,61,0,0.3756536537078503,61,0,0.7631811319988009,61,0,0.7032462515754289,61,0,0.7113063918286193,61,0,1.5498169330003293,34.5550896879995
100,9900,4.754679577383343e-06,0.0,0.5637314940856323,47,53,False,32.768689387999984,5.085557649999828,0.09704374047928739,0.046471229255086115,0.1476162511132969,0.9937036123096199,0.8600806723192169,0.8612077431980804,0.7347573611137276,0.8186819255436749,0.9931175587592432,0.8723251377595167,0.870037288480549,0.7301306876016427,0.8241643712805695,0.9934104991001895,0.8661596337304602,0.8656,0.732436717960515,0.8213987838969917,0.98690727273845,0.7639167377505013,0.763046544428773,0.5778304944129009,0.7015979255307251,0.9824573821441303,25.731357722999746,61.325951665174614,1578,3174.5029296875,3256.0,0.6337509156778606,0,99,1.0,0.20177147616892296,0.12778574462772022,0.275757208315249,0.9895884817021916,0.7397174049877369,0.7768270423055892,0.45215390942271116,0.6562327855720124,0.9913219381642937,0.8137385989207774,0.7082400028086929,0.3637801788760792,0.6285862602018498,0.9904544514761019,0.7749644704678529,0.7409496944052656,0.4031811696757522,0.6396984448496236,0.9810894148602705,0.6326057096187401,0.5884988797610157,0.25249023998162823,0.4911982764537946,0.9699138505809803,1.942373413000496,202.8446216175115,394,1181.83447265625,3256.0,0.5457184112237873,0.42856286145948436,61,0,0.3890555169521292,61,0,0.37917215038889446,61,0,0.75728842924588,61,0,0.708887814992362,61,0,0.7122646720586802,61,0,1.5453888809997807,34.319709526000224
