epoch,global_step,lr_start,lr_next,best_val_dice,best_epoch,bad_epochs,early_stop,epoch_compute_seconds,train/loss,train/ce,train/dice_loss,train/dice/background,train/dice/normal_myocardium,train/dice/edema,train/dice/scar,train/mean_dice,train/iou/background,train/iou/normal_myocardium,train/iou/edema,train/iou/scar,train/mean_iou,train/pixel_accuracy,train/seconds,train/samples_per_second,train/samples,train/gpu_peak_allocated_mb,train/gpu_peak_reserved_mb,train/grad_norm,train/amp_skipped_steps,train/optimizer_updates,train/amp_scale,val/loss,val/ce,val/dice_loss,val/dice/background,val/dice/normal_myocardium,val/dice/edema,val/dice/scar,val/mean_dice,val/iou/background,val/iou/normal_myocardium,val/iou/edema,val/iou/scar,val/mean_iou,val/pixel_accuracy,val/seconds,val/samples_per_second,val/samples,val/gpu_peak_allocated_mb,val/gpu_peak_reserved_mb,val/avg_pathology_dice,val/patient_dice/scar,val/defined_cases/scar,val/undefined_cases/scar,val/patient_dice/edema,val/defined_cases/edema,val/undefined_cases/edema,checkpoint_seconds,epoch_seconds
1,99,0.0003,0.00029909984981634516,0.4157218532416706,1,0,False,38.4513945169997,0.4656431963537431,0.4354505061876638,0.4958358879929411,0.967671211238013,0.6078530842575366,0.38845504698688027,0.13235841467660794,0.3762221819736749,0.9373672630000817,0.43662998307427553,0.24104512024972213,0.07086928012137264,0.24951479448179006,0.9213365136594978,30.860879660000137,51.13269671458202,1578,3125.31201171875,3196.0,1.0936197159868297,0,99,1.0,0.2763653518584779,0.16333900664360995,0.3893916938208081,0.9869479208377985,0.7340276558285717,0.6573762548539217,0.21001061946902655,0.5338048433838399,0.9742321654914412,0.5798133420592126,0.4896206083279115,0.11732506446866743,0.39558633828526385,0.9622652470157836,1.9034000750002633,206.99799541614786,394,1129.69140625,3196.0,0.4157218532416706,0.20951596614482804,61,0,0.6219277403385132,61,0,2.0787114879999535,40.53514599399978
2,198,0.00029909984981634516,0.00029819939852817863,0.45015479038076867,2,0,False,33.64655110600006,0.25343966306540144,0.13628120858255297,0.37059811830369543,0.9871366459782294,0.7244380766038467,0.653155120137199,0.3210203185939573,0.5662045051116676,0.9746000208800245,0.5679364234039281,0.48495200145374867,0.19119964473013898,0.4146960231959386,0.9609721948891992,26.546230214999923,59.4434685158555,1578,3125.45458984375,3196.0,0.5123599376341309,0,99,1.0,0.25161077604075976,0.14194086840763914,0.3612806813668479,0.984913838916436,0.7181797702185176,0.6518769535738115,0.28992524208519393,0.5533273219591743,0.970276097415297,0.5602811950790861,0.48354410623118343,0.1695395132542139,0.4044549381881612,0.9542843581456218,1.923326508000173,204.85341327181698,394,1129.69140625,3196.0,0.45015479038076867,0.2805458007754814,61,0,0.6197637799860559,61,0,3.0598391309999897,36.71222555500026
3,297,0.00029819939852817863,0.00029729864502385023,0.4774637811158001,3,0,False,33.47740582999995,0.2321718212769512,0.11173039502895075,0.35261324788378823,0.9880784796304873,0.7358606301513008,0.6790443547877116,0.3605183827533233,0.5918077892307786,0.9764378558424979,0.5821040367086847,0.5140553789590594,0.2198977890089265,0.4386857348922235,0.9629397084051212,26.342251087000022,59.90376429062084,1578,3125.45458984375,3196.0,0.47296765807903174,0,99,1.0,0.23200007168774678,0.10498920559580556,0.3590109370989243,0.988757008384556,0.755692077332981,0.6867059603734641,0.29622437116888606,0.5795408029584438,0.977764015753556,0.6073191880939319,0.5228882029867006,0.17386348657429304,0.4346902925516418,0.9661584844444003,1.9849868129999777,198.4899836208657,394,1129.69140625,3196.0,0.4774637811158001,0.29560937397901443,61,0,0.6593181882525858,61,0,3.308629312999983,36.79153365000002
4,396,0.00029729864502385023,0.0002963975881838481,0.5114026794144384,4,0,False,33.63310345400032,0.22469965807611952,0.10387274638026084,0.34552656931871095,0.9884550387018353,0.742438402614846,0.6866866994205525,0.37690611024204884,0.6020104040924824,0.9771736072248365,0.5903793533124716,0.5228658684242207,0.2322146073128623,0.4484866096831848,0.9639635750851553,26.46075550500018,59.63548545323326,1578,3125.45458984375,3196.0,0.45578630885692556,0,99,1.0,0.22595969704807106,0.10421296568388866,0.34770642803405144,0.9886759077699637,0.7185821697099892,0.7038637528046217,0.34529843893480255,0.5892481204831378,0.9776054138983955,0.5607711651299245,0.5430476574724802,0.2086771699861818,0.43749866419619554,0.9631648184684327,1.9610403019996738,200.91376989969967,394,1129.69140625,3196.0,0.5114026794144384,0.3407981634700489,61,0,0.6820071953588279,61,0,3.289878759000203,36.92826891100003
5,495,0.0002963975881838481,0.00029549622688071654,0.5114026794144384,4,1,False,33.723509141999784,0.21756707422709132,0.09755752789014797,0.33757661961028484,0.988884325301026,0.750415495956249,0.6984154491202564,0.38981768564113994,0.6128828769058818,0.9780130503816324,0.6005320116629543,0.5365886132008835,0.24209537153956195,0.45973866546779996,0.9649283405492515,26.552682401999846,59.429024010062015,1578,3125.45458984375,3196.0,0.4295957518948449,0,99,1.0,0.22929437632488114,0.10149934305454873,0.3570894128477513,0.9888974012461481,0.7520035863280392,0.612932211601991,0.3698258903801798,0.5782538961034033,0.9780386307630197,0.6025687078021568,0.441890595923863,0.22686281679840228,0.42377404017480735,0.9638066170784423,2.0546974720000435,191.75572334572456,394,1129.69140625,3196.0,0.4765896894580117,0.36703390170532463,61,0,0.5861454772106988,61,0,1.5655330390000017,35.29491210199967
6,594,0.00029549622688071654,0.00029459455997897255,0.5203890609825776,6,0,False,33.64714222399971,0.2123962652849456,0.09325766647458832,0.33153486535123095,0.9892618261772907,0.7542343847356097,0.7095336161228302,0.40284182287164616,0.6222032745766953,0.9787518190154105,0.6054384352031884,0.5498272756172512,0.2522241244733472,0.46916327843126227,0.9660584579100325,26.552435551000144,59.429576506045294,1578,3125.45458984375,3196.0,0.4242029476045358,0,99,1.0,0.21666097603171006,0.10071463016840407,0.33260732147899374,0.9883008112432093,0.7499965091112197,0.7032907297856849,0.3797689432249039,0.6110187273739361,0.9768721989958953,0.59999553167484,0.5423657761538541,0.23439184284048661,0.4589177168897269,0.9632114468492227,1.9325064189997647,203.8803059727627,394,1129.69140625,3196.0,0.5203890609825776,0.3639012007503894,61,0,0.6768769212147658,61,0,3.004282160999992,36.65719324499969
7,693,0.00029459455997897255,0.0002936925863350211,0.5343773998193244,7,0,False,33.604644101000304,0.2112800620203538,0.09198135551164359,0.3305787680569106,0.9891848877386721,0.7562760416184914,0.7098600187834221,0.4128982688878306,0.6263447764299147,0.9786012058384582,0.6080738708311559,0.5502193786088524,0.2601586658206781,0.4728173050868954,0.9661558124653438,26.54569613900003,59.444664466028314,1578,3125.45458984375,3196.0,0.4290508504467781,0,99,1.0,0.2109128250385904,0.09347634191440447,0.32834930695252973,0.989546143498813,0.7639785607984871,0.715170099931455,0.38247522539304074,0.6205412953743277,0.9793085920075861,0.6180949104669479,0.5566262895137333,0.23645710495283018,0.47039276831117044,0.966382176742941,1.9069642790000216,206.61110663625362,394,1129.69140625,3196.0,0.5343773998193244,0.3749961679607553,61,0,0.6937586316778936,61,0,2.9940947889999734,36.60456261099989
8,792,0.0002936925863350211,0.0002927903047970692,0.5343773998193244,7,1,False,33.91453646500031,0.207450884112236,0.08926162602443659,0.3256401421528201,0.9895579255081447,0.760455784237204,0.7162751084480258,0.42136779073432085,0.6326995611398502,0.9793316712447737,0.6134962953049894,0.5579662069044067,0.2669195448193252,0.47946068234290706,0.9669233546964116,26.674474736999855,59.157678475714256,1578,3125.45458984375,3196.0,0.3961978182949201,0,99,1.0,0.22322889050553898,0.09788630789306563,0.3485714716052041,0.9892795828363391,0.7565899333935354,0.6768734002756448,0.349113422658977,0.5941922521093858,0.978786582359254,0.6084798199024022,0.5115711530677841,0.21147026540204328,0.44384041279074316,0.9659950527442893,2.024089102999824,194.65546226006944,394,1129.69140625,3196.0,0.5012829208609335,0.34746720236043666,61,0,0.6550986393614304,61,0,1.4951863659998708,35.41514749299995
9,891,0.0002927903047970692,0.00029188771420503914,0.5343773998193244,7,2,False,33.840694946999974,0.20490367856013608,0.08753734235905573,0.32227001455346893,0.9896298343319987,0.7625547193636429,0.7242223426125056,0.42554192977708855,0.6374396639177458,0.9794725418062099,0.6162330822187941,0.5676712853676635,0.270278350262348,0.4847275726162686,0.967298423080541,26.727932676000364,59.03935852909878,1578,3125.45458984375,3196.0,0.4015916305961031,0,99,1.0,0.22215164199395834,0.0956501290769444,0.34865315674525227,0.9894424252785745,0.7531394215742154,0.6526890370513885,0.40119706859580084,0.6023418424071348,0.9791054463683856,0.6040285775375835,0.48443830340619215,0.25093591005830646,0.446467597000694,0.9656178430857392,1.9324188909999975,203.88954063480045,394,1129.69140625,3196.0,0.5027348589564216,0.38006417945887855,61,0,0.6254055384539645,61,0,1.491239885000141,35.33781178499976
10,990,0.00029188771420503914,0.00029098481339047985,0.5472764290113059,10,0,False,33.84016662300019,0.20415952431536144,0.08645310829876343,0.3218659408796574,0.9897423944268026,0.7659531189341311,0.7228271171118629,0.4307383996681755,0.6398395452380565,0.9796930891356616,0.6206839713192771,0.5659587098946984,0.27448476377494657,0.487042481662974,0.967507559385892,26.732209970999975,59.0299119194361,1578,3125.45458984375,3196.0,0.3974508092258916,0,99,1.0,0.2057632366715349,0.09023929593451133,0.3212871795075799,0.9895687525043408,0.764029171566554,0.7231868402863405,0.40470729499392594,0.6306411022822734,0.9793528802251259,0.618161168524452,0.566399895540334,0.25368842578164047,0.4794164966154755,0.9664534360624207,1.9559158549996027,201.44015857986898,394,1129.69140625,3196.0,0.5472764290113059,0.3936764795401091,61,0,0.7008763784825026,61,0,2.9704586069997276,36.81641886300031
11,1089,0.00029098481339047985,0.0002900816011764776,0.5472764290113059,10,1,False,33.699639773999934,0.20162686086124038,0.08486946852563754,0.31838425374454116,0.9898673437149753,0.7665657791925645,0.730972634667487,0.43922465370947855,0.6455876891898434,0.9799379690935057,0.6214889827612795,0.5760101433872201,0.2814143975001779,0.49297117454955924,0.9680207111083056,26.57724882699995,59.374091361815545,1578,3125.45458984375,3196.0,0.4070569002869153,0,99,1.0,0.2099228075464365,0.08837887461339762,0.33146674000672277,0.9897950830446269,0.7711030180651209,0.7082453085703231,0.4014245468558975,0.6269242911637805,0.9797963427338496,0.6274757196091664,0.5482815841655334,0.2511139189998005,0.47562374092483345,0.9680690087642766,1.9295477800001208,204.19292234368788,394,1129.69140625,3196.0,0.535886911870267,0.38954978323225403,61,0,0.6822240405082801,61,0,1.4850642769997648,35.19053589499981
12,1188,0.0002900816011764776,0.00028917807637756526,0.5472764290113059,10,2,False,33.66458573199998,0.19938572104288446,0.08352256434083136,0.31524887960522197,0.9900392995437921,0.7708263774509013,0.7356947730989557,0.44587029482557944,0.6507971484584788,0.9802750731752066,0.6271094362180808,0.5818964894278158,0.28689387593652566,0.49863326719414075,0.9685113130866801,26.578874003000237,59.37046090898638,1578,3125.45458984375,3196.0,0.3991694188479221,0,99,1.0,0.23023336929113128,0.10845407215774362,0.3520126657437552,0.9883666367492313,0.661624840585349,0.6908945799725962,0.3647869939102149,0.5724354714893867,0.9770008311837676,0.4943493129943594,0.5277608429412304,0.22308224833810147,0.4150641347578971,0.9583101998730964,1.9241382360000898,204.76699263512873,394,1129.69140625,3196.0,0.5095710218759016,0.35538576033181574,61,0,0.6637562834199876,61,0,1.5022437640000135,35.17203983099989
13,1287,0.00028917807637756526,0.00028827423779962996,0.5472764290113059,10,3,False,33.6279481370002,0.19771770311399103,0.0821116349939611,0.31332377067688,0.9901608385138628,0.7725209709949938,0.7400712138660807,0.453343660893651,0.6553119485849085,0.9805134087458891,0.6293557386647973,0.5873913049776273,0.2931120827756675,0.5032863754726974,0.9689229716215145,26.572080792999714,59.38563909589333,1578,3125.45458984375,3196.0,0.38151661946315957,0,99,1.0,0.20795827589664362,0.08880108409575399,0.3271154693238021,0.9897914047139739,0.7643589802427775,0.7143582494091518,0.40392781046432985,0.6275483467054197,0.9797891339795308,0.6185930768087952,0.5556433190512451,0.25307615351774326,0.47577084979259454,0.967418070371986,1.9481316050000714,202.24506341807722,394,1129.69140625,3196.0,0.5423889535466322,0.39258710040325395,61,0,0.6921908066900105,61,0,1.5270695909998722,35.16104144100018
14,1386,0.00028827423779962996,0.00028737008423982004,0.5472764290113059,10,4,False,33.76293253899985,0.196961912592101,0.0814313732078169,0.31249245283570426,0.9902792204939552,0.7742207527672343,0.739079070303728,0.45865217179768886,0.6573173316228837,0.980745608680451,0.6316151578802313,0.5861422813258844,0.297565652220511,0.5051076971422089,0.9691552378529983,26.70394839699975,59.09238501139749,1578,3125.45458984375,3196.0,0.3864719955006031,0,99,1.0,0.20903082751683172,0.0865982149344713,0.3314634348232734,0.9900812270870054,0.766389521775954,0.7190851888066998,0.38946056573140336,0.6249784254380191,0.9803572857955992,0.6212573055307364,0.5613840846580579,0.2418199501636365,0.47482044678414365,0.9690568798084549,1.936532717999853,203.45641276174396,394,1129.69140625,3196.0,0.5325094251196107,0.3727779061740617,61,0,0.6922409440651597,61,0,1.6052040330000636,35.373818210999616
15,1485,0.00028737008423982004,0.0002864656144864499,0.5472764290113059,10,5,False,33.67431515899989,0.19547353074880003,0.08081191787626052,0.31013514450898794,0.9902374531196249,0.7765788348067444,0.7452965475520181,0.4619618926022941,0.6612790916536856,0.9806636779893725,0.634760013068822,0.594002149350838,0.30035789775320565,0.5097066867242885,0.9694073463120841,26.70154061700032,59.097713597668594,1578,3125.45458984375,3196.0,0.3804687491872094,0,99,1.0,0.20846026114703434,0.0914408128878792,0.32547970607801135,0.989618230500316,0.7536500053143691,0.706863125242342,0.4081784353720427,0.6228971886429179,0.9794498083534806,0.6046856890342938,0.5466266866566717,0.25642223000505887,0.4692448685653414,0.9657733742960819,1.8824837610000031,209.2979542042378,394,1129.69140625,3196.0,0.5354181066398126,0.39138314007074687,61,0,0.6794530732088784,61,0,1.4552936990003218,35.13536413599968
16,1584,0.0002864656144864499,0.00028556082731890427,0.5504440845769751,16,0,False,33.65256918200021,0.1945206389038886,0.08004654502951751,0.30899473288213347,0.9903218462031662,0.7762892388212567,0.7457431816373581,0.4674023698122929,0.6631449300903026,0.980829230066156,0.6343731406541637,0.5945697649153558,0.30497396094436546,0.511305622171295,0.9695590832689718,26.600646118999975,59.32186733136854,1578,3125.45458984375,3196.0,0.38018576785771535,0,99,1.0,0.20350937144405346,0.08589133486000415,0.321127407895732,0.9901873429907838,0.7652178451042673,0.7220209153490756,0.4097408623287466,0.6323265409273632,0.9805653911324927,0.6197189051285598,0.5649708387413032,0.2576566627554574,0.4807821355417734,0.9679948061250793,2.0250823690003017,194.5599873028875,394,1129.69140625,3196.0,0.5504440845769751,0.39878868928514755,61,0,0.7020994798688026,61,0,2.7816427299999305,36.43914928799995
17,1683,0.00028556082731890427,0.00028465572150754043,0.5504440845769751,16,1,False,33.81308180499991,0.19053272345824537,0.0780390444458362,0.3030264019890581,0.9905304799578989,0.782319819608857,0.7536268389734604,0.47584345448511534,0.6705967043558109,0.9812386211686586,0.6424674000668716,0.6046558627375747,0.31220116849897966,0.5197748104344754,0.9702739836447442,26.71247391900033,59.07352515476238,1578,3125.45458984375,3196.0,0.3870299377224662,0,99,1.0,0.2038156722251534,0.0859988974927343,0.32163244758160586,0.9901914424019022,0.7686937315439464,0.7298416019650174,0.40619482048263683,0.6349100513305336,0.9805734314206482,0.6242912516865675,0.5746067601443486,0.2548585145178415,0.48458550878291917,0.96867455806829,1.9506185879999975,201.98720673731245,394,1129.69140625,3196.0,0.5489231046359102,0.3936051742728063,61,0,0.7042410349990142,61,0,1.502732738999839,35.321642591
18,1782,0.00028465572150754043,0.0002837502958135896,0.5504440845769751,16,2,False,33.714146894999885,0.19223604274793268,0.07852681100141866,0.30594527339905087,0.9904722218141384,0.7801184948998715,0.7505091426294064,0.47323111760885883,0.6679529183793789,0.9811242872326245,0.6395035022978228,0.600651968121451,0.30995596194475117,0.5167038107880083,0.9699953415245762,26.6222058809999,59.27382603280852,1578,3125.45458984375,3196.0,0.3888904672078412,0,99,1.0,0.20951182648615183,0.09112093747040342,0.3279027152182487,0.9897970642643308,0.7592579553402524,0.7042548797262911,0.4173254027516715,0.6269460792727384,0.9798002255294594,0.6119386044892724,0.5435134338592197,0.26368364253602244,0.47304522696150486,0.9661807917096288,1.9483424730001389,202.22317454964804,394,1129.69140625,3196.0,0.5391724298209994,0.40097311738770036,61,0,0.6773717422542986,61,0,1.3697136939999837,35.08970107799996
19,1881,0.0002837502958135896,0.0002828445489890563,0.5504440845769751,16,3,False,34.032551840999986,0.1910139107923242,0.07830032246383273,0.3037274992058032,0.9905251912783127,0.7825858916819539,0.754827698131649,0.474880018888228,0.6707645362339436,0.9812282413789299,0.6428263697084621,0.6062034121695834,0.3113722361319095,0.5201340060033184,0.9702845816376545,26.870267010000134,58.726621488827256,1578,3125.45458984375,3196.0,0.37787624380805274,0,99,1.0,0.20547852479866918,0.08652772361100627,0.3244293260997927,0.9900901494767416,0.7707949687036467,0.7051670046900748,0.4169143604690311,0.6309587779542508,0.9803747819310329,0.6270678601850053,0.5446007378899773,0.2633555317907836,0.47834137662192205,0.9678907055540134,1.938076397000259,203.2943596082334,394,1129.69140625,3196.0,0.5446646244073499,0.40736162667424647,61,0,0.6819676221404533,61,0,1.4889347610001096,35.52740684700029
20,1980,0.0002828445489890563,0.0002819384797766167,0.5504440845769751,16,4,False,34.03659836099996,0.1884023655390105,0.07657681015545575,0.30022792096978057,0.9906006022530127,0.7855067787686539,0.7589223495413767,0.4914403605947122,0.6786231629682477,0.981376256478918,0.6467774089115518,0.6115027123894523,0.32576793635314966,0.5280160192180512,0.9707483792033033,26.90909876099977,58.64187478054994,1578,3125.45458984375,3196.0,0.3869724520529159,0,99,1.0,0.20760998939197076,0.08712257390019253,0.32809740531868137,0.9899641367690607,0.7569468957132212,0.7207611856095126,0.4072932002704738,0.6283337605310692,0.9801277091313644,0.6089417202715014,0.5634297345432957,0.2557239036962989,0.4760317861703653,0.9674245766576777,1.9496563309999146,202.08689794981987,394,1129.69140625,3196.0,0.5408784989786816,0.3902139915005729,61,0,0.6915430064567902,61,0,1.5303071480002473,35.572198481000214
21,2079,0.0002819384797766167,0.00028103208690951524,0.5517819709534513,21,0,False,33.741845786999875,0.1867197508934333,0.07556085739903275,0.2978786450299624,0.9907753620305311,0.7891000758377074,0.7615926683218928,0.49490319896502394,0.6818653143748747,0.9817193563803027,0.6516641549743354,0.6149775189798776,0.3288181853982448,0.531819953117486,0.971252596121475,26.629020140999728,59.25865809723923,1578,3125.45458984375,3196.0,0.38173735036392403,0,99,1.0,0.20373825396075468,0.0861241641988609,0.32135234402521007,0.9899941287918219,0.7706317246079495,0.7322360949471012,0.40225514903971493,0.6350409895315886,0.9801865088245301,0.6268518067640813,0.5775808035144745,0.2517643219428618,0.4853989774071392,0.9685549663408154,1.9336924829999589,203.75525243224953,394,1129.69140625,3196.0,0.5517819709534513,0.38906635587142147,61,0,0.714497586035481,61,0,2.99465618000022,36.74236618299983
22,2178,0.00028103208690951524,0.0002801253691114601,0.5544285519142733,22,0,False,33.87601784900016,0.18695358467419337,0.07558665692768472,0.29832051318559055,0.9907374882630336,0.7878320369517205,0.7611740119256414,0.49331257454499106,0.6807728744741177,0.981644990021426,0.6499363627549873,0.6144317436453013,0.3274153392472988,0.5305944818825292,0.9711447982884783,26.77231235199997,58.94149071819412,1578,3125.45458984375,3196.0,0.3798208480531519,0,99,1.0,0.20459449192896711,0.08598007662647267,0.32320890708018074,0.9902973126511389,0.7637994826313664,0.7116591060733476,0.43756622165713077,0.6376749367872816,0.9807811002774744,0.617860510410709,0.5523841627849964,0.28005425108078325,0.4834329747588295,0.9677886188332805,1.9240809389998503,204.77309036947466,394,1129.69140625,3196.0,0.5544285519142733,0.42778562745063453,61,0,0.681071476377912,61,0,3.0272784759999922,36.909182463000434
23,2277,0.0002801253691114601,0.00027921832509651635,0.5544285519142733,22,1,False,33.51587660599989,0.1839735030901296,0.07404042478221148,0.29390658187020113,0.9908596534911019,0.7920776884128675,0.7702666876812393,0.5015585235567844,0.6879676332169637,0.9818848854066355,0.6557356220799733,0.6263688882501196,0.334720128507996,0.5389415462793629,0.9717118295879872,26.40304948000039,59.76582368621068,1578,3125.45458984375,3196.0,0.37459563983209204,0,99,1.0,0.20214919102978585,0.08636821259928838,0.31793016951701364,0.9900494071995255,0.7707138635901772,0.7287445840700798,0.4121528898934453,0.6372037791845674,0.9802948919057858,0.6269605104642899,0.5732479680623463,0.2595671127718255,0.48659186376615393,0.967906351621986,1.9685275490001004,200.1495992271632,394,1129.69140625,3196.0,0.5526613087291739,0.4024695329196642,61,0,0.7028530845386836,61,0,1.488466797000001,35.01029193999966
24,2376,0.00027921832509651635,0.00027831095356899843,0.5544285519142733,22,2,False,33.785332767,0.18487463075625127,0.07422480703873326,0.2955244543510094,0.9908671879877776,0.7924842340220727,0.765772273570172,0.5025304711372035,0.6869289929098161,0.9818996827701768,0.6562930740537916,0.6204465004082128,0.3355864419617497,0.5374420054745846,0.9716299465551727,26.69143118000011,59.120096983873815,1578,3125.45458984375,3196.0,0.37819942696528003,0,99,1.0,0.20215632482833668,0.08448202100577694,0.3198306306364573,0.9902859499468502,0.7727707123428655,0.7302465041354758,0.40898354057820513,0.6373335856855155,0.9807588097785932,0.6296873128069965,0.575108874686169,0.2570580198314462,0.4872847357748706,0.9688616912377063,1.9770124070000747,199.2906056658779,394,1129.69140625,3196.0,0.5517876669068402,0.3966062993991016,61,0,0.7069690344145789,61,0,1.440665441999954,35.23135187900016
25,2475,0.00027831095356899843,0.00027740325322336037,0.5544285519142733,22,3,False,33.74837676800007,0.18272730651463845,0.07308269540941005,0.2923719180589695,0.990994233392894,0.7966942231380637,0.767941497134533,0.507818496328457,0.6908180722003512,0.982149226684028,0.6620879234999917,0.6232995392251981,0.34031952217539174,0.5419023283001939,0.9721030657131258,26.563022845999967,59.40588950092423,1578,3125.45458984375,3196.0,0.37202322543269456,0,99,1.0,0.20630217158249792,0.09060367457757747,0.3220006705540691,0.989664932744412,0.7641970855742126,0.7258419320390639,0.41073145587375226,0.6335901578290096,0.9795413074522663,0.6183810352391788,0.5696639610818814,0.25844056210120564,0.4821618528074219,0.9669499276253173,1.9727719269999398,199.71898150394352,394,1129.69140625,3196.0,0.549955578993863,0.39583321086024825,61,0,0.7040779471274777,61,0,1.5988614070001859,35.35314361799965
26,2574,0.00027740325322336037,0.00027649522274408476,0.5574281593812551,26,0,False,33.47665571300013,0.1818284199340564,0.07279097198665671,0.2908658676123287,0.9910056462395914,0.7973031452305359,0.7692683355099263,0.514610756074112,0.6937274122715248,0.9821716469930926,0.662929434020483,0.6250496007418933,0.34644841961693107,0.5448091514597692,0.9722601790240811,26.420586399999593,59.726153542149405,1578,3125.45458984375,3196.0,0.3719458616141117,0,99,1.0,0.2047012921063428,0.08799542611474313,0.3214071583626839,0.9899175767169628,0.7664091520247943,0.7319777397260274,0.4251816177855612,0.6411895031787943,0.9800364345510207,0.6212831047528967,0.5772593767934912,0.26998771578198744,0.4895100657761251,0.9681281849817576,1.9129942340000525,205.95984713249752,394,1129.69140625,3196.0,0.5574281593812551,0.40770524242692424,61,0,0.707151076335586,61,0,2.9834146879998116,36.46599624800001
27,2673,0.00027649522274408476,0.0002755868608055698,0.5574281593812551,26,1,False,33.62185510500012,0.18131689404353443,0.07253611233222318,0.29009767524492003,0.9910105093269147,0.7965136380259592,0.7719077648362322,0.5180182765166731,0.6954798931262882,0.9821812005849763,0.6618385244677497,0.6285421752001366,0.3495443083461893,0.5466416693380252,0.9723629099334601,26.5634594080002,59.40491318403916,1578,3125.45458984375,3196.0,0.38254699080881444,0,99,1.0,0.20565670827016008,0.0878662257289826,0.3234471884475747,0.9899828389605256,0.7711662715249736,0.7328937750251843,0.42220877023782655,0.6420896055959948,0.9801643745752496,0.6275594929201571,0.5783996326272889,0.2675948264089842,0.4911846506521434,0.9684928468036168,1.91274032299998,205.98718773390135,394,1129.69140625,3196.0,0.5516661441410924,0.39906738741593684,61,0,0.7042649008662479,61,0,1.4944950819999576,35.12214565300019
28,2772,0.0002755868608055698,0.0002746781660720148,0.5574281593812551,26,2,False,33.45811606999996,0.17864296274644492,0.07059016313842947,0.286695762996589,0.9912956309946577,0.8015080594117368,0.7790747655040524,0.5289812260553811,0.70318801699039,0.9827414864596541,0.668763829165449,0.6381019439127976,0.35960195439034975,0.555489242489532,0.9730509285388942,26.441869734999727,59.67807934214589,1578,3125.45458984375,3196.0,0.36591792437765336,0,99,1.0,0.2036492012932821,0.08627510708071254,0.3210232971888508,0.9901634840636754,0.7709608587450332,0.727952647175177,0.4219968335642193,0.6403034464948097,0.980518597255905,0.6272874743092464,0.5722685130853187,0.2674245797094179,0.48899352236799426,0.9685540368714308,1.9057547029997295,206.74224199989075,394,1129.69140625,3196.0,0.5519944139455496,0.40213909923075675,61,0,0.7018497286603425,61,0,1.4920690989997638,34.95551836499999
29,2871,0.0002746781660720148,0.00027376913719730407,0.5574281593812551,26,3,False,33.490777568999874,0.17848777151530837,0.07073478188238216,0.28624076130876674,0.9911837024403081,0.8004617457676962,0.7784136680068464,0.5282811716850729,0.7023855284865386,0.9825215005328158,0.6673082270977563,0.6372154366992452,0.35895523079631914,0.5544929648644402,0.9729193045612524,26.509658114000104,59.52547532729731,1578,3125.45458984375,3196.0,0.36489098767439526,0,99,1.0,0.2036585092241994,0.08644062356295319,0.32087639503672644,0.9902410932829073,0.7773842219055795,0.7381957262466313,0.41511554549454743,0.6435651645489194,0.9806708182474554,0.6358368964591782,0.5850318798261722,0.2619216462843533,0.49426347418990124,0.969076708488658,1.9147896250001395,205.76673011792158,394,1129.69140625,3196.0,0.552578838809902,0.3940173800285821,61,0,0.7111402975912219,61,0,1.4686260550001862,34.96514055099988
30,2970,0.00027376913719730407,0.00027285977282488864,0.5574281593812551,26,4,False,33.148145477999606,0.17712232421408436,0.0701610243800173,0.284083622452273,0.9912455427540807,0.8008121735908388,0.7843399344453879,0.5345837226996164,0.706578610245281,0.9826430363047504,0.6677954495158482,0.645196759085406,0.36479990769888004,0.5592640387667114,0.97324807441431,26.260368714999913,60.09055002714592,1578,3125.45458984375,3196.0,0.36634325168349524,0,99,1.0,0.2070139781170085,0.0861709639051844,0.32785699164806886,0.990062445237777,0.7608923977020406,0.7359394092845584,0.3948565460325432,0.6305627843397141,0.9803204570116958,0.6140648288259588,0.5822026370334245,0.24599455273394444,0.4807540061977759,0.9690661745023001,1.916599597000186,205.57241095984733,394,1129.69140625,3196.0,0.5418008037345282,0.375870150736671,61,0,0.7077314567323855,61,0,1.4714712410000175,34.6255662919998
31,3069,0.00027285977282488864,0.0002719500715876666,0.5574281593812551,26,5,False,33.72203691000004,0.17703989744941848,0.06997511294140411,0.28410467988940097,0.9911970803614203,0.8020587513214789,0.7823738217124294,0.537039587114983,0.7071573867162971,0.9825477911151694,0.6695309575542623,0.6425402440121106,0.36709099055928607,0.559720730708553,0.9732132634886922,26.5586989909998,59.41556100073847,1578,3125.45458984375,3196.0,0.36602528363165227,0,99,1.0,0.20670172224190028,0.08416911683560628,0.32923432745909326,0.9903217891150955,0.7671322429960706,0.7389446172535017,0.387175487262287,0.6310841158372864,0.9808291180683749,0.6222340057463484,0.5859731676844576,0.24006051756063046,0.4827558969971455,0.9698788405674968,1.964023424000061,200.6086053686434,394,1129.69140625,3196.0,0.5408912337294964,0.37351788710941647,61,0,0.7082645803495764,61,0,1.35980986200002,35.08833385099979
32,3168,0.0002719500715876666,0.00027104003210786146,0.5574281593812551,26,6,False,33.68352751600014,0.1754431366467204,0.06926778564170588,0.2816184883788511,0.9913480243509949,0.804404901274103,0.7867361262296082,0.5379903540094498,0.709710460504387,0.9828444778617755,0.6728071251975929,0.6484460167636186,0.36798003042240335,0.5630777241278716,0.9735503879638981,26.56017837299987,59.412251598586344,1578,3125.45458984375,3196.0,0.3667891471072881,0,99,1.0,0.20714736718514243,0.09221232922624815,0.32208240365013857,0.9897159077863934,0.7619916238401224,0.7069394507407729,0.40660662481931853,0.6251792331334046,0.9796411874781212,0.6154979550329941,0.5467179794061204,0.2551828262579614,0.472466253565692,0.966534764633566,1.9496270580002601,202.089932217153,394,1129.69140625,3196.0,0.5400779998996714,0.3977557031290612,61,0,0.6824002966702817,61,0,1.8771004889999858,35.565980669000055
33,3267,0.00027104003210786146,0.00027012965299689866,0.5574281593812551,26,7,False,33.80752864299984,0.17460064304796613,0.06857972122794927,0.2806215647735523,0.9913216874389088,0.8059016340026957,0.7871451101940324,0.5509316529635426,0.7146594657200902,0.9827927051607633,0.6749038914642607,0.6490018853945173,0.3801971481126291,0.5680343083238024,0.9737980870390724,26.603199760999814,59.31617302341735,1578,3125.45458984375,3196.0,0.36633983886603155,0,99,1.0,0.20253624052263153,0.08659100897496727,0.31848146997127436,0.9901375194936137,0.7738304268287077,0.7230945353332529,0.427992718880214,0.6416392270140582,0.9804676761504382,0.6310957666542961,0.5662866636113657,0.27225873825173535,0.4898803895057991,0.9681743486278553,1.974629923000066,199.53105916747867,394,1129.69140625,3196.0,0.5554538041538303,0.4129557969403652,61,0,0.6979518113672953,61,0,1.5004556150001918,35.31384390099993
34,3366,0.00027012965299689866,0.0002692189328552801,0.5574281593812551,26,8,False,33.46211236099998,0.17443754092444333,0.06824148400994762,0.28063359894377804,0.9914165416179045,0.806880683192658,0.7877362906223558,0.5460982048392091,0.7135717262180744,0.9829791807296452,0.6762782831743797,0.6498060484106766,0.37560872863411987,0.5672310200730587,0.9738924633263031,26.423546845000146,59.71946193508797,1578,3125.45458984375,3196.0,0.3725515065169094,0,99,1.0,0.20665966556762075,0.08882316249200535,0.3244961665063945,0.9901584541040265,0.7703042936813038,0.723639234171454,0.4141927377811283,0.636045421877962,0.9805087324125852,0.6264186251307171,0.5669550910253072,0.2611873130165813,0.48485367639086857,0.9682680701241275,1.9032445630000439,207.01490899253966,394,1129.69140625,3196.0,0.5475725387935837,0.3967168594885893,61,0,0.6984282180985781,61,0,1.5184068159996968,34.98641983499965
35,3465,0.0002692189328552801,0.0002683078702724569,0.5574281593812551,26,9,False,33.64593790000026,0.17164354247285385,0.06727209073433556,0.2760149948723869,0.9914316431810918,0.809301235958028,0.7918003154568367,0.5596842430071965,0.7202619314740204,0.9830088724061631,0.6796859628969097,0.6553555058708919,0.3885844060858893,0.5745419582845637,0.9742264934970096,26.575451034999787,59.37810793584571,1578,3125.45458984375,3196.0,0.3614789578649733,0,99,1.0,0.20540972855793038,0.08609837622660671,0.3247210760104475,0.9903271477640389,0.7731421841068865,0.7216997725194062,0.41120421458845974,0.6353487237382508,0.9808396309467166,0.630180754518863,0.5645776766713143,0.2588150210141368,0.48452448406810467,0.9694150353446225,1.9582978220000768,201.19513772302227,394,1129.69140625,3196.0,0.548321357686171,0.40056614859495565,61,0,0.6960765667773862,61,0,1.5172436329999073,35.16918596300002
36,3564,0.0002683078702724569,0.00026739646382669996,0.5574281593812551,26,10,False,33.833541152999715,0.17144921856385825,0.06718989338900502,0.2757085445413722,0.9914754973128573,0.8092925520079403,0.7937036796997162,0.5569179974549748,0.719971409720877,0.9830951004870389,0.6796737127769583,0.6579674217211732,0.3859226270390678,0.574521253845733,0.9743175434069035,26.711141041000246,59.07647290611247,1578,3125.45458984375,3196.0,0.36785079930165804,0,99,1.0,0.20906125810848275,0.0912096521386943,0.32691286753882004,0.9899206036188231,0.7535204651992973,0.7076673216659197,0.4255953713738099,0.628927719413009,0.9800423681201923,0.6045189224224017,0.5475891258728822,0.27032146859551615,0.47414317229693337,0.9666557505651174,1.9569081029999325,201.33801857941083,394,1129.69140625,3196.0,0.5441297055613962,0.40771811843582456,61,0,0.6805412926869677,61,0,1.5087938169999688,35.34757035499979
37,3663,0.00026739646382669996,0.00026648471208496894,0.5574281593812551,26,11,False,33.76646950899976,0.17109017827664944,0.06657427951636877,0.27560607626259853,0.9915286158577209,0.8128001502512012,0.7939909098974917,0.5633650459680739,0.723385368705589,0.9831995547409922,0.684636331804778,0.6583622929658052,0.3921420987196406,0.5783802411634079,0.9745894554147854,26.587673202999667,59.350812233616864,1578,3125.45458984375,3196.0,0.36159121839687075,0,99,1.0,0.20483628974348156,0.08982908421285866,0.31984349465007106,0.9898407071320228,0.7582175398365655,0.7189211727684506,0.42865856781661643,0.6352657601405441,0.979885760711791,0.6105880572163778,0.5611841812436017,0.2727978522280763,0.48152336356268527,0.9669816844959549,1.9650052279998818,200.50837238791493,394,1129.69140625,3196.0,0.5537727736482583,0.41227191320738743,61,0,0.6952736340891292,61,0,1.5003239460002078,35.27294383799972
38,3762,0.00026648471208496894,0.00026557261360277845,0.5574281593812551,26,12,False,33.71134608500006,0.16947407580449403,0.06589649731933088,0.2730516543557586,0.9916444801848887,0.8139578314612093,0.7942202718223235,0.5690600779186296,0.7257460604007208,0.9834274327835417,0.6862806846606551,0.6586777445849479,0.39768271828694557,0.5808803825108495,0.9748252027388308,26.54508156599968,59.446040731748376,1578,3125.45458984375,3196.0,0.3612542348076599,0,99,1.0,0.20590727280844287,0.08979909201412636,0.32201545341365834,0.9901810350315234,0.7492061466579634,0.7334015098252267,0.42109769204145947,0.6345684495082166,0.9805530192854258,0.5989845126406202,0.57903235754215,0.26670281620268355,0.4815732287951513,0.9672946058554093,1.9684390659999735,200.15859612085413,394,1129.69140625,3196.0,0.5558326559297515,0.4039380362416257,61,0,0.7077272756178773,61,0,1.6759656950002864,35.39319568200017
39,3861,0.00026557261360277845,0.0002646601669240631,0.5574281593812551,26,13,False,33.58037439000009,0.16865617331443178,0.06524730355718442,0.272065044167075,0.9916541078824109,0.8132890657085798,0.7980708125699363,0.5737440633396543,0.7283679805393901,0.9834463705701977,0.6853303885618878,0.6639915403638313,0.40227286603490436,0.5838649316535413,0.9750105515783428,26.566349071999866,59.398451617244035,1578,3125.45458984375,3196.0,0.3597545978998897,0,99,1.0,0.20575787391759418,0.08780795366025818,0.32370779478005346,0.990476951406011,0.7743382296253634,0.7405725581761795,0.3931986397279456,0.6360364758431628,0.9811335687535769,0.6317715444356877,0.5880232029117379,0.24470892883820528,0.4881678920618769,0.9695944229358344,1.9164409830000295,205.58942513493196,394,1129.69140625,3196.0,0.5453939736316713,0.3745849247344248,61,0,0.7162030225289179,61,0,1.3043633450001835,34.890570345000015
40,3960,0.0002646601669240631,0.0002637473705810397,0.5609109881814119,40,0,False,33.583534135000264,0.16737982392764364,0.06442102188355418,0.27033862688771065,0.991749215537237,0.8167438320064915,0.8011649457241197,0.5801107872651705,0.7326731883319272,0.9836334678040258,0.6902510665898106,0.6682862190812721,0.4085605989975985,0.5890326282228937,0.9753332875376267,26.552238078999835,59.4300184905332,1578,3125.45458984375,3196.0,0.36099309842995925,0,99,1.0,0.20208485053880565,0.08615608097332988,0.31801362070940475,0.9903725860121999,0.7707611318796176,0.7155754651964162,0.4373643424367367,0.6412336465042568,0.9809287785683751,0.6270230724628657,0.5571175618393518,0.27988887897179576,0.48800983775800444,0.967873820193528,1.9106501620003655,206.21252798445298,394,1129.69140625,3196.0,0.5609109881814119,0.42375837154920515,61,0,0.6980636048136187,61,0,3.232272127000215,36.82109302000026
41,4059,0.0002637473705810397,0.00026283422309406735,0.5609109881814119,40,1,False,37.307853646999774,0.16707108727879397,0.06427774436686882,0.269864430728974,0.9917060956244398,0.8179388819987936,0.8041300295521709,0.5757218973419093,0.7325969362976247,0.9835486372781423,0.6919598906881217,0.6724226290681424,0.4042201423074998,0.5895342206879214,0.9753601306291587,30.16845993900006,52.30628289248706,1578,3125.45458984375,3196.0,0.35600423556987687,0,99,1.0,0.20668925307123795,0.08920411186926255,0.32417439461359515,0.9902678562508117,0.7522924426734646,0.7301619691365897,0.4105573438460704,0.6310039185520415,0.980723315961692,0.6029397179298991,0.5750040173549735,0.25830270897568636,0.47874881475351966,0.9673593588891973,1.997617357999843,197.23497016190373,394,1129.69140625,3196.0,0.5538755337962009,0.39733465656211003,61,0,0.7104164110302919,61,0,1.3581903640001656,38.67204594799978
42,4158,0.00026283422309406735,0.00026192072297150575,0.5609109881814119,40,2,False,33.84416594000004,0.1665176493700013,0.06401276645570503,0.26902253142025684,0.9917667304690462,0.81730776474015,0.8048022745696656,0.584123885044884,0.7354113081182332,0.9836679272946743,0.6910570141357011,0.6733632916510899,0.41255296199653807,0.592324422594443,0.9755302013402052,26.673851242999717,59.15906127031919,1578,3125.45458984375,3196.0,0.3616532791744579,0,99,1.0,0.2072440096115703,0.08987270095172872,0.32461531815795125,0.9904181418933631,0.7636099581084579,0.7156959817931932,0.42735042735042733,0.6355521224173595,0.9810181650359552,0.6176125108062321,0.5572636787296473,0.2717391304347826,0.4822051066568873,0.9680668400023794,1.9719628090001606,199.80092839568755,394,1129.69140625,3196.0,0.54755286291642,0.40704407792195935,61,0,0.6880616479108806,61,0,1.4543284490000588,35.30426311700012
43,4257,0.00026192072297150575,0.00026100686870957095,0.5609109881814119,40,3,False,33.66032136499962,0.16632718629710122,0.06377330297752931,0.2688810682379852,0.9918143826841938,0.8191657206505574,0.8005815093818784,0.584349808348117,0.7346990127935177,0.9837616859927051,0.69371776800201,0.6674747101566676,0.41277839101357056,0.591323623057416,0.975571394268853,26.72340185799976,59.04936835456146,1578,3125.45458984375,3196.0,0.3599721849566758,0,99,1.0,0.20781411223000076,0.08852850638216522,0.3270997161490058,0.9902266707287707,0.7703120359370359,0.7250795541247186,0.3972591591933725,0.6308835830850423,0.9806425284013337,0.6264288652479593,0.5687253322123357,0.24786237991754168,0.4810055257926122,0.9689018133328046,1.9009421740001926,207.26564194790708,394,1129.69140625,3196.0,0.5431559206263471,0.38451137163005206,61,0,0.7018004696226421,61,0,1.5942216270000245,35.26059991399961
44,4356,0.00026100686870957095,0.0002600926587921887,0.5609109881814119,40,4,False,33.39711367600012,0.16617634892463684,0.06381751823561273,0.2685351783482898,0.9917760915290597,0.8180859542562926,0.8038521744429619,0.5828433478495733,0.7349271588496092,0.9836863450631465,0.6921704308383275,0.6720341393160274,0.41127658467760286,0.5918270516106525,0.9755656698055292,26.318761572999847,59.9572284441702,1578,3125.45458984375,3196.0,0.3653173666409772,0,99,1.0,0.20524094787043362,0.08761587999950206,0.3228660136612539,0.9902978045177784,0.770634372333076,0.727268048437971,0.4166404478534929,0.6381809562081799,0.9807820651957917,0.6268553105682457,0.571422794521181,0.2631369781352994,0.4871383610749087,0.9690288408153553,1.9208823740000298,205.11406910332443,394,1129.69140625,3196.0,0.5500801714682254,0.4016416947176134,61,0,0.6985186482188375,61,0,1.4981972279997535,34.90073157899997
45,4455,0.0002600926587921887,0.0002591780916908457,0.5609109881814119,40,5,False,34.05920856299963,0.16387443782712116,0.06264141676014971,0.26510745815753334,0.9919202454591727,0.8210221249647428,0.8071990980670267,0.5905328993155071,0.7395847074490921,0.9839700093084252,0.6963846755310741,0.6767257609873818,0.4189760080449703,0.5973621481878088,0.9760029723889021,26.973679950000133,58.501472655012805,1578,3125.45458984375,3196.0,0.3481488676384242,0,99,1.0,0.2072807749364582,0.08964181642241889,0.32491973193768925,0.9902630776939249,0.7521949172345712,0.7352707615937668,0.3977190084236788,0.6283948957506723,0.9807139422339086,0.6028144360235581,0.5813661448361302,0.2482205122039197,0.47746703102120264,0.9674541647664181,1.9543568039998718,201.6008536382008,394,1129.69140625,3196.0,0.5455574497198973,0.3809333537021256,61,0,0.710181545737669,61,0,1.4598567670000193,35.52507940199985
46,4554,0.0002591780916908457,0.00025826316586443845,0.5609109881814119,40,6,False,33.641909768000005,0.16434836568941183,0.06269631084380495,0.2660004207049939,0.9918783672431134,0.8200582277938822,0.806657668346595,0.5910086936084812,0.7392415299163195,0.9838875935343704,0.6949988949544796,0.6759650160310252,0.41945517401528704,0.5968063616669307,0.9759249185579055,26.485276305999832,59.580273272154926,1578,3125.45458984375,3196.0,0.36451589022621966,0,99,1.0,0.205483894360247,0.08778326462973193,0.3231845207625839,0.9905515306493706,0.7588035781200457,0.7303788878697718,0.4269225045574612,0.6387016568490929,0.9812799372379899,0.611348505960675,0.5752731117115001,0.2713931804341014,0.48600493270209216,0.9682863496886898,1.9810647379999864,198.8829503864516,394,1129.69140625,3196.0,0.5568019244900452,0.40966560201369717,61,0,0.7039382469663932,61,0,1.540260994000164,35.188034616000095
47,4653,0.00025826316586443845,0.00025734787975911923,0.5609109881814119,40,7,False,33.743994879000184,0.16295744682672814,0.062073310206824835,0.263841582832832,0.9919098802885747,0.8229253821210619,0.8088030728843135,0.595201879733089,0.7423101115794881,0.9839496101524314,0.6991276250642079,0.6789835118553528,0.4236921100236103,0.6006010823143902,0.9761692138981305,26.64574069399987,59.22147250931315,1578,3125.45458984375,3196.0,0.35179155161886505,0,99,1.0,0.20345589125216915,0.08669584686986082,0.3202159327601418,0.9904955008241129,0.7673143109846373,0.7407625800126457,0.4174776148407253,0.6418515019460028,0.9811699716372811,0.6224736101199877,0.5882628392825912,0.2638051876900988,0.4915138790308926,0.9689501457407995,1.938035219000085,203.2986790628508,394,1129.69140625,3196.0,0.560329829576176,0.405537379049238,61,0,0.7151222801031142,61,0,1.6471619349999855,35.39723158600009
48,4752,0.00025734787975911923,0.0002564322318081403,0.5609109881814119,40,8,False,33.712698528000146,0.16195144386270352,0.06165515571945974,0.26224773162822457,0.9919226493205088,0.823760780285544,0.8117445845334147,0.6019470820318542,0.7458174822836043,0.9839747402834779,0.700334393275477,0.6831398148643587,0.4305610140327817,0.6046784073908724,0.9763633815054658,26.622151692999978,59.273946681586935,1578,3125.45458984375,3196.0,0.36061706025191026,0,99,1.0,0.20973245572620236,0.09280193869383807,0.32666297203998274,0.9900643896920461,0.7487943150725379,0.7175829968926304,0.41023171188526786,0.6255363412834788,0.9803242697721605,0.5984582104228122,0.5595551175272051,0.2580449710515686,0.4720194330005287,0.9667920727415134,1.951196858000003,201.92734443199856,394,1129.69140625,3196.0,0.5379050834251496,0.390018136704347,61,0,0.6857920301459524,61,0,1.4914983570001823,35.209410211999966
49,4851,0.0002564322318081403,0.0002555162204316949,0.5609109881814119,40,9,False,33.88414155400005,0.16035301067378888,0.060708577169816,0.25999744502763783,0.9920748459747778,0.8263970407277584,0.8114294436832408,0.6097314027666945,0.7491859623925645,0.9842743203826743,0.7041538487941547,0.6826935425674395,0.43857093800441604,0.6084727764553367,0.9767271169993663,26.828365954999754,58.81834184932619,1578,3125.45458984375,3196.0,0.357225684806554,0,99,1.0,0.20299339438150377,0.08677339247489338,0.31921339564517065,0.9905898944220687,0.7720662089128872,0.7308269058295964,0.43009410455524105,0.6443290730992416,0.981355238022818,0.6287523110096698,0.5758291829431684,0.2739617105733552,0.4928477348420645,0.9690150536861516,1.934228734000044,203.69876275449388,394,1129.69140625,3196.0,0.5587465766309228,0.4115413563047445,61,0,0.7059517969571011,61,0,1.4464435830000184,35.33650900299972
50,4950,0.0002555162204316949,0.000254599844036756,0.5609109881814119,40,10,False,33.70675868799981,0.16121779980919357,0.06121380161139901,0.2612217989937887,0.9919266753707455,0.8253499629705281,0.8109596229213393,0.6062058323693972,0.7475051394204214,0.9839826638955581,0.7026347737218179,0.682028666607417,0.43493210579286906,0.606531848707368,0.9764557464947718,26.671149576999596,59.16505381383411,1578,3125.45458984375,3196.0,0.3554749112538617,0,99,1.0,0.20926979993503106,0.09115248506293079,0.32738711371034535,0.9904603302133832,0.7411956834024708,0.7314193628705408,0.41061272492061623,0.6277425903978758,0.9811009511124349,0.588809295956243,0.5765651322927287,0.2583465536428859,0.47457366063061923,0.9674501370657519,1.9400105320000876,203.09168094762808,394,1129.69140625,3196.0,0.5491116497371762,0.3932060921295988,61,0,0.7050172073447536,61,0,1.5191087580001295,35.23211586499974
51,5049,0.000254599844036756,0.00025368310101691254,0.5609109881814119,40,11,False,33.98506375099987,0.1601405859522342,0.060535374731392005,0.25974579595492064,0.9920675538103276,0.8256559964910316,0.8156529647705726,0.6106929360042235,0.7506672990886093,0.9842599646044541,0.7030784795800475,0.6886942260235128,0.439566566549956,0.6104464240511721,0.9767961586685084,26.917085167000096,58.624475503558685,1578,3125.45458984375,3196.0,0.36170171667831114,0,99,1.0,0.208922200699143,0.09235653500569048,0.32548786934257157,0.9901529248233696,0.7581318967602673,0.7361940409351514,0.41552535409749924,0.6366170972643059,0.9804978884057113,0.6104769860683956,0.582521419253235,0.2622480297630892,0.48508214502823993,0.9678123203025857,1.9308936760003235,204.05059320311017,394,1129.69140625,3196.0,0.5563508304539648,0.3993991323261777,61,0,0.713302528581752,61,0,1.465271772000051,35.456199476000165
52,5148,0.00025368310101691254,0.0002527659897522024,0.5609109881814119,40,12,False,33.87119492800002,0.15890254913174154,0.0595301786728005,0.2582749184244637,0.9920949015510291,0.8294825667923765,0.8166452682091767,0.616947974065254,0.754358603022269,0.9843138040255262,0.7086460596484297,0.690110282462226,0.44607719919161043,0.6149445137674221,0.977102069347077,26.729673929,59.03551252407797,1578,3125.45458984375,3196.0,0.3611206463491074,0,99,1.0,0.20654279871035347,0.09118024535893184,0.32190535455790875,0.9902168445297095,0.7682329535014031,0.7411770608599669,0.38796498785371575,0.6324583340716953,0.9806232547705074,0.623683638627264,0.5887857917224667,0.24066784215634013,0.4843790908353569,0.9684023784501904,1.9744639799996548,199.54782867199677,394,1129.69140625,3196.0,0.5479760056538477,0.3801106943981497,61,0,0.7158413169095458,61,0,1.4785412749997704,35.35514457099998
53,5247,0.0002527659897522024,0.00025184850860894326,0.5609109881814119,40,13,False,33.47190990600029,0.1577165683941545,0.05921526583730797,0.2562178716120158,0.9921230143742313,0.8306169815334091,0.8201626270126409,0.6182400406927008,0.7563398830795837,0.984369152707901,0.7103036117478387,0.6951488788119854,0.44742940807362475,0.617627299544483,0.977226692460789,26.395820277999974,59.78219215696092,1578,3125.45458984375,3196.0,0.34931855641230186,0,99,1.0,0.2077890184476291,0.089423943121875,0.3261540925442265,0.9903663458718421,0.7736603301800835,0.7307029254593117,0.4129022242920187,0.6390884933104712,0.9809165352427227,0.6308695292338482,0.5756752616196851,0.26016180641915965,0.48890219909089766,0.9696436848132138,1.9299252179998803,204.1529880667244,394,1129.69140625,3196.0,0.5488367019899492,0.3910457505072463,61,0,0.7066276534726519,61,0,1.3491297099999429,34.82851789899996
54,5346,0.00025184850860894326,0.00025093065593956017,0.5609109881814119,40,14,False,33.59083534399997,0.15661005735284023,0.05873108699596729,0.25448902744530727,0.9921764915680684,0.831634669855857,0.8220507683609451,0.6247755091240225,0.7594869824469416,0.9844744474275975,0.7117933478505879,0.6978660423396214,0.4543080153597751,0.6213224685166615,0.9774484767357811,26.55995137300033,59.41275937741832,1578,3125.45458984375,3196.0,0.3509189427802057,0,99,1.0,0.20726767265554613,0.09029979561337359,0.32423554958425804,0.990453500168161,0.7645780674914638,0.7439080262291327,0.41129999586383753,0.6399286965281447,0.9810875480556286,0.6188801148600144,0.5922400920976143,0.25889091382452484,0.49000370692738443,0.968945653305441,1.9174024639996787,205.4863323676557,394,1129.69140625,3196.0,0.5551893798323945,0.3938603674731641,61,0,0.7165183921916248,61,0,1.480340447999879,35.07713707600033
55,5445,0.00025093065593956017,0.00025001243008241063,0.5609109881814119,40,15,False,33.754642345999855,0.15598528802923678,0.05822204660119062,0.2537485300474747,0.9922710817372477,0.8329769218018604,0.8214307464783995,0.6279730042075994,0.7607935574959531,0.9846607195195383,0.7137621674868334,0.6969728287276625,0.457697265530056,0.6228107539148506,0.9776216417513268,26.71430789600072,59.069469669331596,1578,3125.45458984375,3196.0,0.3520231246948242,0,99,1.0,0.20899804034814012,0.0908717472238589,0.32712433286729803,0.9904983344659791,0.7660105909367824,0.7324378317132805,0.41440972312627256,0.6376193819254451,0.981175532723872,0.6207594532908504,0.5778318807851993,0.26135990436530354,0.48665041281378435,0.9691456441346764,1.9008050160000494,207.280597790673,394,1129.69140625,3196.0,0.5549678183973283,0.4018353009868438,61,0,0.708100335807813,61,0,1.4638658079993547,35.22429383099916
56,5544,0.00025001243008241063,0.00024909382936160645,0.5609109881814119,40,16,False,33.68305370300004,0.15518662609226047,0.05779673219558102,0.25257651955455884,0.9922717633616334,0.8336089512159484,0.8256513499634163,0.631559244641223,0.7636065152735293,0.9846620619381533,0.7146907995264328,0.7030717410350795,0.46151741839612287,0.6264266529858783,0.9777958897734474,26.59332287000052,59.338203342016925,1578,3125.45458984375,3196.0,0.3500788336751437,0,99,1.0,0.20911808599372805,0.09263694469774435,0.325599225493252,0.9903877962124493,0.7645176359034783,0.7348447814483685,0.4089139830614335,0.6360921334710935,0.9809586220303388,0.6188009300015801,0.5808336958761706,0.2570030650185911,0.4855458969654472,0.9683800711849619,1.8989018949996535,207.48833893815873,394,1129.69140625,3196.0,0.5515859470990216,0.39709679482862725,61,0,0.706075099369416,61,0,1.4771212249997916,35.16558262000035
57,5643,0.00024909382936160645,0.0002481748520868328,0.5609109881814119,40,17,False,33.498866122000436,0.15573458233789195,0.05797529137482057,0.2534938727721515,0.9922673796418277,0.8310474368335946,0.8240192564506562,0.6272889968177607,0.7607852300340038,0.9846534284949038,0.710933414254631,0.7007081204098651,0.4569709103835912,0.6228708150160291,0.9776002136926687,26.604550498999743,59.313161485638645,1578,3125.45458984375,3196.0,0.3526677584106272,0,99,1.0,0.20828553413981712,0.09184747629888772,0.3247235896926241,0.9904502800100211,0.7739418476260581,0.7243293035719723,0.41923072670786854,0.6391672926352997,0.9810812289857824,0.6312439961575408,0.5678027296544069,0.265206778617839,0.48808450147659554,0.9695134041878173,1.8743909459999486,210.20161287100606,394,1129.69140625,3196.0,0.5519754699113025,0.407365447301015,61,0,0.6965854925215901,61,0,1.4746440769995388,34.979459170000155
58,5742,0.0002481748520868328,0.0002472554965531639,0.5609109881814119,40,18,False,33.57683812400046,0.15512019305174796,0.05805596670534825,0.25218441957756593,0.992253653131777,0.8324414095059558,0.8240478370170161,0.6257926749607782,0.7607606404945834,0.9846263955363445,0.7129761335178169,0.700749454745414,0.4553844704203691,0.6230366862278667,0.9776287973304816,26.478769745000136,59.59491378174647,1578,3125.45458984375,3196.0,0.3491721031340686,0,99,1.0,0.20673695236898315,0.0899839375149175,0.3234899702108451,0.9903916605469792,0.7734961995079956,0.7408175509538788,0.4021777777777778,0.6388305094132174,0.980966204264465,0.6306512863618624,0.5883321765762193,0.25170370782453894,0.4902290569208736,0.9693163566782995,1.9473582079999687,202.32538542801382,394,1129.69140625,3196.0,0.5505677559289395,0.3865389264053507,61,0,0.7145965854525284,61,0,1.50198036600068,35.08464020700012
59,5841,0.0002472554965531639,0.0002463357610408762,0.5609109881814119,40,19,False,33.71737049800049,0.15391086238343152,0.05683433657325568,0.2509873886752038,0.9923496041635779,0.8367803424867781,0.8251798880173902,0.6392407117226544,0.7670669807422742,0.9848153767059818,0.7193657165970535,0.7023882887268829,0.46976766370773904,0.6305072230105585,0.9781021098824659,26.552215690000594,59.430068602307465,1578,3125.45458984375,3196.0,0.3445376607805792,0,99,1.0,0.20787614931915013,0.09007250370107932,0.32567979826539906,0.9902538509397615,0.761073271314161,0.7261290074687764,0.42251834685206646,0.6365735418783346,0.9806958430704407,0.6143004696665563,0.5700176954543366,0.2678435885507211,0.4840539178905379,0.9682031621787753,1.9723775209995438,199.7589182624289,394,1129.69140625,3196.0,0.552383981998202,0.4038802523657792,61,0,0.7008877116306249,61,0,1.5018764360002024,35.225051714000074
60,5940,0.0002463357610408762,0.0002454156438152575,0.5616113558987188,60,0,False,33.6413868059999,0.1535353244521923,0.05682145096408853,0.25024919772782706,0.9924029908192387,0.8358986853408218,0.8268138519782428,0.6383107144584947,0.7670077505925198,0.984920540431262,0.7180635180242481,0.7047593030078199,0.4687638518097442,0.6305288909472707,0.9781207143882684,26.504978455000128,59.535985010480644,1578,3125.45458984375,3196.0,0.3428912057419016,0,99,1.0,0.20426434301180282,0.08899519569831452,0.31953348726185443,0.9905192754135419,0.7695009712766158,0.7385259936870177,0.4277377032699123,0.6452548894111819,0.9812166307774881,0.6253568294767012,0.585446858192164,0.2720523822007942,0.49428535662321976,0.9691258154544734,1.9827518160000182,198.71372544994122,394,1129.69140625,3196.0,0.5616113558987188,0.4128270152954629,61,0,0.7103956965019748,61,0,2.873504561000118,36.520179745999485
61,6039,0.0002454156438152575,0.0002444951431264138,0.5616113558987188,60,1,False,33.70831259100032,0.15187280102903247,0.0561958800609423,0.24754972176104595,0.9924148341196931,0.8367585649697432,0.8292906982854057,0.6435594217612516,0.7698695616721335,0.984943871471788,0.7193335276506709,0.7083660282453086,0.4744471907474726,0.6340489155478174,0.9783081905621237,26.627433220999592,59.262189746307136,1578,3125.45458984375,3196.0,0.3454294046669295,0,99,1.0,0.20405634738467066,0.09016542492179096,0.3179472737808518,0.9904527029594271,0.7668890346000703,0.7383031117080815,0.4202938675420729,0.6418286712834083,0.9810859836511668,0.6219140500071285,0.585166784953868,0.2660582616642255,0.4910463655417407,0.968647758367703,1.9372427999996944,203.3818373205786,394,1129.69140625,3196.0,0.554223826768947,0.39681836934699066,61,0,0.7116292841909032,61,0,1.4772179000001415,35.19157918500059
62,6138,0.0002444951431264138,0.00024357425720907203,0.5616113558987188,60,2,False,33.847777834000226,0.15054409895257503,0.05528014777428902,0.24580805013086104,0.9924612600345816,0.8394326495056295,0.829119818738687,0.6552531179606786,0.7746018620683316,0.9850353347888594,0.7232950755921694,0.7081167074205068,0.4872687393533726,0.6395601741220163,0.9786437292062737,26.694182851000733,59.11400280757584,1578,3125.45458984375,3196.0,0.3395088420371817,0,99,1.0,0.20609238804294372,0.08998337344545398,0.32220140129781616,0.9902920740162828,0.7655542886697307,0.7423713479673618,0.40079383930032353,0.636239825312472,0.9807708234551904,0.6201603534632159,0.5902945569564645,0.2506204948116072,0.48702513507709594,0.9686757973608027,1.9475308500004758,202.30744996922834,394,1129.69140625,3196.0,0.5517214350218995,0.38864877704048983,61,0,0.7147940930033093,61,0,1.4800587689996973,35.33374645299955
63,6237,0.00024357425720907203,0.00024265298428237982,0.5616113558987188,60,3,False,33.64447309099978,0.15046700865445783,0.054926511339361675,0.24600750562960355,0.9925097346038383,0.8409269637943788,0.8315616215986079,0.652951078160563,0.7751465545178499,0.9851308431387842,0.7255168031060963,0.711686330207944,0.48472707083937083,0.6406434013844704,0.9787527647610702,26.53634373299974,59.465615002478664,1578,3125.45458984375,3196.0,0.33772341304957265,0,99,1.0,0.20699644141693405,0.09142954189916552,0.32256334248533103,0.9903584807598002,0.7697691012880562,0.7390165706412408,0.3916766148977855,0.6334874289423609,0.9809011038938741,0.6257110775660141,0.5860636654179101,0.2435310078345302,0.48510191693948485,0.9689338800265704,1.945975786999952,202.46911736112455,394,1129.69140625,3196.0,0.5489664262861337,0.3806417031842313,61,0,0.7172911493880361,61,0,1.5017966390005313,35.152132712999446
64,6336,0.00024265298428237982,0.0002417313225497015,0.5630127854799131,64,0,False,33.7913851910007,0.15175645990139028,0.056281823882094205,0.24723109599150933,0.9923885807467017,0.8384737019042459,0.8284901006901233,0.6457510585427733,0.7709049537123809,0.984892153646018,0.7218723358040781,0.7071985487943188,0.47683334930128796,0.6353014112998949,0.9783803652145715,26.68568899999991,59.13281834319531,1578,3125.45458984375,3196.0,0.35029572474234033,0,99,1.0,0.20448148303528121,0.08917354588127378,0.3197894217399171,0.99061732565423,0.7777692661253256,0.7507083795319984,0.41886704094356986,0.6491148955336313,0.9814090838207593,0.6363522406769038,0.6009072399371197,0.2649157609069995,0.5007250805070077,0.9700390191247621,1.9475420199996734,202.3062896481515,394,1129.69140625,3196.0,0.5630127854799131,0.40321343428907824,61,0,0.7228121366707478,61,0,3.0355378049998762,36.83220122200055
65,6435,0.0002417313225497015,0.000240809270198411,0.5638474185530661,65,0,False,33.88945748599963,0.14959676267227442,0.05468304358961011,0.24451048048956767,0.9925323729598567,0.8424052587461949,0.8320968025250943,0.6572520655898528,0.7772513756203807,0.9851754501291867,0.7277203573279674,0.7124706947666125,0.48948283497347234,0.6432246290226841,0.97889398108266,26.908817538999756,58.642487642311195,1578,3125.45458984375,3196.0,0.33631953627172145,0,99,1.0,0.2069196210899934,0.09190223740442151,0.3219370078011818,0.9905709731587352,0.7729188804166326,0.7394908466611136,0.42745179390915855,0.6466205069956349,0.9813180984684573,0.6298840949317702,0.5866604337638653,0.27182110682110683,0.49612187850558076,0.9693851374127538,1.898319334000007,207.5520134801506,394,1129.69140625,3196.0,0.5638474185530661,0.4148599071453119,61,0,0.7128349299608202,61,0,3.0805152129996713,36.97589979900022
66,6534,0.000240809270198411,0.00023988682539968076,0.5638474185530661,65,1,False,33.752746731000116,0.14907284891197436,0.05471884585794236,0.24342685435510256,0.9925243405985706,0.8408184009379608,0.8355271707176551,0.6523317910026076,0.7762257875527411,0.985159622802459,0.7253552002708769,0.7175153852516969,0.4840448017156349,0.6423051290794028,0.9788368524858405,26.645995410999603,59.220906393633676,1578,3125.45458984375,3196.0,0.3501984374691742,0,99,1.0,0.209135480187266,0.0920628906998235,0.32620807029874194,0.9905741074123021,0.7779646555891441,0.7300342102158782,0.4045405090125963,0.6375131249392062,0.9813242504340081,0.63661387467005,0.5748455715015559,0.2535573678290214,0.48833893800020906,0.9696139417929093,1.9766470740005389,199.3274394718238,394,1129.69140625,3196.0,0.5446903574416534,0.3880951669448271,61,0,0.7012855479384797,61,0,1.457459328999903,35.216033194000374
67,6633,0.00023988682539968076,0.00023896398630826672,0.5638474185530661,65,2,False,33.5548533049996,0.15000828826759854,0.05507785449198746,0.24493872269478134,0.9925423312073155,0.8403958552634484,0.8334545428165698,0.6531278201917933,0.7756594060906038,0.9851950726592381,0.7247265017790846,0.7144638365219879,0.484921902748632,0.6413707470165682,0.978803550033666,26.406485864999922,59.75804611288836,1578,3125.45458984375,3196.0,0.3472868661687832,0,99,1.0,0.2053125741971931,0.08956792555409035,0.32105722085473504,0.9906205165470192,0.7747483954894194,0.7360528803481097,0.4231728098100347,0.644658028549188,0.9814153475343196,0.6323177971261569,0.5823446795391484,0.2683698077016631,0.49434409478898944,0.969961873165847,2.0275541860000885,194.32279675704942,394,1129.69140625,3196.0,0.5566786611664308,0.40530816507607975,61,0,0.7080491572567819,61,0,1.4949185570003465,35.05580306799948
68,6732,0.00023896398630826672,0.00023804075106229056,0.5638474185530661,65,3,False,33.63403673599987,0.14813685675915353,0.054053764195383276,0.24221995006420463,0.9926114715078873,0.8422198123580689,0.8351180443791106,0.6601116432608363,0.779149833332672,0.9853313229540701,0.7274436212917333,0.7169121646613433,0.49266167583344433,0.6456724872621736,0.9790803742499405,26.546873037000296,59.44202911584454,1578,3125.45458984375,3196.0,0.33906419876247945,0,99,1.0,0.2074671477684515,0.09190980594624118,0.3230244936374238,0.9905941420755056,0.7730018988434317,0.7400182042009158,0.4023499344099154,0.638456679151421,0.9813635757101026,0.6299943725379854,0.5873245206146761,0.251838586606454,0.4897191599197052,0.9696481772485723,1.9495955349993892,202.09319980829943,394,1129.69140625,3196.0,0.5490882734914481,0.38531803048974517,61,0,0.7128585164931509,61,0,1.478467093999825,35.117702407999786
69,6831,0.00023804075106229056,0.00023711711778301664,0.5638474185530661,65,4,False,33.828566221000074,0.1479326580073897,0.05355150654855337,0.24231381028777293,0.9927124806610176,0.8433970808425721,0.8354527364629328,0.6659664522404739,0.781605423181993,0.9855304087481105,0.7292019299562008,0.7174056069870629,0.49921267224422267,0.6486067363958289,0.9793269903185401,26.745927784999367,58.99963585802516,1578,3125.45458984375,3196.0,0.34064962933159837,0,99,1.0,0.20916321487898754,0.09437956135285082,0.32394686976665166,0.9904238606630472,0.7674580498175264,0.7354259755178767,0.4240536608703293,0.6423125620685775,0.9810293865636683,0.6226628227168307,0.5815602418522342,0.26907874357226935,0.49110060271377814,0.9687741662039975,1.9491197950001151,202.1425265962048,394,1129.69140625,3196.0,0.562210946326728,0.4111216965155051,61,0,0.7133001961379507,61,0,1.4887215120006658,35.3231129450005
70,6930,0.00023711711778301664,0.00023619308457462616,0.5638474185530661,65,5,False,33.5149618989999,0.14906270191998838,0.05460753025550806,0.2435178725551743,0.9925832458495211,0.8403547127170896,0.837776543048474,0.6552800709116451,0.7778037755590695,0.9852756982253421,0.7246653109642434,0.7208394719944256,0.4872985494874672,0.6442677774820454,0.9789743556420311,26.523690130999967,59.49398414045293,1578,3125.45458984375,3196.0,0.3612622781233354,0,99,1.0,0.20915694428882017,0.09470435583651973,0.3236095338000864,0.9902248859472821,0.7470702002508758,0.7305557299611096,0.43599591127638004,0.6378739471627884,0.9806390276078687,0.5962586255035699,0.5754925578093543,0.2787690354647316,0.4835067395925519,0.9670366781012056,1.9371589339998536,203.39064239115746,394,1129.69140625,3196.0,0.5607604067002081,0.41933055836637606,61,0,0.7021902550340401,61,0,1.466990703999727,34.987635602999944
71,7029,0.00023619308457462616,0.00023526864952398683,0.5638474185530661,65,6,False,33.40438660400014,0.14667376462271006,0.0537095267009297,0.239638001028878,0.9926160828420706,0.8442444011659859,0.8385868097164083,0.662411686090826,0.7817476323244067,0.9853404108758036,0.7304696615942878,0.7220400256618782,0.4952283742333933,0.6492460204965198,0.9792597278744851,26.33143856300012,59.928362676596876,1578,3125.45458984375,3196.0,0.3583439766156553,0,99,1.0,0.20695304946245882,0.09624257086194711,0.31766352768476847,0.990400614637443,0.7597716614505641,0.73095107603493,0.4153181829397686,0.6353469734750875,0.9809837733625209,0.6126062740504613,0.5759833700903474,0.26208301153491614,0.48355755189190824,0.9685456716469701,1.9346432680004,203.65511643251355,394,1129.69140625,3196.0,0.5561612208970964,0.40145282034845126,61,0,0.7108696214457415,61,0,1.5337957329993515,34.943993084000795
72,7128,0.00023526864952398683,0.0002343438107004182,0.5638474185530661,65,7,False,33.67495143499946,0.15361948366098682,0.06761697952662735,0.23962198800309378,0.991847161195526,0.8197988461606259,0.8076283746262674,0.6169756970921185,0.7481343059596707,0.9838261848984285,0.694626372371943,0.6773294142865294,0.44610618612767294,0.6060206575953818,0.976402408420964,26.600370150000344,59.322482773796274,1578,3125.45458984375,3196.0,0.7146342773028095,0,99,1.0,0.23545680947715256,0.1649461609457955,0.3059674574033863,0.988717877110063,0.7545571948161707,0.6897892929118669,0.3412684557063049,0.5952049811447807,0.9776874867367454,0.6058545536378901,0.5264720316970111,0.20574061962004855,0.4460224016516499,0.966357081069559,1.943220866000047,202.75615957696826,394,1129.69140625,3196.0,0.4941666779401871,0.32578658471205435,61,0,0.6625467711683198,61,0,1.477054969999699,35.157719173999794
73,7227,0.0002343438107004182,0.0002334185661554533,0.5638474185530661,65,8,False,33.841891046000455,0.16474059836039526,0.07395189486831162,0.2555293013236671,0.9913242033224138,0.8044350331446887,0.7908055227312867,0.5744404229844717,0.7232269929534825,0.9827976507294754,0.6728492850209472,0.6539936607364688,0.40295785054952804,0.576600265435648,0.9742520988667419,26.71617110399984,59.06535011537443,1578,3125.45458984375,3196.0,0.6939171956043051,0,99,1.0,0.20737330290266706,0.10870053290110554,0.3060460721478244,0.9902119391761962,0.7712383286569836,0.7223945212636922,0.3683714877660394,0.6206681125622384,0.980613633288913,0.6276549363832554,0.565428477950971,0.2257692146245225,0.47295087631958294,0.9686163113201935,1.9826445469998362,198.724476657304,394,1129.69140625,3196.0,0.5237881913060269,0.35796702350486126,61,0,0.6896093591071926,61,0,1.459514109000338,35.30731889100025
74,7326,0.0002334185661554533,0.00023249291392259548,0.5638474185530661,65,9,False,33.93046735400003,0.14984645404592062,0.06931403369957957,0.2303788737690192,0.9918151312359552,0.8151791635368181,0.808810806119326,0.5922427123964271,0.7387442273508572,0.9837631588855748,0.6880189294866014,0.6789944118653142,0.42069944699387973,0.5959042627819318,0.9758106226854603,26.803742987000078,58.87237468160086,1578,3125.45458984375,3196.0,0.6107298418728992,0,99,1.0,0.2043181405152161,0.11509306274997401,0.2935432164650883,0.9900975525174837,0.7662711813337721,0.7285325887280476,0.4102572548502915,0.6350203416373704,0.9803892989719925,0.6211017929873605,0.5729856559982431,0.258065184509873,0.4840508778318255,0.968922416570828,1.968755439999768,200.12643114273575,394,1129.69140625,3196.0,0.5437196122932166,0.38657589907625595,61,0,0.7008633255101773,61,0,1.4782115859998157,35.414651230000345
75,7425,0.00023249291392259548,0.00023156685201707112,0.5638474185530661,65,10,False,33.951775174999966,0.14404324799096177,0.06542284154487804,0.22266365563159357,0.9921012536009015,0.82235371499278,0.8142932202775665,0.6115866465919441,0.7494111939540967,0.9843263097065689,0.6983028142340195,0.6867576657259118,0.4404932040524665,0.6085178946707993,0.9767602647363157,26.846831812000346,58.77788526594952,1578,3125.45458984375,3196.0,0.6331914816841935,0,99,1.0,0.20077426746714538,0.10376892494141753,0.2977796097848621,0.990298359613153,0.7530355309198328,0.7267705119149411,0.41588853760752886,0.6318981934807676,0.9807831541540728,0.6038949381415135,0.5708087337876585,0.2625374208071291,0.4790803642454337,0.9675732917592005,1.9407734999995228,203.01184038224804,394,1129.69140625,3196.0,0.5496420349342378,0.39885607455491595,61,0,0.7004279953135597,61,0,1.5031850209998083,35.46084978300041
76,7524,0.00023156685201707112,0.00023064037843557777,0.5638474185530661,65,11,False,33.71004978499968,0.14462944615929751,0.06577182928494477,0.22348706531887272,0.992040073837495,0.8234651946639062,0.8138106737854331,0.6101888685929563,0.7491549123474318,0.9842058678010942,0.6999072113541697,0.6860714860607547,0.43904445345404713,0.6083410502896572,0.9767157454303311,26.594848835999983,59.33479861949613,1578,3125.45458984375,3196.0,0.7640899395701861,0,99,1.0,0.19689189812858698,0.10975058004260063,0.2840332173302694,0.9902841107332053,0.7718176392768563,0.7294519810121582,0.39049241759548053,0.6305873459614983,0.9807552017947347,0.6284226707363038,0.5741238978069184,0.2426160782741424,0.48172088227245485,0.9689935209787437,1.9365430549996745,203.45532673946474,394,1129.69140625,3196.0,0.5390071330150366,0.37235002597535505,61,0,0.7056642400547182,61,0,1.4843098520004787,35.199737377999554
77,7623,0.00023064037843557777,0.0002297134911560277,0.5638474185530661,65,12,False,33.57057523799995,0.14935590004777424,0.06937316109170176,0.22933863809731223,0.9918068736401199,0.8132248641266078,0.8096847832428963,0.5888300220750552,0.7372465564815198,0.9837469108930315,0.6852392163812272,0.6802271968334594,0.4172637111660357,0.5942433747935741,0.9757180643021229,26.506129769000836,59.53339901947834,1578,3125.45458984375,3196.0,0.6955891618824969,0,99,1.0,0.19582013324432568,0.11380229260640096,0.2778379734851382,0.9904085160625289,0.77475918502598,0.7210700644545237,0.41351275882807803,0.6364473361028605,0.9809992772520947,0.6323321714045316,0.5638073239305171,0.26064675977010715,0.48559541836838527,0.9692356477534105,1.9338824569995268,203.73523663444473,394,1129.69140625,3196.0,0.544816421607721,0.3949423875954569,61,0,0.6946904556199851,61,0,1.527471747999698,35.10405652499958
78,7722,0.0002297134911560277,0.00022878618813728649,0.5638474185530661,65,13,False,33.64344276199972,0.14042138341337404,0.06526097271907767,0.21558179357885862,0.992083006502931,0.8243285050263471,0.8147795726998001,0.6175708164570701,0.7522262980610724,0.9842903859183876,0.7011554745952402,0.687449822777504,0.44672871768689204,0.6117780050198788,0.9769360985894923,26.52321252100046,59.49505546323156,1578,3125.45458984375,3196.0,0.6238379911942915,0,99,1.0,0.1976863387121162,0.11608853713056158,0.27928414063405266,0.9903259278688874,0.7680324490407674,0.7223550256993821,0.41116872190206843,0.6338520655474059,0.980837237682664,0.6234193818195644,0.5653800861971057,0.25878690051614467,0.48252878951093825,0.9686875706396733,1.9517474750000474,201.87037772393708,394,1129.69140625,3196.0,0.5442354144445488,0.39379159809547554,61,0,0.6946792307936221,61,0,1.48232147500039,35.1315908280003
79,7821,0.00022878618813728649,0.00022785846731890728,0.5638474185530661,65,14,False,33.93749151500015,0.1400629866712447,0.06688033880049739,0.2132456345703212,0.9920452303161441,0.8244818482096787,0.8143856526798549,0.6168784012140792,0.7519153007012043,0.9842160185692639,0.7013773857545184,0.6868891680676926,0.44600445959022256,0.6114236711374779,0.9768839208798716,26.78131712100003,58.92167262985894,1578,3125.45458984375,3196.0,0.7068599935131844,0,99,1.0,0.20802517068870177,0.1276656481895955,0.2883846928474262,0.9900044559441921,0.7627842532615212,0.7189351698764362,0.39739860682269057,0.6263726766535495,0.9802067561294991,0.6165329331382634,0.5612012389779618,0.24797096053611317,0.47523504421744617,0.967703572384597,1.9746317270000873,199.53087687828008,394,1129.69140625,3196.0,0.5324967078945986,0.3781390950016784,61,0,0.6868543207875187,61,0,1.4750605179997365,35.418362102000174
80,7920,0.00022785846731890728,0.00022693032662085967,0.5638474185530661,65,15,False,33.54579250899951,0.13834240303595557,0.0655953665612164,0.21108943911408592,0.9920510932627705,0.8253869485479353,0.8153884976589746,0.6173804284670903,0.7527186248913335,0.9842275601786991,0.7026883853602565,0.6883172213401664,0.44652950180836865,0.6125117028362638,0.9769589577639813,26.513227374000053,59.51746189705486,1578,3125.45458984375,3196.0,0.6151173444408359,0,99,1.0,0.19804284006811035,0.11154593947121334,0.2845397406271872,0.99048023218954,0.7713377681966637,0.73524862199435,0.4080613459568696,0.6382159120492944,0.9811400071320894,0.6277866676707017,0.5813384628635411,0.2563298183133469,0.48848498294919657,0.9695496534938135,1.9398274609993678,203.11084770241246,394,1129.69140625,3196.0,0.551633865466656,0.39095884899681627,61,0,0.7123088819364958,61,0,1.4570676980001736,35.00798568799928
81,8019,0.00022693032662085967,0.00022600176394325358,0.5638474185530661,65,16,False,33.55525807000049,0.1351676630127717,0.0638161623149317,0.20651916334233206,0.9922220675388813,0.8286565308150405,0.8214786130996357,0.6262112607759244,0.758782134896867,0.9845641937363642,0.7074411157912834,0.6970417526831746,0.45582791800259803,0.620103595492352,0.9774500238880307,26.500234756999816,59.54664230222279,1578,3125.45458984375,3196.0,0.6246569570567873,0,99,1.0,0.20009280400832896,0.11430900982642536,0.28587659626140205,0.9903167480057837,0.7675014926892938,0.7419947442272229,0.3877668106829651,0.6324210158664939,0.9808192282577909,0.6227200180257995,0.5898184771663969,0.24051533813618406,0.4843512777761268,0.9693905593174968,1.9053547209996395,206.78564240956084,394,1129.69140625,3196.0,0.5467328291079503,0.3810475357975317,61,0,0.712418122418369,61,0,1.386404696999307,34.947476766000364
82,8118,0.00022600176394325358,0.00022507277716605838,0.5638474185530661,65,17,False,33.9053904579996,0.1343430703734868,0.06368779745165386,0.2049983434841811,0.9921581048076308,0.8266622741307086,0.8178285423741125,0.6214271026115566,0.7553059730387925,0.9844382432804651,0.7045390733671831,0.6918019692477843,0.45077565632458233,0.6157055663131833,0.977182753336898,26.72152946499955,59.05350597790068,1578,3125.45458984375,3196.0,0.595308431471237,0,99,1.0,0.20729871101790878,0.14029354178512157,0.2743038834654135,0.9904813851867346,0.774147420377271,0.7259038452696593,0.3729178059465803,0.6243230238645036,0.9811422698430854,0.6315175521476851,0.5697402370885383,0.22919420254828063,0.4768173305948347,0.9698249313431948,1.962072512999839,200.808072785041,394,1129.69140625,3196.0,0.5247505502497148,0.35142108051298393,61,0,0.6980800199864458,61,0,1.4859164159997817,35.39714287300012
83,8217,0.00022507277716605838,0.00022414336414881616,0.5638474185530661,65,18,False,33.59051305399953,0.13176183870914468,0.0633144462988706,0.2002092325264359,0.9922884033968302,0.8315666139297107,0.8216525386389671,0.6290749125094032,0.7607646883593603,0.9846948340593394,0.7116936436799883,0.6972922381399537,0.45886891869554325,0.6226182668384951,0.9776895617350879,26.636015045000022,59.243096136342444,1578,3125.45458984375,3196.0,0.6684847465067199,0,99,1.0,0.19737211051326112,0.11153271442591237,0.2832115030833307,0.9904115873422182,0.7710469738625451,0.7257405709349116,0.3903312134902593,0.6290395860959054,0.9810053036711467,0.6274015014926255,0.5695391019922688,0.2424916335345099,0.4798107456731347,0.9694409055758249,1.8790532349994464,209.68006263011281,394,1129.69140625,3196.0,0.5322642496675881,0.37272115283399615,61,0,0.6918073465011801,61,0,1.4668718180000724,35.0633489439997
84,8316,0.00022414336414881616,0.0002232135227303498,0.5638474185530661,65,19,False,33.43579570699967,0.13141421707410775,0.06232201456268175,0.20050642066204352,0.9922395839465609,0.8305167774950196,0.8197886143595952,0.6301596307269888,0.7601550075272012,0.9845986884782988,0.7101570689625544,0.6946116808683069,0.4600241348277837,0.6215976282195483,0.9775861732860028,26.502805705000355,59.54086588282517,1578,3125.45458984375,3196.0,0.618970424538911,0,99,1.0,0.19955604829764004,0.12394699904368009,0.2751650956227695,0.9904271470480366,0.7663879513199908,0.7431949582643936,0.3913723798939517,0.6336517631594454,0.9810358352565194,0.6212552415810482,0.5913367098194211,0.24329582247764128,0.4852959246260369,0.9690751593730171,1.9272359910000887,204.43785911010514,394,1129.69140625,3196.0,0.5380123021598476,0.37315788975226133,61,0,0.7028667145674339,61,0,1.4472732009999163,34.88804899099978
85,8415,0.0002232135227303498,0.00022228325072846586,0.5638474185530661,65,20,False,33.76675742599946,0.12996424281325178,0.06213048943737463,0.1977979955753295,0.99232654957698,0.8308011549426398,0.8212027388887272,0.6343666159510343,0.7621235032608005,0.9847699660643064,0.7105730205385904,0.6966445935873358,0.46452190123691983,0.6239131717876153,0.9777627420364979,26.698859914999957,59.103647310177756,1578,3125.45458984375,3196.0,0.6522229804535105,0,99,1.0,0.1965101958077571,0.11562039014802972,0.2774000024129897,0.990262954602174,0.7701029798422436,0.727725671918443,0.41688379364252215,0.6382374818010695,0.9807137007754534,0.6261524072507014,0.5719880185083742,0.2633311389071758,0.48715718822208376,0.9686982595375951,1.93391091400008,203.73223872295893,394,1129.69140625,3196.0,0.5496371612948234,0.396959766318435,61,0,0.702314556271212,61,0,1.563039239000318,35.33560016899992
86,8514,0.00022228325072846586,0.00022135254593965106,0.5638474185530661,65,21,False,33.59028326400039,0.12860281975097076,0.061882003697983363,0.19532363787199003,0.9923431150900304,0.833911440620751,0.8248148608812413,0.6367854189740932,0.7651705734920285,0.9848025949613717,0.7151355991904011,0.7018595057283901,0.4671204576574227,0.628038520858738,0.9780163976478335,26.53275440699963,59.473659454809805,1578,3125.45458984375,3196.0,0.6506808436278141,0,99,1.0,0.20222172942863503,0.12420135955822649,0.2802421007362114,0.9901847342499863,0.7672036410935168,0.7386508181759384,0.3978528929413016,0.6345691174035856,0.9805602745711639,0.6223279583450773,0.585603755740152,0.24832482060383318,0.4854188448963541,0.9690105612507931,1.9424370629994883,202.8379747818392,394,1129.69140625,3196.0,0.5398807407817462,0.37257899383937126,61,0,0.7071824877241211,61,0,1.4976687560001665,35.09380163200058
87,8613,0.00022135254593965106,0.00022042140613876367,0.5638474185530661,65,22,False,33.82936653200068,0.12363967369340068,0.058132781010919045,0.18914656660251594,0.9925217462411411,0.8389902343405089,0.8325937116419602,0.6542245534612761,0.7752694998145818,0.9851545108175628,0.7226383956072371,0.7131996117761242,0.4861320327577035,0.6406566800470216,0.9787593788369375,26.634446531999856,59.246584985504306,1578,3125.45458984375,3196.0,0.5949474476804637,0,99,1.0,0.20074961073507513,0.12365461575803417,0.27784460510699277,0.9903533262188061,0.7627354240251834,0.7396595659447249,0.39775842517257703,0.6333844717141618,0.980890990815497,0.6164691358953996,0.5868728368610647,0.2482512196797911,0.48386439747875176,0.9692082284065673,2.0005939049997323,196.94151772398442,394,1129.69140625,3196.0,0.54380444095362,0.3798111384305147,61,0,0.7077977434767252,61,0,1.2940338660000634,35.129419153000526
88,8712,0.00022042140613876367,0.00021948982907871861,0.5638474185530661,65,23,False,33.64445926099961,0.1266892137069666,0.05999968722179362,0.19337874131586463,0.9923925909407199,0.8366038962549649,0.8275184408938729,0.6420967832063628,0.7687397067850669,0.9849000533523616,0.7191049493477687,0.705783757933689,0.472859019159348,0.6325825754802685,0.9782673457427321,26.578051789999336,59.37229758103498,1578,3125.45458984375,3196.0,0.6469235233586244,0,99,1.0,0.20414676808463741,0.12989485362157,0.27839868277462604,0.9904339137986258,0.7732283464566929,0.7367166777952803,0.4007714110393595,0.6369054784304442,0.9810491134119453,0.6302952503209243,0.5831761290963141,0.2506029555786181,0.4880247783319522,0.9698560685675761,1.941420057999494,202.94423062981596,394,1129.69140625,3196.0,0.540580484513275,0.3826041030923204,61,0,0.6985568659342296,61,0,1.4703286949998073,35.12047711699961
89,8811,0.00021948982907871861,0.00021855781249016643,0.5638474185530661,65,24,False,33.88060702199982,0.1259436721244239,0.0603304939965407,0.1915568503325732,0.9923827442594927,0.8353075618764375,0.82686278776908,0.6446055514464741,0.7689253003639972,0.9848806564256201,0.7171915387569636,0.7048304146764381,0.47558520852316893,0.6325357206521902,0.978248470485286,26.798463574999914,58.88397279133959,1578,3125.45458984375,3196.0,0.5873609048248541,0,99,1.0,0.20137284257387753,0.12701329789337168,0.2757323861575974,0.9903036612424928,0.7758344198470855,0.7373475361271165,0.37802404751557295,0.6304020011632583,0.9807935546850866,0.6337659156779866,0.5839671304845672,0.23306390389853973,0.48359898335369783,0.9696043372759359,1.9293575169995165,204.21305876618342,394,1129.69140625,3196.0,0.5344781702698613,0.36123916921955546,61,0,0.7077171713201673,61,0,1.467057329000454,35.353668443999595
90,8910,0.00021855781249016643,0.00021762535408116594,0.5638474185530661,65,25,False,33.77099982100026,0.1229712392176361,0.058649547700268534,0.187292929951229,0.9925389961810677,0.8393016278657621,0.831505300340499,0.6545608716358272,0.7751225999473627,0.9851885010126441,0.7231005470633111,0.7116038271999003,0.4865035198074423,0.6404026313568846,0.9787895096270002,26.72391548500036,59.04823344040667,1578,3125.45458984375,3196.0,0.5179202555104939,0,99,1.0,0.20740004765049455,0.13025818288628824,0.284541910599331,0.9902065156467658,0.7615976069697931,0.7387612571218526,0.4041715498571498,0.6348434713162652,0.9806029955530821,0.6149839593787157,0.5857425973420378,0.2532675425237409,0.4846646997481648,0.9688553398635786,1.921383484999751,205.0605738396107,394,1129.69140625,3196.0,0.5391219626615602,0.37522428848213185,61,0,0.7030196368409884,61,0,1.2717465559999255,35.04849310899954
91,9009,0.00021762535408116594,0.00021669245153685114,0.5638474185530661,65,26,False,33.993592541,0.12659943719478312,0.061209626141723115,0.1919892495084927,0.9924562383088367,0.8382537030877769,0.8259474403662836,0.6427359079085205,0.7689790171208603,0.9850254411212847,0.7215462664402296,0.703501247528445,0.47355257657932665,0.6328666968493337,0.9784074790577472,26.782118381000146,58.91990982757621,1578,3125.45458984375,3196.0,0.6554119603501426,0,99,1.0,0.1999186311427712,0.1199633771090338,0.2798738812432071,0.9902931715434304,0.7665055521743352,0.7373242254487252,0.40233127726154616,0.6353870182948689,0.9807729765056511,0.6214098113903054,0.5839378883393506,0.25182396796999185,0.4857238892332159,0.9689174594007773,1.996034050000162,197.39142225553115,394,1129.69140625,3196.0,0.5434764577802482,0.38748915532723055,61,0,0.699463760233266,61,0,1.4711848530005227,35.47063559799972
92,9108,0.00021669245153685114,0.00021575910251909057,0.5638474185530661,65,27,False,33.53994890000013,0.12121664794074567,0.05752528288858472,0.18490801313455266,0.992583109263731,0.8407108145244397,0.8331777695775178,0.6551416797851652,0.7763434212957075,0.9852754290612531,0.7251950807938968,0.7140571612831214,0.48714550071007445,0.6421325809290309,0.978885355708868,26.469914037000308,59.61485170651601,1578,3125.45458984375,3196.0,0.6074672080952712,0,99,1.0,0.20052602176133752,0.11645258607598126,0.28459945737105335,0.9903744927426296,0.7701198344540734,0.7222625633501268,0.4252365591397849,0.6392063189813284,0.980932519655693,0.6261746924849609,0.5652668088397272,0.2700320239257646,0.4871578417501509,0.969268798828125,1.9427632379993156,202.80391984653087,394,1129.69140625,3196.0,0.5507089298135055,0.4069985899243507,61,0,0.6944192697026602,61,0,1.4686264699994354,35.01384978600072
93,9207,0.00021575910251909057,0.00021482530466614068,0.5638474185530661,65,28,False,33.56827480500033,0.1207880331309576,0.057549209379991195,0.18402685719826678,0.9925632674849518,0.8405954519853119,0.8370393155050625,0.6587668954477424,0.7788005543127056,0.9852363284461894,0.7250234212248948,0.7197485922480523,0.49116510262968627,0.6453123720342111,0.9790068071604682,26.546799611000097,59.44219352701672,1578,3125.45458984375,3196.0,0.5397914369599988,0,99,1.0,0.2031231488521934,0.127834220714678,0.27841207475831664,0.9905205721507059,0.7767067679610585,0.7339722060513785,0.38863509481759845,0.6331046896100118,0.9812191757696536,0.6349309778052736,0.5797441490302423,0.24118378994583237,0.48528630559378283,0.9700331324853267,1.9109117140005765,206.18430308072368,394,1129.69140625,3196.0,0.5301684893200004,0.36408098111518333,61,0,0.6962559975248174,61,0,1.4680383610002536,35.042195994000394
94,9306,0.00021482530466614068,0.00021389105559229234,0.5638474185530661,65,29,False,33.78998940099973,0.1240938176107044,0.05983596922610196,0.1883516667271446,0.9925297108886831,0.838317171659947,0.8286395783414231,0.6534468192069488,0.7734678564027729,0.9851702046361954,0.7216403231662052,0.7074164049081653,0.485273681372244,0.6381101364822048,0.9786592780863831,26.769982221000646,58.946621143516595,1578,3125.45458984375,3196.0,0.6954941176103823,0,99,1.0,0.21415155399874383,0.14621210862234765,0.28209100028282497,0.9903361826011429,0.7723898105148681,0.7311556372410838,0.33301051561544853,0.6121853211238001,0.9808573562163425,0.6291816548368775,0.5762374477916999,0.19976761625367734,0.46839557296075157,0.9698831780912912,1.894290531000479,207.99343794001175,394,1129.69140625,3196.0,0.500494890547924,0.30729374090933953,61,0,0.6936960401865084,61,0,1.44328749899978,35.23908790899986
95,9405,0.00021389105559229234,0.0002129563528875097,0.5638474185530661,65,30,False,33.59345282000049,0.12156835808424593,0.05873511436056577,0.18440160126967123,0.9925500632617797,0.8378286276518079,0.8324877245949525,0.6525219886193051,0.7742794469553552,0.9852103087874707,0.720916594218766,0.7130440871006138,0.484254275845806,0.6394049857217287,0.9787625891778556,26.47205281099923,59.61003520453599,1578,3125.45458984375,3196.0,0.6408905499812328,0,99,1.0,0.1974929301871866,0.12001939201112931,0.2749664711619392,0.9902816882421109,0.7686920852542013,0.7317348523698667,0.4065753886870838,0.6356674421037173,0.9807504496160524,0.6242890799681868,0.5769573134901472,0.2551582207281727,0.4854682047288356,0.9688469746391181,1.967507568999281,200.2533592287004,394,1129.69140625,3196.0,0.5501779765353518,0.3932545603961093,61,0,0.7071013926745944,61,0,1.4486503329999323,35.04813195400038
96,9504,0.0002129563528875097,0.00021202119411706244,0.5638474185530661,65,31,False,33.48904286800007,0.11964248243544642,0.0587617142553263,0.1805232518714946,0.9926172548360456,0.8401123402822578,0.8363349446323789,0.6583568560595474,0.7782680469913948,0.9853427206304733,0.724304921466876,0.7187076219008458,0.49070936562604156,0.6445739696645878,0.9790381756723305,26.434831580999344,59.693968360071736,1578,3125.45458984375,3196.0,0.5845123092935542,0,99,1.0,0.2034661885596774,0.10826642442551361,0.29866595082174097,0.9901689284477806,0.7588308636533979,0.7362539114886008,0.3701607964983104,0.621748523880103,0.980529274986344,0.6113839294191818,0.5825963919349133,0.22711491765753605,0.47369841300387705,0.9680251687916402,1.9196064999996452,205.2503989750362,394,1129.69140625,3196.0,0.5365414351336633,0.3634633632422631,61,0,0.7096195070250634,61,0,1.4846985880003558,34.978937654999754
97,9603,0.00021202119411706244,0.00021108557682115062,0.5638474185530661,65,32,False,33.80261976499969,0.12068876641104884,0.05690715478966898,0.1844703780040995,0.9925919177210661,0.8408297285278243,0.8356295641489409,0.6581716197116524,0.7782103041294725,0.9852927876810845,0.7253720607067927,0.7176664216299552,0.4905035765976397,0.6445140196447959,0.9790492378109157,26.666122450999865,59.17620767322441,1578,3125.45458984375,3196.0,0.5996333955213277,0,99,1.0,0.20099467587501266,0.1211405665552253,0.28084878237719463,0.9902160259401542,0.7675151765357153,0.7384719482875283,0.4119480849980914,0.6393117366071116,0.9806216491622277,0.6227380345166227,0.5853789357161605,0.25940467128720807,0.4891738805066637,0.9689964642984613,1.9568795739996858,201.34095385067536,394,1129.69140625,3196.0,0.5526875587329045,0.39080519325870045,61,0,0.7145699242071087,61,0,1.5277504569994562,35.33631758499996
98,9702,0.00021108557682115062,0.00021014949851452122,0.5638474185530661,65,33,False,33.370749001999684,0.1185755642232484,0.05719183937791636,0.17995928917245418,0.9925728031817452,0.8414439590594395,0.8360406316496403,0.6618332721926291,0.7797726209672362,0.985255119493077,0.726286799537399,0.7182730380309859,0.49458207145612126,0.646380636341502,0.9790677262802995,26.333324930000344,59.92406975551565,1578,3125.45458984375,3196.0,0.5914033032727964,0,99,1.0,0.2028552170483594,0.1313894444764568,0.27432098719976883,0.9904210382330093,0.7784619662470343,0.7301564104156696,0.4153947280465251,0.641337701569743,0.9810238482976599,0.6372801703565003,0.5749971227989412,0.26214397705141634,0.49147375673561927,0.96958667735763,1.932196350000595,203.91302364269484,394,1129.69140625,3196.0,0.540236014254228,0.38634285772560895,61,0,0.6941291707828469,61,0,1.402327420999427,34.779014505000305
99,9801,0.00021014949851452122,0.00020921295668607787,0.5638474185530661,65,34,False,33.83462982600031,0.11779429179029621,0.05700459475752972,0.17858398819982024,0.9926498427297547,0.8434657586076428,0.8353762795465958,0.6675279276540771,0.7821233219361052,0.9854069466963443,0.7293046140961553,0.7172928602393331,0.500969544884225,0.6491890064065711,0.979346948582561,26.72127222400013,59.05407447564171,1578,3125.45458984375,3196.0,0.5806288401586841,0,99,1.0,0.19927936890706194,0.12745696646610494,0.2711017645403818,0.9905819049194748,0.7780145212729863,0.7374321921609042,0.4138237253015615,0.6430901462451507,0.9813395556778207,0.6366806601363808,0.5840733365624383,0.2608939068769245,0.4938826345252479,0.9702608524845336,1.9265862249994825,204.50680840931778,394,1129.69140625,3196.0,0.5536088182145611,0.40152976413492564,61,0,0.7056878722941966,61,0,1.4719419100001687,35.31253875099992
100,9900,0.00020921295668607787,0.00020827594879848212,0.5638474185530661,65,35,False,33.965629211000305,0.11658655679271249,0.05662637677973818,0.17654673730616938,0.9926295840861985,0.8429250560342272,0.837052030306027,0.6658987089440231,0.7819585984280923,0.9853670193260229,0.7284965078797537,0.7197673946894592,0.4991365448847939,0.649133482484669,0.9793084631703501,26.82143291600005,58.83354572971604,1578,3125.45458984375,3196.0,0.6080045259059078,0,99,1.0,0.20252167588563136,0.13109673847099246,0.2739466164015271,0.9905295909315655,0.7779752118236194,0.7252759113845489,0.41898724199668946,0.6407461217349525,0.9812368763197843,0.6366280122554523,0.5689669771380186,0.26501192977458066,0.49020230638935053,0.969896965220495,1.9491163669999878,202.1428821135144,394,1129.69140625,3196.0,0.5376159191253662,0.39375965129806245,61,0,0.6814721869526701,61,0,1.4773341629997958,35.44828350900025
101,9999,0.00020827594879848212,0.00020733847228774626,0.5638474185530661,65,36,False,33.78291978600009,0.11721739466614899,0.05605615649008781,0.1783786328044379,0.9926903289109039,0.8445547731863402,0.8359543925728049,0.6644813385504249,0.7816635014365234,0.9854867449427087,0.7309344948486621,0.7181457386540496,0.49754552873802255,0.6488752540802448,0.9793520541849849,26.69607556599931,59.109811706173566,1578,3125.45458984375,3196.0,0.5725754633395359,0,99,1.0,0.20213945429337207,0.1286258711881444,0.2756530373229593,0.9905661929406228,0.7731290105782598,0.7370793235541437,0.4007731586994778,0.6369938309439604,0.9813087158496123,0.6301632504511806,0.5836307357232057,0.25060432225709856,0.4881327694771616,0.9700777470157836,1.9368741050002427,203.42055220979404,394,1129.69140625,3196.0,0.5412966492120488,0.37704579297474927,61,0,0.7055475054493482,61,0,1.4798733330007963,35.26868810199994
102,10098,0.00020733847228774626,0.00020640052456281845,0.5638474185530661,65,37,False,33.83899965799992,0.1143300053586827,0.05533329291677596,0.17332671837661656,0.9927907108338477,0.8444741044342525,0.8412979415108137,0.6712760792905897,0.7856827084118853,0.9856846253431187,0.7308136560806338,0.7260692559809285,0.5052035782814787,0.654028830114347,0.9796609431316342,26.715585332000046,59.06664519567403,1578,3125.45458984375,3196.0,0.5375766397425623,0,99,1.0,0.19577472146392474,0.11797887366737811,0.27357056789894396,0.9904099259625546,0.7740850206043633,0.7399805405714777,0.4168947282053454,0.6436534297937287,0.9810020437322768,0.6314345069720734,0.5872770734089244,0.263339864779012,0.49401714838666994,0.9694636775757456,1.9717973850001727,199.81769070049026,394,1129.69140625,3196.0,0.5562957200142602,0.39763245942195485,61,0,0.7149589806065656,61,0,1.4879207839994706,35.33281583799999
103,10197,0.00020640052456281845,0.00020546210300515874,0.5638474185530661,65,38,False,33.64206080299937,0.11476954496707602,0.05641306235120928,0.17312602706357402,0.9927423586423929,0.845257020725862,0.8411140826677581,0.670488582638148,0.7856198953439227,0.9855893049412362,0.7319871485663274,0.7257954127219051,0.5043120155888527,0.6540315256256951,0.9796390896061075,26.568742088999898,59.39310166488199,1578,3125.45458984375,3196.0,0.5980852860392947,0,99,1.0,0.20510022591818408,0.1386385736277866,0.27156187919190694,0.9904148168696828,0.7764268079834327,0.7371671478986205,0.3935818838513449,0.6357252799111327,0.9810116406411643,0.6345568970040982,0.5837408701174976,0.2450058797861089,0.48776788230256823,0.9699212863360565,1.9211581019999358,205.08463077028586,394,1129.69140625,3196.0,0.5388002810159666,0.3759185282928513,61,0,0.7016820337390818,61,0,1.514927873000488,35.16302073099996
104,10296,0.00020546210300515874,0.00020452320496830618,0.5638474185530661,65,39,False,33.74228903900075,0.11051949802007059,0.05347071116358155,0.16756828539120683,0.992840873895776,0.8494435175337343,0.8424374953651703,0.6841745753632308,0.7920185294207118,0.9857835253264973,0.7382892804296897,0.7277684721059013,0.5199584705943008,0.6620054077099639,0.980119480379634,26.606249929000114,59.30937295601442,1578,3125.45458984375,3196.0,0.41015776781120683,0,99,1.0,0.20357557934552886,0.13038420866286088,0.2767669460948954,0.9905074867914158,0.7739529868933838,0.7353659639916764,0.4019009206882411,0.6370732905244337,0.9811934945839011,0.6312588168477364,0.5814851910144513,0.2514868607904616,0.48807695621754976,0.969681638146415,2.010342411000238,195.98651346362774,394,1129.69140625,3196.0,0.5428256391265677,0.3771680895854623,61,0,0.708483188667673,61,0,1.327138928999375,35.07466091800052
105,10395,0.00020452320496830618,0.0002035838277774375,0.5638474185530661,65,40,False,33.73300951900001,0.1121948198409437,0.05513168820882327,0.16925795070345412,0.9927912177049761,0.8466859663235035,0.8403305779135258,0.6808626068086261,0.7892930503485518,0.9856856246257147,0.7341330648899378,0.7246294175814391,0.5161422989923915,0.6583015938212561,0.9798839264496197,26.69044833099997,59.122274022171865,1578,3125.45458984375,3196.0,0.666670148721849,0,99,1.0,0.2086236717434704,0.13573649707179383,0.2815108489112806,0.990421695233701,0.7693083352240044,0.7223589833067187,0.4020221990608916,0.631229839197205,0.9810251374834839,0.625102417805056,0.5653849351019488,0.25158184226628744,0.48068973172443075,0.9689915071284105,1.9259117720002905,204.57842655522256,394,1129.69140625,3196.0,0.5399651398764624,0.3835220746297695,61,0,0.6964082051231553,61,0,1.4659005980001893,35.205064944000696
106,10494,0.0002035838277774375,0.0002026439687289157,0.5638474185530661,65,41,False,33.76489164800023,0.11548154550888995,0.056591073983597966,0.17437201713805567,0.9926891571095251,0.8431469152325239,0.8398863735560276,0.670147047853493,0.7843934455473481,0.9854844352325318,0.7288279958228179,0.7239690616603492,0.503925675971778,0.6522409111516483,0.9794912978874565,26.697436393000316,59.106798749176114,1578,3125.45458984375,3196.0,0.7005881436846473,0,99,1.0,0.19942784487142176,0.12633150573914426,0.2725241837011376,0.990500732130698,0.7757852520818628,0.7446324775325484,0.39186558516801856,0.6374277715941433,0.9811802382197826,0.6337002992335616,0.5931589468468622,0.2436771339222666,0.4901787933342301,0.9698429010846288,1.9279623350003021,204.3608388230978,394,1129.69140625,3196.0,0.5449253753169632,0.3712390604490146,61,0,0.7186116901849117,61,0,1.5212684749994878,35.291957743999774
107,10593,0.0002026439687289157,0.00020170362508982982,0.5638474185530661,65,42,False,33.731418875999225,0.11420168084563412,0.056094858427124784,0.17230850244731807,0.9927829719524535,0.8449066435357602,0.837620199158097,0.6704625447895991,0.7843297958278187,0.985669368474565,0.7314617808226632,0.7206080134491454,0.5042825549307278,0.6521174497341788,0.979612014441738,26.582361605000187,59.362671513097446,1578,3125.45458984375,3196.0,0.6413530633606092,0,99,1.0,0.2041096085219214,0.1342554562134186,0.27396375477919116,0.9904629971151433,0.7710284784265157,0.7253995458080091,0.4067527721705261,0.6343935988016837,0.9811061846022409,0.6273770098751742,0.5691191646937412,0.25529796321984316,0.48393137926291957,0.9695082921062024,1.9891672200001267,198.0728397484727,394,1129.69140625,3196.0,0.5394361685357348,0.3908460018969088,61,0,0.6880263351745609,61,0,1.5120464139999967,35.24930859699998
108,10692,0.00020170362508982982,0.00020076279409752444,0.5638474185530661,65,43,False,33.61930011599998,0.11295369603636903,0.05631010317927078,0.16959728996525547,0.9928022309996387,0.8463869916077327,0.8406303835549582,0.6745967259154383,0.7872047003593764,0.985707337283908,0.7336836403980047,0.7250753958280975,0.5089746940465144,0.6559112434242055,0.9797805766793409,26.575079017000462,59.37893915538428,1578,3125.45458984375,3196.0,0.626868359970324,0,99,1.0,0.20301748244895548,0.13336915640056435,0.2726658117498843,0.9904643867280443,0.7757675132414603,0.7445630669442606,0.39958156494709784,0.6399707150442729,0.9811089115696466,0.6336766273009942,0.5930708642862613,0.2496731830847035,0.49214022489065296,0.9702132946343591,1.9079723439999725,206.5019449778805,394,1129.69140625,3196.0,0.543801119129064,0.3777099096005156,61,0,0.7098923286576125,61,0,1.5048204770000666,35.1294788539999
109,10791,0.00020076279409752444,0.00019982147295911925,0.5638474185530661,65,44,False,33.75627501799954,0.10933996041993527,0.05331626061836425,0.16536366068893815,0.9928906707131464,0.8489641096904403,0.8445974806341852,0.6842982192918033,0.7926199365388097,0.9858817129777006,0.7375652808376981,0.7309984758366059,0.5201013096778431,0.6628883554507158,0.9801955615915122,26.59689770499972,59.33022781462838,1578,3125.45458984375,3196.0,0.5778800806011817,0,99,1.0,0.20407804536637922,0.13522713869658823,0.27292894764902625,0.9905425541013532,0.7746251849234913,0.7440793871918312,0.3824311550822358,0.6337119090658527,0.9812623188088377,0.6321536687328817,0.5924573413347449,0.23642341794835833,0.48701147600532835,0.9703824580623414,2.0404932619994725,193.09056654954142,394,1129.69140625,3196.0,0.533370326996266,0.3601377196818618,61,0,0.7066029343106701,61,0,1.330320226999902,35.092743938999774
110,10890,0.00019982147295911925,0.00019887965885101853,0.5638474185530661,65,45,False,33.62280110000029,0.11193300542835953,0.055343030490387225,0.16852298088097906,0.9928401445204597,0.8460666464073558,0.8454810706971855,0.6766058516159679,0.7893845229068365,0.985782087241491,0.7332023498352143,0.7323232640349611,0.5112655609382561,0.6589303916028105,0.9799787282037191,26.557636499999717,59.417938038274485,1578,3125.45458984375,3196.0,0.67701350784663,0,99,1.0,0.19778999081117854,0.1254179854759105,0.2701619995880853,0.9904415405498963,0.7778244640526799,0.7445999380586427,0.3928999560846498,0.6384414527319907,0.9810640793296703,0.6364261443424988,0.5931176527960252,0.24447759650820144,0.4913404645489085,0.969947311478823,1.9601675730000352,201.00322310555484,394,1129.69140625,3196.0,0.5483699067780416,0.3802270404058212,61,0,0.7165127731502621,61,0,1.4792170650007392,35.10795916299958
111,10989,0.00019887965885101853,0.00019793734891840968,0.5638474185530661,65,46,False,33.50615343700065,0.10925578451579665,0.05417145061081202,0.16434011794390635,0.9928671570921818,0.8487368241463041,0.8449461935113387,0.6793006056234455,0.7909945410936962,0.9858353484189352,0.7372222459186542,0.731521067473001,0.5143491460023832,0.6610308197980128,0.9801024617048875,26.545286915999895,59.44558086689494,1578,3125.45458984375,3196.0,0.5179887313132334,0,99,1.0,0.19757345401998705,0.1189045006702394,0.2762424022261866,0.9906389938869867,0.7763294454589768,0.7435000749373738,0.4013464646582096,0.6403919950181868,0.9814516192792866,0.6344268419126616,0.5917231351210119,0.2510528114976471,0.4924009295104402,0.9703062415728109,1.889469538999947,208.52413434965203,394,1129.69140625,3196.0,0.5548197632551087,0.3921890455897242,61,0,0.7174504809204932,61,0,1.4852196540005025,34.99738708699988
112,11088,0.00019793734891840968,0.00019699454027475116,0.5638474185530661,65,47,False,33.86945741599993,0.10989916450208281,0.05343896711507224,0.16635936249344974,0.9929222892288435,0.8488381847689583,0.849640016732062,0.677137760102666,0.7918719872012288,0.9859440623192091,0.7373752095821507,0.7385862070048788,0.5118732243466395,0.6626115469778897,0.9802408544736216,26.682063595000727,59.14085296969539,1578,3125.45458984375,3196.0,0.55309781703082,0,99,1.0,0.20101767188401393,0.12821768579749288,0.27381765971026445,0.9903867654808352,0.7709494426751592,0.7362446626254447,0.3974524749330793,0.6348821934112278,0.9809565996354173,0.6272723592048262,0.5825848096159094,0.2480129098926299,0.48595669290445515,0.9695233185279187,1.9300063460004822,204.14440647642388,394,1129.69140625,3196.0,0.5426918248812738,0.3805456934822674,61,0,0.7048379562802801,61,0,1.5057235229996877,35.38055380999958
113,11187,0.00019699454027475116,0.0001960512300012491,0.5638474185530661,65,48,False,33.841926674000206,0.10666627277288449,0.05185851315921704,0.161474032395995,0.9929651616191325,0.8529330470900492,0.8475652450524961,0.6931751102570307,0.797891134133192,0.9860286097109048,0.7435773865913194,0.7354561647970298,0.5304269268955895,0.6698201594279795,0.9805932570772933,26.785996231000354,58.91137990132793,1578,3125.45458984375,3196.0,0.45480510155961973,0,99,1.0,0.19867220415076628,0.11995563183339114,0.27738877412328866,0.9905006093063689,0.7702838304421012,0.748817284683516,0.4133573029814055,0.6441528060356743,0.9811799971724517,0.6263915605167896,0.598487555427989,0.2605232443058106,0.49513412008352975,0.9698102147446066,1.8990063299997928,207.47692821015661,394,1129.69140625,3196.0,0.5518909221308181,0.38646263162060174,61,0,0.7173192126410346,61,0,1.5300321220001933,35.37796739999976
114,11286,0.0001960512300012491,0.00019510741514632257,0.5638474185530661,65,49,False,33.41530657699968,0.10684701056232622,0.051916359495300754,0.1617776609116785,0.9929945555980769,0.851452313574802,0.847208837232894,0.6950075731437025,0.7978895746504663,0.986086580880238,0.741329527400737,0.7349196147542401,0.5325759436152154,0.6696083619233976,0.9806161549305885,26.3827433309998,59.81182397153693,1578,3125.45458984375,3196.0,0.5184190830196997,0,99,1.0,0.20249031605151704,0.12524266824655728,0.27973796412121826,0.9905567994128583,0.7764946157539635,0.7372033959799724,0.39058433587036584,0.6347607825347672,0.9812902784789693,0.6346474856197422,0.5837863307781596,0.24268704758853726,0.48704028799547966,0.9702218147703838,1.932775625999966,203.8519084677276,394,1129.69140625,3196.0,0.5399900233151637,0.3707898121061706,61,0,0.7091902345241567,61,0,1.5121592440000313,34.933367487000396
115,11385,0.00019510741514632257,0.0001941630927250569,0.5638474185530661,65,50,False,33.6434788710003,0.1091947033529197,0.05434576040948298,0.16404364600834284,0.99294618278849,0.8496619473994937,0.844061409782147,0.6832452886740848,0.7923228819519085,0.9859911812239752,0.7386193523536054,0.7301957188081001,0.5188857748502653,0.662566948670657,0.9802553203471562,26.555101391999415,59.4236104282179,1578,3125.45458984375,3196.0,0.6808868255278077,0,99,1.0,0.19984396709705973,0.12897416552159993,0.2707137671218911,0.9904483068565161,0.7742788929812401,0.7445076805052542,0.4026357039187228,0.6404740924684057,0.9810773569925034,0.6316925510603855,0.593000585463454,0.2520625413416877,0.49225189262184244,0.9698752776015228,1.9498517309993986,202.06664626651119,394,1129.69140625,3196.0,0.5490096197580054,0.380117584154846,61,0,0.717901655361165,61,0,1.5502938039999208,35.199769159000425
116,11484,0.0001941630927250569,0.00019321825971864483,0.5638474185530661,65,51,False,33.535549919000005,0.107348346060522,0.05267835615724514,0.16201833610072336,0.9929629190903361,0.8509810699920768,0.8461893430742625,0.6909263778107715,0.7960322636257035,0.9860241871067801,0.7406153613032369,0.7333866592365212,0.5277979527654839,0.667266657768414,0.980478342343948,26.432776175000072,59.69861014797458,1578,3125.45458984375,3196.0,0.5223291147537906,0,99,1.0,0.20351220659798172,0.13138525059380507,0.27563916207267547,0.9906509989570272,0.7729624255315314,0.7456245908055142,0.39859636601540427,0.6390611274508166,0.9814751864155761,0.6299419362657784,0.5944190115177139,0.24890437211237057,0.49108843996528767,0.9702685980627379,1.9335964460005926,203.76537245656442,394,1129.69140625,3196.0,0.5412312999655705,0.36843719484450416,61,0,0.7140254050866368,61,0,1.534545947000879,35.07545058100004
117,11583,0.00019321825971864483,0.00019227291307381562,0.5638474185530661,65,52,False,33.77675195000029,0.10729745462895648,0.052649223343652164,0.16194568640530033,0.9930024541594907,0.8506047332429962,0.8477319866942977,0.689621711737727,0.7959861438916738,0.9861021590977789,0.7400454463702124,0.735707298046284,0.5262768148060911,0.6673431864075292,0.9805140042033033,26.63683975099957,59.24126190460654,1578,3125.45458984375,3196.0,0.6130141323865063,0,99,1.0,0.20668119819938835,0.1395203209467951,0.27384207756991313,0.990474694185122,0.7701150213964041,0.739235455909008,0.4060454667573639,0.6384653146875919,0.9811291390913884,0.6261683285788141,0.5863390268814982,0.25474093412898785,0.4890827631964334,0.9698644337920368,1.9456115249995491,202.50702410908636,394,1129.69140625,3196.0,0.5415461642851667,0.37976624366781986,61,0,0.7033260849025134,61,0,1.5189797769999132,35.3017069360003
118,11682,0.00019227291307381562,0.0001913270497022509,0.5638474185530661,65,53,False,33.59721451600035,0.10622913139212418,0.052817992719671726,0.15964026970101852,0.9929889372899667,0.8515074910739414,0.8485030628529839,0.6899611342013167,0.7966572293760806,0.9860755001217856,0.7414131868131868,0.7368695786158677,0.526672263101654,0.6683183428435694,0.980567651707561,26.521401613000307,59.499117845509836,1578,3125.45458984375,3196.0,0.495329852507572,0,99,1.0,0.2034631540176227,0.13062023549213023,0.2763060719379919,0.9902947660923318,0.7722232296672409,0.7326793308760987,0.4150599059430799,0.6399874888288065,0.9807761045862703,0.6289606126510673,0.5781325506058382,0.26187734634226106,0.48965683653305553,0.9693129486238896,1.9102019929996459,206.26090928807497,394,1129.69140625,3196.0,0.5452925325474591,0.3889697961113467,61,0,0.7016152689835716,61,0,1.494156750000002,35.09728441399966
119,11781,0.0001913270497022509,0.00019038066647998739,0.5638474185530661,65,54,False,33.629103469000256,0.10485842573740939,0.05146838838874312,0.1582484626328084,0.99304064588786,0.8529295338564253,0.8493806084363388,0.6956241384949653,0.7993114269292431,0.9861774875346857,0.7435720463834758,0.7381942410009734,0.5333003768502199,0.671688888078223,0.9807518401828857,26.525582268999642,59.4897402815622,1578,3125.45458984375,3196.0,0.5432994626086167,0,99,1.0,0.2046552784551824,0.1304895878594539,0.27882096753810265,0.9905011112801798,0.7729156280805123,0.7361449772720431,0.41059367833511573,0.6398847612292237,0.9811809823151642,0.6298797749917276,0.5824599847560976,0.2583314742985442,0.4902237446821231,0.9699400306353109,1.9306503699999666,204.07630823389675,394,1129.69140625,3196.0,0.5423596991458087,0.38620413201225673,61,0,0.6985152662793608,61,0,1.3327120870008002,34.96781520500008
120,11880,0.00019038066647998739,0.00018943376024680656,0.5638474185530661,65,55,False,33.71789127400007,0.1066662210626445,0.052745518245095685,0.16058692337971073,0.9930082051051634,0.8523978086385563,0.8464079706345045,0.6950197858938216,0.7979418550556275,0.9861135017578436,0.742764186976085,0.7337151688713124,0.5325902863361512,0.6696898807278496,0.9806499602072442,26.64085975099988,59.23232263331047,1578,3125.45458984375,3196.0,0.6300344024643754,0,99,1.0,0.2030431200102501,0.132046293788755,0.27403994615610483,0.9903905546829501,0.7742724283553476,0.7375349917177226,0.4106159012021313,0.6408077737584005,0.9809640344360442,0.6316839453292603,0.5842023239291362,0.25834906836723787,0.4914117792085448,0.9695965916977316,1.9309427349999169,204.04540893856026,394,1129.69140625,3196.0,0.547849113930511,0.39226087637591917,61,0,0.7034373514851028,61,0,1.527808455000013,35.251221708999765
121,11979,0.00018943376024680656,0.00018848632780560975,0.5638474185530661,65,56,False,33.472412985999654,0.10704803971056702,0.052416370650434675,0.16167970808135543,0.9930784533921437,0.851226753294366,0.8509027826820731,0.6923357664233577,0.7981551007999322,0.9862520637656951,0.7409876193891618,0.740496774213882,0.5294445994976277,0.6703096643668905,0.9807463477923994,26.411227110000254,59.74731857129469,1578,3125.45458984375,3196.0,0.5946559224164847,0,99,1.0,0.20725015698350627,0.13776220577924989,0.2767381087172455,0.990583503054651,0.7712080094615315,0.7403805667126784,0.3920236408337269,0.6345374056693123,0.9813426925875597,0.6276147756493601,0.5877811560754129,0.24379938087957279,0.4863984375347819,0.9699767446759994,1.9357777760005774,203.53575957154828,394,1129.69140625,3196.0,0.5312629190167966,0.35652831168741156,61,0,0.7059975263461815,61,0,1.5036190640003042,34.98215917000016
122,12078,0.00018848632780560975,0.00018753836592177935,0.5638474185530661,65,57,False,33.76262114400015,0.10404587577655439,0.05120246081184525,0.15688929088290957,0.9930955881841486,0.8543947513902808,0.8521737083207694,0.699218877515331,0.8019291124087937,0.9862858644081218,0.7458020574077808,0.742423931650902,0.5375376882620557,0.6752545591069129,0.9809605123425618,26.70055246800075,59.0999007189515,1578,3125.45458984375,3196.0,0.5319578209609697,0,99,1.0,0.20168958120237146,0.1285397663788142,0.27483939663105206,0.9905143863712186,0.7728774621073442,0.7366016438601599,0.40740396547294305,0.6389610238134824,0.9812070355422231,0.6298290824603473,0.5830319790115578,0.25581123941070666,0.48955743362753723,0.9696164203779346,1.9408477509996374,203.00407375955663,394,1129.69140625,3196.0,0.546419192984796,0.38233021386600446,61,0,0.7105081721035876,61,0,1.4929503789999217,35.261421162999795
123,12177,0.00018753836592177935,0.00018658987132252541,0.5638474185530661,65,58,False,33.825940562999676,0.10140813452738169,0.05061702022307726,0.15219924868059703,0.9931349525296913,0.8557428619803484,0.8546748013523174,0.7004676718179198,0.8036284450501952,0.9863635201409429,0.7478588802700149,0.7462289333732078,0.5390151954109569,0.6777010030180599,0.9811475630495485,26.668922672000008,59.1699942066561,1578,3125.45458984375,3196.0,0.4752615128803735,0,99,1.0,0.19968283698340963,0.12448762187044027,0.27487805236112045,0.9905795785065069,0.7767506630692202,0.7390108602797792,0.4076457990020728,0.6411357741170242,0.9813349892811657,0.6349896457071813,0.5860564829636405,0.2560019615903305,0.4923493634203841,0.9700788313967322,1.9942459970006894,197.56840459630808,394,1129.69140625,3196.0,0.5471569665365865,0.3861313148161094,61,0,0.7081826182570636,61,0,1.5054237280000962,35.337139475000185
124,12276,0.00018658987132252541,0.00018564084069621646,0.5638474185530661,65,59,False,33.49596328299958,0.1035670572927243,0.05028477695467203,0.15684933645039306,0.9931292096411136,0.8552798927929004,0.8540231042046968,0.7025612875346001,0.8039547615107324,0.9863521905200222,0.7471519783815289,0.7452358833220702,0.5414986317153968,0.6779621644729986,0.9811317434177955,26.513590951999504,59.51664574054976,1578,3125.45458984375,3196.0,0.540655480791824,0,99,1.0,0.20526335815790342,0.14178435122452412,0.26874236528038375,0.9905704875006108,0.7759445891961522,0.7363393660709558,0.4086030486531635,0.6402956679734239,0.9813171452139509,0.6339129604325532,0.5827034144297812,0.25675746601585053,0.49112461362606163,0.9704128207289023,1.8935313379997751,208.0768308889994,394,1129.69140625,3196.0,0.5423508877207285,0.38058270825002044,61,0,0.7041190671914365,61,0,1.4858804960003908,34.98720547599987
125,12375,0.00018564084069621646,0.00018469127069169552,0.5638474185530661,65,60,False,33.49708291299976,0.10325865083018787,0.050677570185053936,0.15583973101261148,0.9931446465439175,0.8569479015380502,0.8488382179141051,0.7014887640449439,0.8024249611656997,0.9863826448703856,0.7497015251458168,0.7373752596060111,0.5402254093927791,0.6757673980482024,0.9810600329110226,26.48875840100027,59.57244111299726,1578,3125.45458984375,3196.0,0.49980137459557467,0,99,1.0,0.20294507369777273,0.12903378934121978,0.2768563527594968,0.990594759902021,0.7766402053052244,0.7325277500440477,0.4077776079210715,0.6389818544234479,0.9813647884430119,0.634842021679316,0.57794381697075,0.25610593717919367,0.48963059194308656,0.9701356839407519,1.8815394010007367,209.40300255760934,394,1129.69140625,3196.0,0.5464378893609961,0.3862993915648166,61,0,0.7065763871571756,61,0,1.5623216470003172,35.06556531199931
126,12474,0.00018469127069169552,0.00018374115791757972,0.5638474185530661,65,61,False,33.87635750800018,0.10186801689319284,0.04946676437260231,0.15426926923908663,0.9931455886276501,0.8575007521471673,0.8513139733342039,0.7075522353763222,0.8054556536192311,0.9863845034695586,0.7505481983981345,0.7411198130486958,0.5474513204658141,0.6797064439708814,0.9812507581046024,26.792948023999998,58.89609454646401,1578,3125.45458984375,3196.0,0.4971304659289543,0,99,1.0,0.20445835817283786,0.1280317912398256,0.28088492934171316,0.9905595822543227,0.7753876666644026,0.7388913195185184,0.3889030195123724,0.6343940018984312,0.9812957405316503,0.6331698983893154,0.5859061403307567,0.24139019824533706,0.4868220789884697,0.9701121373830108,1.9379788899996129,203.3045881114209,394,1129.69140625,3196.0,0.5383603900832024,0.369313222037919,61,0,0.7074075581284857,61,0,1.5030798739999227,35.38534538499971
127,12573,0.00018374115791757972,0.00018279049894154292,0.5638474185530661,65,62,False,33.68472254500011,0.10099994133407172,0.049619255287641204,0.15238062735217303,0.9932096659595647,0.8586012608676177,0.8537619867223998,0.7079173422244955,0.8067601966048376,0.9865109272291392,0.7522360341139601,0.7448383117927817,0.5478885874401188,0.6816543111156202,0.9813970413498099,26.626103696999962,59.26514889137901,1578,3125.45458984375,3196.0,0.4692655220778302,0,99,1.0,0.20821226883660718,0.1374759601079268,0.27894857745182694,0.9904607154039434,0.7686174592428595,0.7366331766826296,0.38923814477284546,0.6314962602327782,0.9811017070031633,0.6241906424710711,0.5830714904704918,0.24164847429786815,0.4829702024131437,0.9694311461472874,1.952963128999727,201.7447201892643,394,1129.69140625,3196.0,0.5364741020277731,0.37062119216467493,61,0,0.7023270118908713,61,0,1.510097565000251,35.20069657900058
128,12672,0.00018279049894154292,0.00018183929028958248,0.5638474185530661,65,63,False,33.74257995300013,0.10048562467702593,0.04869624799535302,0.1522750017458646,0.9932670696642654,0.8591993137335293,0.8570422859370896,0.7116123324862317,0.8092846440522835,0.9866241976737778,0.7531546255862224,0.749846013891916,0.5523278050770593,0.6851094815183991,0.9815949608013506,26.56718994199946,59.396571615027156,1578,3125.45458984375,3196.0,0.46842162988402625,0,99,1.0,0.20696451586817727,0.14324147980376548,0.2706875529537346,0.9905586403337234,0.774699434388123,0.7384816149382522,0.40753400928470795,0.6402383528703611,0.9812938917632662,0.6322525722505173,0.5853910840166674,0.25591379135302905,0.4911858158734046,0.9699739562678458,1.9846571269999913,198.52295625268562,394,1129.69140625,3196.0,0.5406835687312069,0.38078305557021114,61,0,0.7005840818922027,61,0,1.4968425580000257,35.244710738999856
129,12771,0.00018183929028958248,0.0001808875284452676,0.5638474185530661,65,64,False,33.89600781699937,0.1019450619117993,0.05002485044744381,0.15386527353668697,0.9932031105187874,0.8579569636870469,0.8556080580574236,0.7058284877066069,0.8064645031503591,0.9864979926890419,0.7512474892863334,0.7476529908145372,0.5453902214674874,0.6814302338561192,0.9813823820822442,26.77110335100042,58.94415255548409,1578,3125.45458984375,3196.0,0.5999120452789345,0,99,1.0,0.19797971965697816,0.12929674574566372,0.2666626950054604,0.9905790925023015,0.7804343426764077,0.7487634656109013,0.416352404454075,0.6485167375804614,0.9813340353311039,0.6399281071829426,0.5984188001483479,0.2629072311447847,0.5004180461586917,0.9703503913685755,1.940881403000276,203.0005539704499,394,1129.69140625,3196.0,0.5559690592975151,0.39232602996421634,61,0,0.7196120886308137,61,0,1.33979238000029,35.24173362399961
130,12870,0.0001808875284452676,0.00017993520984896963,0.5638474185530661,65,65,False,33.80396293099966,0.10071029540514916,0.049283655008586794,0.15213693640606787,0.993212981866889,0.8570332301957975,0.8571260476819753,0.7094286872199087,0.8078626550325604,0.9865174699099792,0.7498321498381031,0.7499742608916027,0.5497012681086867,0.6831692262794641,0.9814531256188609,26.668206792999626,59.17158256078257,1578,3125.45458984375,3196.0,0.45124370717641077,0,99,1.0,0.19742000602223547,0.12504307577755244,0.2697969347541102,0.9904555449917513,0.7798345363312865,0.7406830872931666,0.40483081349398137,0.6417828123728114,0.981091560731378,0.6391219548097447,0.5881625822852712,0.25378550245237824,0.4936900131824647,0.969942044485644,1.9475642409997818,202.30398140691892,394,1129.69140625,3196.0,0.5506705975651623,0.38376230272967,61,0,0.7175788924006546,61,0,1.5298619029999827,35.33972789099971
131,12969,0.00017993520984896963,0.00017898233089707458,0.5638474185530661,65,66,False,33.69977345499956,0.10153574722196969,0.049958021534637506,0.15311347325869537,0.9932011791394143,0.8575187848933298,0.8538456525517002,0.7058202581450026,0.8057282318633442,0.9864941819165536,0.7505758287791767,0.7449656797556361,0.5453803944831678,0.6803073010059935,0.9813164347176014,26.562276144999487,59.40755947968971,1578,3125.45458984375,3196.0,0.7038991091528324,0,99,1.0,0.21779090831727546,0.1537546411837418,0.28182717030726107,0.9905154484290233,0.7720064377914823,0.7365563414825937,0.3472031310306535,0.618588636768243,0.9812091199291426,0.6286730334343502,0.5829752173887272,0.21007005612683846,0.4739061023166386,0.9700901399409105,1.9591114479999305,201.1115806618542,394,1129.69140625,3196.0,0.5149289106301124,0.326585063548915,61,0,0.7032727577113097,61,0,2.1684583559999737,35.87419327999942
132,13068,0.00017898233089707458,0.00017802888794117577,0.5638474185530661,65,67,False,33.728518404999704,0.10312354579775657,0.05005573233912955,0.15619135928471278,0.9931986568519835,0.8560601755921151,0.8541849367951497,0.7031977483054311,0.804480953564232,0.9864892052552287,0.7483437129529263,0.7454823768907265,0.5422551876252084,0.6786937591562872,0.9812359828006179,26.585072958000637,59.35661724505854,1578,3125.45458984375,3196.0,0.5943824678960473,0,99,1.0,0.20819331440828778,0.13832196510080152,0.2780646617491233,0.9904636759084143,0.7739729559452303,0.7420705063846034,0.3919602947069885,0.6360012523456074,0.9811075166608456,0.6312853861571548,0.5899142282226244,0.24375038341206062,0.4883166659306133,0.9700235279683534,1.9469558969994978,202.36719311783241,394,1129.69140625,3196.0,0.5389445104093344,0.3639574680648774,61,0,0.7139315527537915,61,0,1.5114850290001414,35.245266894999986
133,13167,0.00017802888794117577,0.00017707487728724694,0.5638474185530661,65,68,False,33.72916636299942,0.10129139279646868,0.04938980748142731,0.15319297833814366,0.9932172987359169,0.856775544045371,0.8542669592141635,0.7099030129394359,0.8069818387329901,0.9865259876722813,0.7494377325316541,0.745607335045726,0.5502710416810773,0.6817720364194858,0.9813872942906369,26.633218701999795,59.24931633897909,1578,3125.45458984375,3196.0,0.5638078710045478,0,99,1.0,0.20294059518025007,0.13277926182535094,0.2731019307665413,0.9904160960676389,0.7725272927040232,0.7342534598507294,0.4147596159257967,0.6405134561601832,0.9810141506911283,0.6293641301449695,0.5800951743183421,0.2616383105632403,0.4903658716755173,0.9699843353426396,1.9657290619998093,200.43453984404601,394,1129.69140625,3196.0,0.5479261958516608,0.38716891304427226,61,0,0.7086834786590495,61,0,1.4926214530005382,35.227684804999626
134,13266,0.00017707487728724694,0.0001761202951947955,0.5638474185530661,65,69,False,33.717425820000244,0.09986061356366814,0.04836839372327573,0.15135283365902338,0.9932596491845109,0.8590567498317293,0.8551724636672383,0.7145280759596301,0.8095857631528659,0.9866095546681342,0.7529355642404058,0.7469880279143366,0.5558488385446764,0.6852574768998063,0.9815941098676133,26.62686926400056,59.26344491928125,1578,3125.45458984375,3196.0,0.402650087469756,0,99,1.0,0.20318697914859365,0.1368344516923585,0.26953950531894183,0.9905198781080863,0.7734315987647944,0.7441173783551682,0.4064477200241359,0.6413322323813662,0.9812178136323346,0.6305654034344244,0.5925055140747121,0.25505766276478353,0.49270952675797336,0.9701011386619607,1.9969874640000853,197.29718243237963,394,1129.69140625,3196.0,0.5506230266053326,0.38415272581416254,61,0,0.7170933273965026,61,0,1.5307189710001694,35.253971159000685
135,13365,0.0001761202951947955,0.00017516513787599406,0.5638474185530661,65,70,False,33.811956989000464,0.09688498328129451,0.0474097589019058,0.14636020783537995,0.9933091144368292,0.8613948623498582,0.8609417041169062,0.7201477206830086,0.8141614290499244,0.9867071696801394,0.7565351972041937,0.7558363845192241,0.5626803439122866,0.6916839752119014,0.9819364173028556,26.718446639999456,59.06031968331644,1578,3125.45458984375,3196.0,0.5584769638800862,0,99,1.0,0.2039749604191272,0.12985815970123116,0.2780917593216533,0.9903473344036124,0.7660340639351727,0.7463062451967657,0.41651098102711004,0.6429504300530161,0.9808792351562092,0.6207902840317372,0.5952859239646588,0.26303370344637733,0.49303663714759116,0.969026517141894,1.9981544189995475,197.18195763732373,394,1129.69140625,3196.0,0.5559631313399875,0.3929828448889742,61,0,0.7189434177910009,61,0,1.3072027460002573,35.12514550600008
136,13464,0.00017516513787599406,0.0001742094014947912,0.5638474185530661,65,71,False,33.546452515000055,0.10003662827048163,0.04874852865802169,0.15132472774601707,0.9932865675519792,0.8575027353903637,0.8584108737387367,0.7092864468864469,0.8084000186718492,0.9866626743388219,0.7505512371474707,0.7519438070946389,0.5495304865866284,0.684008510276246,0.9815517565747782,26.471810933000597,59.61057987282673,1578,3125.45458984375,3196.0,0.5207153411224635,0,99,1.0,0.20232958108338003,0.12948375312507454,0.27517540828528136,0.9904431701265407,0.7743413156861646,0.7460881960297677,0.3803990165257917,0.633609509413908,0.9810672770652105,0.6317756530397095,0.595008511497735,0.23487205824597443,0.4872187409278063,0.9700244574377379,1.9014057770000363,207.21510619455347,394,1129.69140625,3196.0,0.538046553600763,0.36217931308288176,61,0,0.7139137941186444,61,0,1.5323598280001534,35.08433827600038
137,13563,0.0001742094014947912,0.00017325308216599938,0.5638474185530661,65,72,False,33.81149938300041,0.09898113492399416,0.04808076128306951,0.14988150855547575,0.9933050676961388,0.8608771570404223,0.8572622859106567,0.7164171066649496,0.8115188498720096,0.9866991834586083,0.7557368920842289,0.7501828944131906,0.5581385591728552,0.6880194485567582,0.9817666560222592,26.713129922000007,59.0720744670363,1578,3125.45458984375,3196.0,0.5330630474620395,0,99,1.0,0.20413216071080437,0.13586244875858278,0.2724018755751818,0.9905671109573594,0.7750725147226861,0.7448063267215912,0.40403228665634566,0.6413037093668743,0.981310517727262,0.6327497129735936,0.5933796055362918,0.2531581831375976,0.4930958338824943,0.9702856383347874,1.9213944639996043,205.05940210728178,394,1129.69140625,3196.0,0.5447868862696809,0.379040925077018,61,0,0.7105328474623437,61,0,1.5427235249999285,35.36014372499994
138,13662,0.00017325308216599938,0.00017229617595436022,0.5638474185530661,65,73,False,33.40102796799965,0.09720510235870745,0.048188958897790075,0.14622124495086258,0.9933516402394181,0.8609928934753545,0.8569935043168662,0.723177551976102,0.8137213165894409,0.9867910980112994,0.7559152954738166,0.749771333368208,0.5663885006841347,0.6906917098420532,0.9819115081516357,26.447365114000604,59.66567910255243,1578,3125.45458984375,3196.0,0.483179279349067,0,99,1.0,0.20118628374211073,0.13005817049953539,0.27231440099362797,0.990582334773113,0.7763591883339169,0.7488291985781816,0.4038838555502709,0.6430240808207898,0.9813403994177768,0.6344665697091639,0.598502776541156,0.2530416454684207,0.49533699723958025,0.9701973387432582,1.9112133889993856,206.15175797103348,394,1129.69140625,3196.0,0.547722247574163,0.37857011731305423,61,0,0.7168743778352716,61,0,1.465467844000159,34.87221893399965
139,13761,0.00017229617595436022,0.000171338678873586,0.5638474185530661,65,74,False,33.56003741299992,0.09947236574459137,0.048727740669394025,0.15021699042790138,0.9932880245576161,0.8600391380532293,0.858081526215153,0.7143791293913052,0.8108332645532292,0.986665549618729,0.7544461979023521,0.7514385185231947,0.5556685845128452,0.6871844336461307,0.9817037256045034,26.51614019199951,59.51092385897539,1578,3125.45458984375,3196.0,0.5685173104507755,0,99,1.0,0.209839958981209,0.14015938031491895,0.27952053394111886,0.9904158379272615,0.7730159092465363,0.7354281494961851,0.3873785144853474,0.6319408577426896,0.9810136441660067,0.630012984741998,0.5815629607785314,0.24021663977875085,0.4839308617664267,0.9702018311786168,1.9216887899992798,205.02799519382515,394,1129.69140625,3196.0,0.5340614344742877,0.3610406897697563,61,0,0.707082179178819,61,0,1.529780804999973,35.0958867169993
140,13860,0.000171338678873586,0.00017038058688537697,0.5638474185530661,65,75,False,33.5682054429999,0.0984338373134647,0.0480210994605178,0.1488465751947408,0.9933291435294602,0.8608725089938962,0.8592081491065471,0.7203666920594403,0.8134824500532946,0.9867466979347583,0.7557297280513824,0.7531682036767942,0.5629477504135912,0.6906152273805892,0.9819170005421222,26.45885639700009,59.63976584335345,1578,3125.45458984375,3196.0,0.5079054778272455,0,99,1.0,0.20110108344082905,0.12793750818913358,0.27426466209634304,0.990603048032415,0.7757959344557689,0.7443795445552461,0.4045336376148408,0.6415697055419519,0.9813810573743701,0.6337145548613105,0.5928380199027414,0.2535519689741869,0.49336818124607956,0.9702447416818687,1.96757506799986,200.24648940104785,394,1129.69140625,3196.0,0.5494321615232151,0.3817501054409197,61,0,0.7171142176055104,61,0,1.4848280750002232,35.05829001899929
141,13959,0.00017038058688537697,0.00016942189589841294,0.5638474185530661,65,76,False,33.63680705000024,0.09925637823849426,0.04935199538828906,0.14916076149475135,0.9932767619222984,0.859673485273585,0.8579363349106827,0.7132969503911557,0.8103022568584745,0.9866433239575569,0.7538836238319305,0.7512158569930392,0.5543601925929971,0.6864865578059889,0.9816571950005941,26.548038566000287,59.43941945379434,1578,3125.45458984375,3196.0,0.5160004004384532,0,99,1.0,0.21044786198792723,0.14247938317393288,0.2784163420121682,0.9905225052924468,0.7747663678409806,0.7453975914122289,0.36615323593574406,0.6287723983963178,0.9812229697893388,0.6323417407957881,0.5941305279744181,0.2241050042079368,0.48352575765938105,0.9706039815989848,1.9718573560003279,199.8116135536198,394,1129.69140625,3196.0,0.5257847703735881,0.33768828992681127,61,0,0.7138812508203648,61,0,1.5494533350001802,35.192243373000565
142,14058,0.00016942189589841294,0.00016846260176731938,0.5638474185530661,65,77,False,33.7079929649999,0.09852649821074744,0.04873915267364607,0.1483138437242411,0.9932423264386231,0.8606111554683674,0.8585079406964534,0.7147426946013626,0.8112872635887278,0.9865753721300741,0.7553269979768303,0.7520927839132328,0.5561086419031689,0.6878428079310773,0.9816987747173044,26.55625584200061,59.421027172975215,1578,3125.45458984375,3196.0,0.510485616747779,0,99,1.0,0.20316805845589808,0.13457029320413086,0.271765825863417,0.9906706719424379,0.7785831663777772,0.7436245331465919,0.3991970105573763,0.6404682366939152,0.9815138076379565,0.6374426362446783,0.5918808133121218,0.249372979179887,0.49289880957889576,0.9705500723746827,1.9440870529997483,202.66582167298196,394,1129.69140625,3196.0,0.541903435594555,0.3719483637740271,61,0,0.7118585074150828,61,0,1.5392819960006818,35.253949062000174
143,14157,0.00016846260176731938,0.00016750270029160667,0.5638474185530661,65,78,False,33.87752643299973,0.09668319637406764,0.04829954400809697,0.14506684831037872,0.9933236786877765,0.8613908642773446,0.860143706841656,0.7194309094202984,0.8136551601797665,0.9867359126843854,0.7565290293676018,0.7546071482909017,0.5618056180745536,0.6909805985776858,0.9819280626807074,26.731200645000172,59.03214079144442,1578,3125.45458984375,3196.0,0.501410902449579,0,99,1.0,0.2014112860569494,0.1297045069448839,0.2731180687997547,0.9903256433278789,0.7679242481883217,0.7447958300333376,0.4065133973959529,0.6397444918725373,0.9808366794537444,0.6232768131822615,0.5933662808442702,0.25510939140099204,0.49058416180917463,0.9694641423104379,1.9565387550001105,201.3760264104647,394,1129.69140625,3196.0,0.5515142896664573,0.3905429454309001,61,0,0.7124856339020146,61,0,1.3182192150006813,35.20181941899955
144,14256,0.00016750270029160667,0.00016654218721458107,0.5638474185530661,65,79,False,33.98049806000017,0.09575477147094802,0.04735247793646367,0.14415706542092735,0.9933613723358617,0.8640262375554622,0.8608915947151881,0.7236728561250714,0.8161968961319072,0.9868103061382754,0.7606040439667698,0.7557591452412633,0.5669963689152618,0.6944531860410983,0.9821252085561233,26.853054189999966,58.76426528002333,1578,3125.45458984375,3196.0,0.46100518047207534,0,99,1.0,0.1993651641201852,0.12677529533653695,0.27195502968911595,0.9906858626810647,0.7751482597818846,0.7411312416817739,0.42736512323377235,0.6478815415658102,0.981543630521858,0.6328506825192166,0.588727964519416,0.271751014521917,0.49777655385351655,0.9700320481043782,1.9588106890005292,201.1424596631316,394,1129.69140625,3196.0,0.5557878191137252,0.39785962933680835,61,0,0.713716008890642,61,0,1.5400445609993767,35.526211936000436
145,14355,0.00016654218721458107,0.0001655810582222278,0.5638474185530661,65,80,False,33.81366263600012,0.09498569171011674,0.04717049149014953,0.14280089167512114,0.9933835576274799,0.8638505962193925,0.8625881332031674,0.7233144718190232,0.816584400413861,0.9868540943819164,0.7603318659895224,0.758377996910107,0.5665564901088858,0.6950887843361717,0.9821639647199778,26.73716771999989,59.01896627665717,1578,3125.45458984375,3196.0,0.5034892053315134,0,99,1.0,0.2007973072341251,0.13402320569390572,0.26757141070317497,0.9906654372498481,0.7823385494343091,0.7446978805879081,0.41306286998528746,0.6466997666691682,0.9815035309506933,0.6424926641726704,0.5932419527314108,0.2602893726366198,0.4986746631802336,0.9704710674769987,1.9471227999993062,202.34984665586597,394,1129.69140625,3196.0,0.5464080042231277,0.3826116233414291,61,0,0.7102043851048263,61,0,1.2880281469997499,35.10757548000038
146,14454,0.0001655810582222278,0.00016461930894206406,0.5638474185530661,65,81,False,33.82259002899991,0.09569694268008451,0.04761570110841547,0.14377818397318304,0.9933758656075643,0.8640209107514014,0.8603350946449145,0.7233003364061649,0.8158854472674936,0.9868389120305885,0.7605957881873636,0.7549018054362742,0.5665391454479721,0.6940122463572033,0.9821186331590621,26.712897810999493,59.072587750110415,1578,3125.45458984375,3196.0,0.5786457143046639,0,99,1.0,0.20592384244584797,0.1334764076973581,0.278371278328944,0.9905999899634248,0.7722222097237564,0.7450586384439359,0.3929632194973057,0.6367480225549994,0.9813750546005352,0.6289592594357082,0.5936999618214039,0.24452658723491297,0.48906193616400834,0.9698762070709074,1.9278327459996945,204.37457596752662,394,1129.69140625,3196.0,0.5401385329681603,0.36464651368025824,61,0,0.7156305522560624,61,0,1.502593842999886,35.33119501500005
147,14553,0.00016461930894206406,0.00016365693494196175,0.5638474185530661,65,82,False,33.726068026000576,0.09541831466786006,0.047493856707151096,0.14334277277965812,0.9933970428507741,0.8640790056636377,0.8612598119937754,0.7241576242147344,0.8164988139573826,0.9868807117993654,0.7606858311201983,0.7563268786550172,0.567591763652641,0.6948681578092856,0.9821820664012991,26.56624451100015,59.39868540119043,1578,3125.45458984375,3196.0,0.5033016635311974,0,99,1.0,0.20494301791118485,0.1303101837029917,0.279575849169402,0.9905479285223516,0.7759674134419552,0.7419710395504646,0.3947086453645625,0.6375490327856608,0.9812728672421023,0.6339434276206323,0.5897885206754969,0.24587975523869998,0.48987056784494304,0.9700692268797588,1.9469955269996717,202.3630740473018,394,1129.69140625,3196.0,0.5399387405440117,0.3673694348333592,61,0,0.7125080462546641,61,0,1.5034280139998373,35.235385080000015
148,14652,0.00016365693494196175,0.00016269393172893827,0.5638474185530661,65,83,False,33.628912823000064,0.0948786740539494,0.04649527851581876,0.14326206981871367,0.9934510569473832,0.8643573469421252,0.8601823296961804,0.7247276452509879,0.8164224406297644,0.9869873331091971,0.7611173678751177,0.7546666033584983,0.568292445572242,0.6946921389352859,0.9822000520462016,26.55173213499984,59.43115093120118,1578,3125.45458984375,3196.0,0.4692938905773741,0,99,1.0,0.20659787703286572,0.13645440147159063,0.27674135452297133,0.9904831859476717,0.7740670016296718,0.7442656304481453,0.3805000750863493,0.6329442357213888,0.9811458037749236,0.6314105278662567,0.5926935253940355,0.23494911560841042,0.4863510562895676,0.9702005918861041,1.9420092930004103,202.88265427982006,394,1129.69140625,3196.0,0.5349185035288624,0.35658793288675306,61,0,0.7132490741709717,61,0,1.52929973099981,35.1636740670001
149,14751,0.00016269393172893827,0.00016173029474791554,0.5638474185530661,65,84,False,33.401232559000164,0.094300488272094,0.046934657974501526,0.14166631881048472,0.9934262413592789,0.8652483075249027,0.8637289703667498,0.7220441641567151,0.8170071473494559,0.9869383468736592,0.7625001251486487,0.7601434409935913,0.5649993089786705,0.6958809583736368,0.9822651871559134,26.37444375599989,59.83064570379888,1578,3125.45458984375,3196.0,0.5009781167362676,0,99,1.0,0.20807745024032398,0.14387864940965236,0.2722762516761189,0.9905116953193197,0.7752315608919382,0.7420790859932435,0.4004690302110636,0.639259892365415,0.9812017541229829,0.6329617388381603,0.5899250721808554,0.2503665373005606,0.4910844494398588,0.9700349914240958,1.9223504810006489,204.95742264173887,394,1129.69140625,3196.0,0.5415770602943173,0.37082882366274256,61,0,0.712325296925892,61,0,1.5610370539998257,34.96817623000061
150,14850,0.00016173029474791554,0.00016076601938044396,0.5638474185530661,65,85,False,33.446741810000276,0.09365350706797891,0.0459735257166269,0.14133348807938048,0.9935098744273987,0.8650073657603593,0.8642719920159464,0.7293370918575195,0.8195388165446085,0.9871034490896589,0.7621259730375685,0.7609850122038035,0.5739815707091831,0.6990308519835183,0.98244009271774,26.380391544000304,59.817156139173555,1578,3125.45458984375,3196.0,0.4511238688772375,0,99,1.0,0.20513519659865326,0.13648851408722437,0.2737818811145531,0.9904964254929274,0.7770609839697463,0.7398593594684778,0.3974311613764883,0.6381171682715708,0.9811717863174222,0.635404524497175,0.5871244333143705,0.24799631179516277,0.49017508986890274,0.9698771365402918,1.9606543070003681,200.95332389460637,394,1129.69140625,3196.0,0.545553383204221,0.37378474325666367,61,0,0.7173220231517782,61,0,1.5364723410002625,34.9893552020003
151,14949,0.00016076601938044396,0.00015980110094339302,0.5638474185530661,65,86,False,33.76576792200012,0.09274778210089385,0.045249583933818775,0.14024597965416952,0.9934728319098245,0.8673679032898844,0.8646054974947348,0.7370337269696831,0.8230023759181008,0.987030319106914,0.7657984493016512,0.7615022757173561,0.5835735622624904,0.7036247624271659,0.9826341056098503,26.681382190000477,59.14236334395732,1578,3125.45458984375,3196.0,0.5312376562694107,0,99,1.0,0.2035027279466542,0.13534959991873824,0.2716558520412687,0.990510741819633,0.7777991406176643,0.7411490098637151,0.402481812822318,0.6404766544345658,0.981199882805149,0.6363922383516741,0.588750388783884,0.251941928456776,0.492361518530778,0.970053425900222,1.9500089270004537,202.0503570750619,394,1129.69140625,3196.0,0.5364039017813009,0.3648642419342918,61,0,0.7079435616283102,61,0,1.4910993579997012,35.2626968630002
152,15048,0.00015980110094339302,0.00015883553468760457,0.5638474185530661,65,87,False,33.636598207000134,0.09012195423566494,0.044845153094848905,0.13539875624524322,0.9935815692401825,0.8683149958915884,0.8650631923518828,0.7407208309027464,0.8246996730487393,0.9872450055292177,0.767276223277062,0.7622126505391235,0.5882101833176125,0.705899685711266,0.98282483080343,26.50730019599996,59.53077032862537,1578,3125.45458984375,3196.0,0.4568182791423316,0,99,1.0,0.20483074847816815,0.13706569222326812,0.27259580579203396,0.9906726240318409,0.7776770373862704,0.7358250831846009,0.3966559545980624,0.6367193583896446,0.9815176399843268,0.6362287719142087,0.5820595499855575,0.24739291341467884,0.4885604117714817,0.970265035096764,1.9677291440002591,200.23080981512774,394,1129.69140625,3196.0,0.5387134331699559,0.3663801345665339,61,0,0.7110467317733778,61,0,1.454071211000155,35.096141299999545
153,15147,0.00015883553468760457,0.00015786931579650956,0.5638474185530661,65,88,False,33.67579250900053,0.09507439082490779,0.04779647541420088,0.1423523060986902,0.9934901022432291,0.864796301129608,0.8648026542165751,0.7253870151274354,0.8183286568245395,0.9870644138298498,0.7617983468430745,0.761808206677717,0.5691037387320822,0.6975700974176245,0.9823894234815629,26.538981138000054,59.45970539692377,1578,3125.45458984375,3196.0,0.6433714601126584,0,99,1.0,0.2006933504554826,0.12883702763899935,0.27254967542771763,0.9905490636245089,0.7745389814480016,0.7409691147193659,0.3997158232734026,0.6384079731469233,0.9812750951335477,0.6320388569872217,0.5885233820568319,0.2497780263571853,0.490113421800413,0.9698577725947811,1.9820711479997044,198.78196622640044,394,1129.69140625,3196.0,0.5409083055447901,0.3716159372038707,61,0,0.7102006738857095,61,0,1.5336091210001541,35.21533623899995
154,15246,0.00015786931579650956,0.00015690243938470575,0.5638474185530661,65,89,False,33.75616487299976,0.09394309249516525,0.046003635458091066,0.14188254946613796,0.993486226045607,0.8636189066064981,0.8641128621304512,0.7284712219684993,0.8187343302351495,0.9870567614215519,0.7599729629674922,0.7607383104550045,0.5729097402705048,0.6978736712310004,0.9823593700491128,26.590597401000196,59.34428535782517,1578,3125.45458984375,3196.0,0.4893930196160018,0,99,1.0,0.20682910538566898,0.13558526378748986,0.27807295133317184,0.9904493509452796,0.775641334112444,0.7392493872319374,0.40094968727005154,0.6386134695381444,0.9810794058452382,0.6335082649577769,0.5863565559638045,0.2507423838250203,0.4902024015822006,0.9700543553696066,1.949087879000217,202.14583664749995,394,1129.69140625,3196.0,0.539784452320818,0.37010343205497215,61,0,0.7094654725866637,61,0,2.50942093499998,36.271475100000316
155,15345,0.00015690243938470575,0.00015593490049649583,0.5638474185530661,65,90,False,33.960827138999775,0.09287975319626969,0.04622283290377588,0.1395366735029281,0.9935337570444673,0.8651147197591228,0.8655835740608009,0.729523258303512,0.8200738507078119,0.9871506014219726,0.7622926606075144,0.7630210161530165,0.5742122105512675,0.699841962437266,0.9825181852275428,26.803665950000322,58.87254388797444,1578,3125.45458984375,3196.0,0.5518546002079742,0,99,1.0,0.20381391978808466,0.1303614018683506,0.27726643785909955,0.990517987377944,0.7695395996356945,0.7421653142184101,0.41103200876891904,0.6409123075410079,0.9812141028695952,0.6254078549848943,0.5900340661676423,0.25867859581643604,0.4913735056563242,0.9697189718333598,1.9688323529999252,200.1186131463449,394,1129.69140625,3196.0,0.5458569679285064,0.3801093370922508,61,0,0.7116045987647618,61,0,1.3609505449994685,35.32777215399983
156,15444,0.00015593490049649583,0.0001549666941043839,0.5638474185530661,65,91,False,33.635428296999635,0.09283111957391707,0.04600591622340211,0.13965632240506332,0.9935049190845116,0.866072083325958,0.8645519161601598,0.7320946195594163,0.8209062063485114,0.987093665853626,0.7637805460035413,0.761419151139374,0.5774047739311756,0.700868157024697,0.9825305624455403,26.539684293999926,59.458130041010065,1578,3125.45458984375,3196.0,0.5585938443740209,0,99,1.0,0.2091391296858715,0.13494279564637218,0.28333545646389124,0.9903243903815074,0.7691049664873506,0.7321618936421719,0.402903073389959,0.6347233111731605,0.9808342213552161,0.6248339180413526,0.5774884742544015,0.25227214871995984,0.4848648470052381,0.9690684981757615,1.9405101419997663,203.03939230844145,394,1129.69140625,3196.0,0.543488996721543,0.3849962420660301,61,0,0.7019817513770559,61,0,1.2456559989996094,34.886395859000004
157,15543,0.0001549666941043839,0.0001539978151075291,0.5638474185530661,65,92,False,33.88500810900041,0.09270021957740736,0.04594742705046904,0.13945301217044714,0.9935013581275043,0.8658377653112292,0.8656436609159056,0.7312171712517632,0.820899532492966,0.9870866355857061,0.7634161487918232,0.7631144033759677,0.5763138928772955,0.700948148348362,0.9825550074510853,26.792144877000283,58.89786007221222,1578,3125.45458984375,3196.0,0.5194101855911389,0,99,1.0,0.2096584501302787,0.14290927902696096,0.27640761964514776,0.9904660639086269,0.7739850903954674,0.7381808968837091,0.39241523570913645,0.634860407662771,0.981112202868017,0.6313015317612463,0.5850132519476348,0.2441023605260643,0.4868057147449818,0.9698794602137532,1.9106470540000373,206.21286342505846,394,1129.69140625,3196.0,0.5330599272125851,0.3595556901139784,61,0,0.7065641643111918,61,0,1.3943646770003397,35.28526070299995
158,15642,0.0001539978151075291,0.00015302825833015527,0.5638474185530661,65,93,False,33.709250926000095,0.0909069257166298,0.044744784340583474,0.13706906744206965,0.9935513588303839,0.8663525923755961,0.8689674873035417,0.7383985605983652,0.824572880092501,0.9871853547099593,0.7642169748273557,0.768295762985508,0.5852867138044645,0.7059331505391094,0.98276348621673,26.640963311000633,59.2320923826508,1578,3125.45458984375,3196.0,0.40928004320823785,0,99,1.0,0.20468279220126,0.13546506202009123,0.2739005262022696,0.9906052635756347,0.7739898698940441,0.7443373969190764,0.3966342632470219,0.6383205100200474,0.9813854063522369,0.6313078912546614,0.5927845546190136,0.24737603789030524,0.4904894945879934,0.9702498537634835,1.9294945259998713,204.19855806319416,394,1129.69140625,3196.0,0.5430516806956805,0.3696422426500004,61,0,0.7164611187413606,61,0,1.4884055820002686,35.203590683000584
159,15741,0.00015302825833015527,0.00015205801851991417,0.5638474185530661,65,94,False,33.9419025240004,0.08725759817620193,0.04307394226864263,0.1314412544095471,0.9936829792353843,0.8703317315399306,0.8731107675413247,0.7453912610224303,0.8296112533678951,0.9874452669799504,0.7704312459146447,0.7747973291362006,0.5941224844566914,0.7131170198358455,0.9832347874707897,26.832917745000486,58.8083642262129,1578,3125.45458984375,3196.0,0.33464364135506175,0,99,1.0,0.2057139095921202,0.13816731468523819,0.27326050499066484,0.9905970912271274,0.7754605859952387,0.7436964163315873,0.38502150958154086,0.6347261706361224,0.9813693646191218,0.6332671510010077,0.5919718975567914,0.2384065867538443,0.4878818784372145,0.970466110306948,1.9685460649998276,200.14771663473087,394,1129.69140625,3196.0,0.5399540570927501,0.36402041884421515,61,0,0.7158876953412852,61,0,1.2982359929992526,35.24607661200025
160,15840,0.00015205801851991417,0.00015108709034620152,0.5638474185530661,65,95,False,33.78656654400038,0.08833775821369713,0.04367928865574612,0.13299622786135729,0.9936499412640587,0.8707448121476961,0.86982722894924,0.7437969355228943,0.8281229922066101,0.9873800201414655,0.7710788681907578,0.7696409356425497,0.59209928438799,0.7109396960737658,0.9831242047637436,26.583091593000063,59.361041377727624,1578,3125.45458984375,3196.0,0.4652762542469333,0,99,1.0,0.20559965875850716,0.1305642939234143,0.2806350255224305,0.9905419464202619,0.770611859201512,0.7380750512629931,0.4105857772962934,0.6397575625869328,0.9812611261137638,0.6268255188316679,0.584880306869036,0.25832521908471273,0.4900103482618056,0.9698961906626745,1.981686119999722,198.82058819691147,394,1129.69140625,3196.0,0.5467743101035448,0.3848316696150515,61,0,0.7087169505920382,61,0,1.4271978100005072,35.21905879299993
161,15939,0.00015108709034620152,0.00015011546839842338,0.5638474185530661,65,96,False,33.810478850000436,0.08859234095488513,0.04408538501582218,0.1330992970214295,0.9936865892995272,0.8701971676603869,0.8693537461416229,0.7457092022120612,0.828420038671357,0.9874523967715424,0.7702203807175535,0.768899859858835,0.5945265671463031,0.7112156025742307,0.983159247762199,26.705248681999365,59.08950778891824,1578,3125.45458984375,3196.0,0.39905593566822284,0,99,1.0,0.20331852054837996,0.13072724685753662,0.2759097965840761,0.9905401147228551,0.7750887862398738,0.7439022148699568,0.4121798134011874,0.643723604837006,0.9812575310517708,0.63277140214969,0.5922327255699611,0.2595884703318305,0.49486419935049386,0.9702317291104854,1.9463555789998281,202.4296096001453,394,1129.69140625,3196.0,0.5509918743298619,0.3879703527367979,61,0,0.7140133959229258,61,0,1.5386942850000196,35.35504137500084
162,16038,0.00015011546839842338,0.00014914314718421148,0.5638474185530661,65,97,False,33.59786784000062,0.08851447027219113,0.04377612092441328,0.13325281902033415,0.993728079485528,0.8709368807950025,0.869075051906935,0.7476182882388032,0.8292100736469136,0.9875343425835328,0.7713801522524725,0.7684639492411461,0.596957206591147,0.712267102694922,0.9832673163468394,26.50258447899978,59.54136289049024,1578,3125.45458984375,3196.0,0.4949723436976924,0,99,1.0,0.2073827542478058,0.14014963385871218,0.2746158802721101,0.9906128821991792,0.7774537414068435,0.7526005244755245,0.39855819964666406,0.6428708218430107,0.9814003613969777,0.6359299175325255,0.6033356107986896,0.24887460759343719,0.4960467119748841,0.9705581277760152,1.9567796250003084,201.35123800664977,394,1129.69140625,3196.0,0.5467686796692217,0.37194565061590384,61,0,0.7215917087225395,61,0,1.5786508969995339,35.1822932820005
163,16137,0.00014914314718421148,0.00014817012112758568,0.5638474185530661,65,98,False,33.439128580000215,0.08871438640378727,0.044070935171895455,0.13335783778676819,0.9936773355003764,0.8704267888169326,0.8692273909055902,0.7453019451141524,0.8283187082788918,0.9874341208388316,0.7705802334895001,0.7687021987574668,0.5940090065589205,0.7110971462686292,0.9831535619776814,26.395926383000187,59.78195184755031,1578,3125.45458984375,3196.0,0.4596674791490189,0,99,1.0,0.20505550276809537,0.1368212738466747,0.273289733883088,0.9906356497874875,0.7776108088825471,0.7485792713782797,0.38488766347479414,0.6370259145785403,0.9814450545820429,0.6361401217657122,0.5981835319307391,0.2383039586601458,0.49087587078553246,0.9705296240482234,1.9518960529994729,201.8550113847207,394,1129.69140625,3196.0,0.5389478930517494,0.35769312617676313,61,0,0.7202026599267357,61,0,1.547569878000104,34.992506575000334
164,16236,0.00014817012112758568,0.00014719638456706116,0.5638474185530661,65,99,False,33.662955652000164,0.08926761742440467,0.04419992292354164,0.13433531183555855,0.9936695967065435,0.8701536954196921,0.8699063024038305,0.7392053277585013,0.826421775194008,0.9874188372472129,0.7701522692884489,0.769764758669316,0.5863011194711888,0.7087393824763178,0.9830569423196887,26.671433909999905,59.16442307994402,1578,3125.45458984375,3196.0,0.4963168762247972,0,99,1.0,0.20200003963436572,0.13516180429059238,0.2688382791383617,0.9905964415040706,0.7777739678272538,0.7407230694106377,0.40810727391199975,0.6422014370499637,0.9813680892705763,0.6363585354540422,0.5882130065417518,0.2563660648886208,0.4936458689614716,0.9702997352871193,1.9065567449997616,206.6552705726308,394,1129.69140625,3196.0,0.5484619375900985,0.3852546723126952,61,0,0.7116692028675018,61,0,1.5406806240007427,35.20893400099976
165,16335,0.00014719638456706116,0.00014622193175369862,0.5638474185530661,65,100,False,33.75195597900074,0.08911282885512774,0.04463000362325833,0.13359565470079657,0.9936172294074715,0.8682532936676584,0.8682430203372581,0.7399213332220826,0.8254725490756664,0.9873154215691302,0.7671798723244461,0.7671638310514244,0.5872024919794075,0.7071820651184261,0.9829260532393655,26.719282257000486,59.058472634928734,1578,3125.45458984375,3196.0,0.4895833316776488,0,99,1.0,0.20360172097453005,0.1340835155342436,0.27311992599879426,0.9905818788309203,0.7766669631880151,0.7421091068429124,0.40381407564267885,0.6408633818912022,0.981339504469819,0.6348777804709786,0.5899630173650018,0.25298686668050163,0.49260922150549397,0.9703637137630869,1.9534830359998523,201.69102712393854,394,1129.69140625,3196.0,0.5456055823259665,0.37656480289496486,61,0,0.7146463617569679,61,0,1.5153646279995883,35.27335665800001
166,16434,0.00014622193175369862,0.00014524675684909538,0.5638474185530661,65,101,False,33.318665839999994,0.08811201816200455,0.04376039109151475,0.13246364543079878,0.9937082365573189,0.8707680986993743,0.8721992106352705,0.7432862635021323,0.8287511909455924,0.9874951506685177,0.771115390644244,0.7733628304397313,0.5914523267434608,0.711976849275812,0.9832448439604127,26.278342882999823,60.049448590643486,1578,3125.45458984375,3196.0,0.47858378531956913,0,99,1.0,0.2049637584365564,0.13431913549373597,0.27560838277872446,0.9905391405615424,0.7774656177485992,0.7456990766211172,0.41749281841940433,0.6468858375963736,0.9812556190762651,0.63594580981586,0.5945136950169224,0.2638173294116844,0.4980922780814889,0.9699273278870558,1.9277960509998593,204.37846617418387,394,1129.69140625,3196.0,0.5530374852128424,0.3885857629863199,61,0,0.7174892074393648,61,0,1.5069003990001875,34.831462131999615
167,16533,0.00014524675684909538,0.0001442708539233147,0.5638474185530661,65,102,False,33.72448617600003,0.08963206942997051,0.044463157299693544,0.13480098086618197,0.9936581868869091,0.870378615782616,0.8684742997106608,0.7428631925655805,0.8272387026862859,0.9873963040580164,0.7705047265775916,0.7675250323422488,0.5909167468269623,0.7096488352489342,0.9830721044117355,26.63472557499972,59.24596427909757,1578,3125.45458984375,3196.0,0.5002081187987568,0,99,1.0,0.20976480092796576,0.14516586526698871,0.27436373447101126,0.9903557299378368,0.7725642045146482,0.7363424620213578,0.39930527412725064,0.6360706468877523,0.980895706838272,0.6294131288628106,0.5827072920399128,0.24945748097566622,0.4871926339594632,0.9698535899825508,1.937340440999833,203.3715869765576,394,1129.69140625,3196.0,0.5400587093286943,0.37928159700808534,61,0,0.7008358216493032,61,0,1.5151513359996898,35.245505467999465
168,16632,0.0001442708539233147,0.00014329421695275142,0.5638474185530661,65,103,False,33.60677485299948,0.08611180335849863,0.04320467322007181,0.1290189343751308,0.9937669697126671,0.8726033276945995,0.8729303698518048,0.7498735737353257,0.8318024237605766,0.9876111594437461,0.7739984950551813,0.7745132567692609,0.5998381907467685,0.7161166475237369,0.9834535934777012,26.49541873599992,59.5574659801823,1578,3125.45458984375,3196.0,0.43915369504629964,0,99,1.0,0.20259813790393966,0.13130357165627068,0.27389270180675584,0.9905486919401608,0.77719824772257,0.7423156269943749,0.40711441589894853,0.6422094302052979,0.981274365619468,0.6355881043473012,0.5902240998831707,0.2555829621175864,0.49379838878268617,0.9704970926197652,1.9385302259997843,203.24676639839188,394,1129.69140625,3196.0,0.5492104763124905,0.3851256891146184,61,0,0.7132952635103627,61,0,1.5496037149996482,35.161948539999685
169,16731,0.00014329421695275142,0.00014231683981793145,0.5638474185530661,65,104,False,33.89268814500065,0.08709813977375683,0.04314511465746791,0.13105116533386996,0.9937622888167159,0.8721996199118836,0.8728045976595641,0.7506919425690616,0.8318987200468365,0.9876019133173832,0.7733634739897298,0.7743152570063087,0.6008861770352903,0.7161883026771095,0.9834551406299509,26.78573080500064,58.91196366781236,1578,3125.45458984375,3196.0,0.5506494745160594,0,99,1.0,0.20866896718891745,0.14123324369113457,0.27610468645083724,0.9905305476104799,0.7734582457520705,0.7365283468785608,0.4062997784298461,0.6387621236868258,0.9812387539472247,0.6306008279565882,0.5829401435789625,0.2549411570198247,0.4894940428517918,0.9704084832051079,1.9368426419996467,203.42385667078466,394,1129.69140625,3196.0,0.5446462014470064,0.38231871338241225,61,0,0.7069736895116004,61,0,1.5421047029994952,35.440781598000285
170,16830,0.00014231683981793145,0.0001413387163012419,0.5638474185530661,65,105,False,33.79258349100019,0.0851254191329875,0.042689729911595094,0.12756110827883538,0.9937696027210922,0.872440053416713,0.8730556913062448,0.7510101556509918,0.8321686334579832,0.9876163604364242,0.7737416144129331,0.7747105909059575,0.6012940449827511,0.7165820834338805,0.9834872440391318,26.64707855099914,59.21849920545352,1578,3125.45458984375,3196.0,0.3507179024845663,0,99,1.0,0.20895975525609128,0.13808836330314578,0.27983114327573533,0.9906606723138309,0.7776633781144182,0.745027242065208,0.39127088497130497,0.6379871683836437,0.9814941765767143,0.6362104875126716,0.5936600913084675,0.24321738278748428,0.4910293205362078,0.9703971746609296,1.9673363309993874,200.2707893875227,394,1129.69140625,3196.0,0.5394711601984619,0.36518744142577475,61,0,0.7137548789711489,61,0,1.5350661769989529,35.33361732400044
171,16929,0.0001413387163012419,0.00014035984008458998,0.5638474185530661,65,106,False,33.67286279200016,0.08399461088902747,0.04183194758925299,0.12615727433989105,0.9938107841241545,0.8748027872732054,0.8751679820167616,0.7571980920083783,0.8357229537661152,0.9876977097782587,0.7774661875967633,0.778043270483969,0.6092669210912435,0.7215921263906586,0.9837345176474375,26.50660394999977,59.53233401670883,1578,3125.45458984375,3196.0,0.38112293650405576,0,99,1.0,0.21090882653512324,0.13641655687148196,0.28540109627440496,0.9905169345799366,0.7729015705717158,0.7420292363499996,0.3939635541840416,0.6362981203685857,0.981212036645474,0.6298611032627737,0.5898620681747825,0.24530175215537253,0.48834164119764295,0.9698311278057582,1.983425652000733,198.64621575432483,394,1129.69140625,3196.0,0.5423435621317296,0.37260646154811045,61,0,0.7120806627153489,61,0,1.5388859689992387,35.21771282199916
172,17028,0.00014035984008458998,0.00013938020474698736,0.5638474185530661,65,107,False,33.716653321000194,0.08678371061692522,0.042675003008055296,0.13089241805109839,0.9937841279850396,0.8721002342926069,0.8749327595481442,0.7512125638895124,0.8327485192434212,0.9876450527409928,0.773207212917227,0.777671527611762,0.6015535888391563,0.7174774431227151,0.983519386127119,26.55564873000003,59.42238564924707,1578,3125.45458984375,3196.0,0.5064762445411297,0,99,1.0,0.20432631815145463,0.1317271321331184,0.27692550466145355,0.9905709367021233,0.7783165075658723,0.7376986371348817,0.40971031906472977,0.6419084879218279,0.9813180269110315,0.6370852290187907,0.5844077007573568,0.25763250807473875,0.49304181261696217,0.9701208124305997,1.9968471650008723,197.31104458353872,394,1129.69140625,3196.0,0.5475098758351256,0.3854188714462958,61,0,0.7096008802239554,61,0,1.5251838660005888,35.24719569700028
173,17127,0.00013938020474698736,0.0001383998037620571,0.5638474185530661,65,108,False,33.80111704400042,0.0840186774258529,0.041908040930751914,0.12612931427506893,0.9938659192419739,0.8753127900875812,0.8764956075843702,0.7550464734056436,0.8356182903591983,0.9878066335782908,0.778272200815499,0.7801443532408718,0.6064856697672223,0.7216340746078643,0.9837891321218513,26.673007677998612,59.16093224468355,1578,3125.45458984375,3196.0,0.354467025308898,0,99,1.0,0.20478242741623506,0.14000437643170963,0.2695604749591217,0.9906324947643087,0.7789839858100371,0.74566258156343,0.40558761081055145,0.6434113927280062,0.9814388610944952,0.637980154852289,0.5944673025005011,0.25438061919271715,0.4956093588485024,0.9708005643738102,1.9648976019998372,200.51935510481255,394,1129.69140625,3196.0,0.5450009086031684,0.376285068488209,61,0,0.7137167487181277,61,0,1.5088878769984149,35.31654588799938
174,17226,0.0001383998037620571,0.00013741863049545995,0.5638474185530661,65,109,False,33.83600183899944,0.08481900573381151,0.042430748740454285,0.12720726283104247,0.9938339694395784,0.8741450439863068,0.8751076486996399,0.7540345680638896,0.8344290869166121,0.9877435127540785,0.7764277621349965,0.7779479055822784,0.6051809695010498,0.7198522124061083,0.9836825720106543,26.697777908999342,59.106042659381195,1578,3125.45458984375,3196.0,0.4345799767308765,0,99,1.0,0.20659969157071284,0.13848523795604706,0.2747141445802553,0.9906300801045939,0.7750870993542673,0.7374513499347615,0.39865491788261853,0.6370644557238824,0.9814341210081293,0.6327691535828119,0.584097373116399,0.24895003727459938,0.48860552132460344,0.9702069432602316,1.957316254000034,201.29603440159914,394,1129.69140625,3196.0,0.5390461089875933,0.37395389207649005,61,0,0.7041383258986965,61,0,1.5514395499994862,35.393236627998704
175,17325,0.00013741863049545995,0.0001364366782022371,0.5638474185530661,65,110,False,33.80614267300007,0.08389976402539265,0.04161902399514111,0.1261805041831256,0.993879333631199,0.8759455638257951,0.8752244943682177,0.7594219385530601,0.8368639989156911,0.987833136574182,0.7792732590488545,0.7781326051162604,0.6121516752176911,0.7231858464609352,0.9838707057242158,26.659625009000592,59.19063000575774,1578,3125.45458984375,3196.0,0.34215524326069185,0,99,1.0,0.2076894432155009,0.13503487491365618,0.280344011214784,0.9906659899819066,0.7721511068892416,0.7408731134342926,0.41055619191639914,0.6411934707466445,0.9815046160627717,0.6288649289188954,0.5884022661568591,0.2583017970364164,0.49185633070405704,0.9701249950428299,1.9683652740004618,200.16609986176152,394,1129.69140625,3196.0,0.5478044215754593,0.38484369705143934,61,0,0.7107651460994793,61,0,1.5118142749997787,35.324468647000685
176,17424,0.0001364366782022371,0.0001354539400240656,0.5638474185530661,65,111,False,33.51718936600082,0.08390902199974834,0.041627797233212284,0.1261902464735493,0.9938732638661826,0.8749781894596297,0.8755026044873978,0.7599264127876554,0.8368024022448943,0.987821144367239,0.7777433124068592,0.7785723719602746,0.6128075145088377,0.7230410662919905,0.9838520238608008,26.48627287600175,59.57803151041944,1578,3125.45458984375,3196.0,0.4096250376014998,0,99,1.0,0.20574500241557958,0.13391074133554692,0.2775792676180147,0.990670690389868,0.7761734739100494,0.7450797411829035,0.40744582891378084,0.642899681335578,0.981513843853924,0.6342185410785915,0.593726761479829,0.255844250896582,0.4945965178183342,0.9703909781983662,1.9325490610008274,203.87580732152566,394,1129.69140625,3196.0,0.5516625939808145,0.38575712018484315,61,0,0.7175680677767858,61,0,1.5109511039991048,35.03341715700117
177,17523,0.0001354539400240656,0.00013447040898642283,0.5638474185530661,65,112,False,33.39723077300005,0.0828213531179271,0.041548126352377264,0.12409458016676897,0.9938561282186907,0.874652271573059,0.8789149754489749,0.758839522156182,0.8374689230594052,0.9877872897631789,0.7772284507968796,0.7839860101609732,0.611395170650665,0.7242032105361726,0.9838797565648765,26.327977512999496,59.93624080014726,1578,3125.45458984375,3196.0,0.36821618465462114,0,99,1.0,0.2080529190713379,0.14130235607097597,0.27480348347104744,0.9906943188467472,0.7743981095806324,0.7362869354587812,0.40701343445656685,0.6392328264986601,0.981560232292322,0.6318512688615832,0.5826377491207503,0.2555033691183189,0.4899974623668841,0.9701620189066466,1.947746112000459,202.2850912511061,394,1129.69140625,3196.0,0.5470111671016042,0.38528020535414287,61,0,0.7087421288490657,61,0,1.5036709399992105,34.90703939500054
178,17622,0.00013447040898642283,0.00013348607799565674,0.5638474185530661,65,113,False,33.54392642899984,0.0827726698155941,0.04128646400151597,0.12425887680061265,0.9939434411007821,0.8770396881223567,0.8777874086848263,0.7614149815349778,0.8387473594473868,0.9879598043556425,0.7810068431144324,0.7821935126000554,0.6147458351131995,0.7259820636092291,0.9840553583452155,26.49271699900055,59.563539672413775,1578,3125.45458984375,3196.0,0.36079570997242977,0,99,1.0,0.20899571622083635,0.14301051040591323,0.27498091923706425,0.9906316026693602,0.7776931323130261,0.7280434996928631,0.4043930467670376,0.6367098929243089,0.981437109869072,0.6362503172257303,0.5723808161026448,0.2534415170024615,0.48735755011027887,0.969920511778236,1.9264004699998623,204.52652817304815,394,1129.69140625,3196.0,0.5384794825158382,0.3786988789777936,61,0,0.6982600860538828,61,0,1.5183379169993714,35.068051276000915
179,17721,0.00013348607799565674,0.00013250093983595748,0.5638474185530661,65,114,False,33.54505377900023,0.08464929898693233,0.041974383147837094,0.12732421530290247,0.9939103068675448,0.8747957451809764,0.8762668972391001,0.7540091937441188,0.8350239453880651,0.9878943335290615,0.7774550633224164,0.7797820452972329,0.6051482803551864,0.7207951296582786,0.983799807472374,26.41215124200062,59.745228078607376,1578,3125.45458984375,3196.0,0.4519719811099948,0,99,1.0,0.20726136454773433,0.13811387484751378,0.27640885213002336,0.990623615611535,0.7790972149857057,0.7365956638616176,0.3862321575518336,0.6339750121330523,0.9814214310271471,0.6381320646889866,0.5830244861380128,0.23933563886481968,0.486830729897273,0.9704379164022843,1.9603404379995482,200.98549841784717,394,1129.69140625,3196.0,0.5353896635708583,0.35915406706381403,61,0,0.7116252600779025,61,0,1.5169068479990528,35.06780896000055
180,17820,0.00013250093983595748,0.00013151498716622607,0.5638474185530661,65,115,False,33.76445621700077,0.08335556834936142,0.04125473353213835,0.1254564031807491,0.993969793619198,0.8775125398392933,0.8773147163898521,0.7604162375487135,0.838414497925953,0.9880118780876457,0.781757098394364,0.7814431427912966,0.6134448196102411,0.7255483535986338,0.9840670780235068,26.61333453900079,59.29358448816338,1578,3125.45458984375,3196.0,0.4349726038147705,0,99,1.0,0.20519711924385903,0.1362911870863837,0.2741030503045484,0.9906247094911078,0.7794264978139327,0.746733418931604,0.3920534371841956,0.6394044513099107,0.981423578331969,0.6385739952718676,0.5958296743977822,0.24382242933349685,0.49274203300104896,0.9707618364827887,1.9433083969997824,202.7470269815564,394,1129.69140625,3196.0,0.5447044255213278,0.37208728010037295,61,0,0.7173215709422828,61,0,1.451732505000109,35.221501447000264
181,17919,0.00013151498716622607,0.00013052821251683638,0.5638474185530661,65,116,False,33.78867454700048,0.08302418455122693,0.04191739633396098,0.12413097245687163,0.9939416371980266,0.8758952670997359,0.87684725506833,0.758919225452784,0.8372205825402833,0.9879562398644544,0.7791936475882176,0.7807016979882601,0.6114986558627991,0.7237980004797588,0.9839732432395635,26.73644573799902,59.020560005000085,1578,3125.45458984375,3196.0,0.49376419969279356,0,99,1.0,0.2109710445561385,0.14345039548305086,0.278491693251024,0.9905280057096529,0.7774618110689738,0.7338009339529729,0.3975304229525396,0.6362643893248288,0.981233765089232,0.6359407158878021,0.5795304653349974,0.24807361627731292,0.48784826583337076,0.969943748512849,1.9437338570005522,202.70264809195433,394,1129.69140625,3196.0,0.5340221589539028,0.36366401635658047,61,0,0.7043803015512252,61,0,1.53266809500019,35.32761374000074
182,18018,0.00013052821251683638,0.00012954060828628553,0.5638474185530661,65,117,False,33.73752583100031,0.08462659971191251,0.04245062117643078,0.12680257824739424,0.993878998735539,0.8754276648898003,0.8752988444380095,0.7545587025502409,0.835095070626017,0.9878324749075541,0.7784538509068114,0.7782501512596388,0.6058564976890689,0.7208534999518398,0.9837734672053232,26.691555330000483,59.11982199952121,1578,3125.45458984375,3196.0,0.47930236461788717,0,99,1.0,0.2110379492570906,0.14746260181598858,0.2746132994968879,0.9905795968847549,0.7791180744231792,0.7351862509450783,0.38239118937249167,0.6322318382469163,0.9813350253548034,0.6381600530739902,0.5812604832090218,0.23639287005623638,0.4852711354464161,0.970388964348033,1.9581026670002757,201.21518990809102,394,1129.69140625,3196.0,0.5326001018865417,0.3620486697411192,61,0,0.7031515340319642,61,0,1.58848394099914,35.33193283200126
183,18117,0.00012954060828628553,0.0001285521667377275,0.5638474185530661,65,118,False,33.63142405899998,0.08259270255216627,0.041346130488943235,0.12383927419989432,0.9939320905577975,0.8759741286108986,0.8777880830860963,0.760270256593124,0.838010822763373,0.9879373760255075,0.7793184755866395,0.7821945836219812,0.6132548328669125,0.7249226306918445,0.9839994287913895,26.53088462099913,59.477850910067914,1578,3125.45458984375,3196.0,0.42045846190115416,0,99,1.0,0.20217930446118873,0.13360126089626156,0.27075734590818434,0.9905070337684123,0.7764071446453056,0.7453900401745716,0.4130257892027433,0.6449409913408735,0.9811926054977388,0.6345306294063323,0.5941209332327381,0.2602599250779566,0.496303829239009,0.969950874444797,1.9584081759985565,201.1838006135297,394,1129.69140625,3196.0,0.55731552081804,0.3961931938260217,61,0,0.7184378478100584,61,0,1.4801000360002945,35.117559431999325
184,18216,0.0001285521667377275,0.0001275628799953855,0.5638474185530661,65,119,False,33.80447490699953,0.0811306161496727,0.040507869820933226,0.12175336180795433,0.9939857604942024,0.878671559132589,0.8796901677506406,0.7650891349751467,0.8411502872861254,0.9880434306600826,0.7835987451213552,0.7852204295881235,0.6195500879002703,0.7294564208699165,0.9842426798038458,26.62974802700046,59.25703834674037,1578,3125.45458984375,3196.0,0.3523990736164228,0,99,1.0,0.21053392542195198,0.14525062367698263,0.275817226183596,0.9904904613001105,0.7760259410583787,0.7339842604911267,0.3935360654671452,0.6345154223388835,0.9811600815339765,0.6340215590266788,0.5797591906526076,0.24497037064301225,0.4862503734407662,0.9700943225531409,1.9948966240008303,197.50396850630793,394,1129.69140625,3196.0,0.5412113837114328,0.37591569962121113,61,0,0.7065070678016546,61,0,1.523477708999053,35.33329717199922
185,18315,0.0001275628799953855,0.00012657274004083732,0.5638474185530661,65,120,False,33.77993630099991,0.08292759047450524,0.041423136521843755,0.12443204489459858,0.9939684120852809,0.876868637722186,0.8781669911618011,0.7616463980625068,0.8388940089821646,0.9880091480482809,0.780735599746601,0.782796534103819,0.6150475896955896,0.7261932411820032,0.9840925673568204,26.63791814600154,59.23886361355399,1578,3125.45458984375,3196.0,0.44148622091972467,0,99,1.0,0.2084170278861438,0.14114918189151637,0.27568487278398524,0.9905977043063292,0.7771078027297941,0.7402679298132411,0.3989292398076422,0.6387683241168924,0.9813705680405463,0.6354671364037554,0.5876391871991432,0.2491640280531471,0.4907567838853486,0.9703090299809645,1.9305000759995892,204.0921960575379,394,1129.69140625,3196.0,0.5455163386531352,0.3770187771426078,61,0,0.7140139001636625,61,0,1.4316310979993432,35.21748566600036
186,18414,0.00012657274004083732,0.00012558173870916842,0.5638474185530661,65,121,False,33.68575994300045,0.08329312822513556,0.04129126435676908,0.12529499232013566,0.9939409206442423,0.8759878442468405,0.8790154404889157,0.7606081245095105,0.838537136415089,0.9879548239659293,0.7793401875265958,0.7841458948125895,0.6136946187488116,0.7257269003626656,0.9840386104221126,26.613151450999794,59.293992404673226,1578,3125.45458984375,3196.0,0.4823742316226767,0,99,1.0,0.20496024040098723,0.1344116663342805,0.275508813370908,0.9906580517032488,0.7780865185171543,0.7451024634163206,0.4049973731460473,0.6427287850265073,0.9814890319132865,0.6367770961761647,0.5937556188410252,0.25391643018474547,0.4948163817339785,0.9704224252458756,1.9359939260011743,203.51303519521528,394,1129.69140625,3196.0,0.5521475941833712,0.3853918938616649,61,0,0.7189032945050775,61,0,1.442383132998657,35.13397189300122
187,18513,0.00012558173870916842,0.00012458986768498626,0.5638474185530661,65,122,False,33.563082399999985,0.08350392612327641,0.04147529086931426,0.1255325601732474,0.9939556154996358,0.8753982294168283,0.8784504780474734,0.7598378523527708,0.8378955199390242,0.9879838611626147,0.7784073014244707,0.7832471601594218,0.61269234333131,0.7247822683050674,0.984001594804539,26.412867597000513,59.7436077019975,1578,3125.45458984375,3196.0,0.4583752593307784,0,99,1.0,0.20855194958030876,0.1386333517162933,0.27847054593151593,0.990398561434747,0.7698407706374999,0.7409608969438574,0.40023108415129344,0.6370109172442169,0.9809797446824211,0.6258057918538326,0.5885130137302945,0.250180560571127,0.48816645538508463,0.9695253323782519,1.9570260430009512,201.3258849615669,394,1129.69140625,3196.0,0.5443926474577451,0.3785265009863593,61,0,0.7102587939291308,61,0,1.6734461409996584,35.242606940999394
188,18612,0.00012458986768498626,0.00012359711849829007,0.5638474185530661,65,123,False,33.67849377699895,0.08299487051099577,0.041514270215357814,0.12447547058000008,0.9939507232298352,0.8781786485769508,0.8768626417845272,0.7614931533782201,0.8388448145798995,0.9879741938892189,0.7828150600476327,0.7807260931804051,0.614847754338469,0.7261296358555023,0.9840775986588046,26.59823228499954,59.32725088989978,1578,3125.45458984375,3196.0,0.4787543870583929,0,99,1.0,0.2078368116907662,0.13839885864766116,0.2772747641287479,0.9905342577603129,0.7737238324912661,0.7369399017204518,0.4154304894565817,0.6420314078894331,0.9812460357125432,0.6309539832802429,0.5834559279675287,0.2621724617900242,0.49219412434593196,0.9696232364867544,1.9452971330010769,202.5397525735118,394,1129.69140625,3196.0,0.5491910283536786,0.3911375164878044,61,0,0.7072445402195527,61,0,1.5098414460007916,35.19374514300034
189,18711,0.00012359711849829007,0.00012260348252018965,0.5638474185530661,65,124,False,33.519559903999834,0.08297932855265525,0.041476360622543194,0.12448229635056433,0.9939324790306882,0.8757596073569965,0.8786585437365299,0.7576916485306926,0.837369933208073,0.9879381436278432,0.7789789560025969,0.7835780429133447,0.6099062665356414,0.7241544218171944,0.9839558377767545,26.422139476000666,59.72264287807971,1578,3125.45458984375,3196.0,0.484727621229008,0,99,1.0,0.20170538274921138,0.12980268691396954,0.2736080810049464,0.9905634520991375,0.7777949035296174,0.7382063359305072,0.40314593321652514,0.63971572422555,0.9813033361621671,0.6363865653774629,0.5850452074308806,0.2524626023144228,0.4912981250409221,0.9699951791521256,2.0180274190006458,195.24016189785672,394,1129.69140625,3196.0,0.5508821437228655,0.38583659923935465,61,0,0.7159276882063762,61,0,1.5260655759993824,35.05145578799966
190,18810,0.00012260348252018965,0.00012160895095846534,0.5638474185530661,65,125,False,33.52663336200021,0.0807657838717613,0.04077688650392156,0.12075468072495382,0.9939989408088177,0.878960282136272,0.8789505262549155,0.7646992939057071,0.8408700340989649,0.9880694773899996,0.7840581097440806,0.7840425840606391,0.619038983895259,0.7290465592333263,0.9842508023531567,26.475412949999736,59.602469769976366,1578,3125.45458984375,3196.0,0.3934774004449748,0,99,1.0,0.20700290262094004,0.13970680875221486,0.27429899769991184,0.9906366294259127,0.7774139409307331,0.7422465156859382,0.3936815809009816,0.637780679172551,0.9814469776751226,0.6358766609219842,0.5901367199079838,0.2450831517712391,0.49036551086706903,0.9703863308514435,1.945813841999552,202.48596833657982,394,1129.69140625,3196.0,0.5390065218881454,0.3697275831835012,61,0,0.7082854605927895,61,0,1.5515389249994769,35.08411034100027
191,18909,0.00012160895095846534,0.00012061351485296296,0.5638474185530661,65,126,False,33.54619498400098,0.08104774875257102,0.0406188498733917,0.12147664747121821,0.9939977791296986,0.8793568391390856,0.8772505925524984,0.7664461783398208,0.8410178700104683,0.9880671816706152,0.7846894264393093,0.7813413988317046,0.6213317691386165,0.72912086480321,0.9842525815782438,26.4988500620002,59.54975390659985,1578,3125.45458984375,3196.0,0.35476331548257306,0,99,1.0,0.20723685259141292,0.14426119965950246,0.2702125110450735,0.9907185006032072,0.7786489800667723,0.7489364491972377,0.38911718688169294,0.6389008720485676,0.9816077092419906,0.6375308714355858,0.5986398122754613,0.24155524145698068,0.49257530838934255,0.9705821390684486,1.9159011619995,205.6473516560782,394,1129.69140625,3196.0,0.5425915865129267,0.3680158416444216,61,0,0.7171673313814317,61,0,1.516723730999729,35.06881538400012
192,19008,0.00012061351485296296,0.0001196171650708153,0.5638474185530661,65,127,False,33.61373004400048,0.07932805464483789,0.03971825835161638,0.11893785084835024,0.9941115642941243,0.8809932529210069,0.8816317411929612,0.771367090547862,0.84466402822061,0.988292069981412,0.7872993216713963,0.7883197097648283,0.6278255161599275,0.734481515865384,0.9845808486068204,26.536873285000183,59.46442834664909,1578,3125.45458984375,3196.0,0.3344426161111003,0,99,1.0,0.20679011313140694,0.14189838326824497,0.2716818423894456,0.990606773744044,0.7774881640227124,0.744590649708812,0.3949736157381514,0.6390174764898919,0.981388370732787,0.6359759808797114,0.5931058658565085,0.2460854348633027,0.4917224271998409,0.9705452701161961,1.933962983001038,203.72675354344594,394,1129.69140625,3196.0,0.5415176957057732,0.3710684577447997,61,0,0.7119669336667469,61,0,1.3561685750009929,34.975222363000285
193,19107,0.0001196171650708153,0.00011861989230148186,0.5638474185530661,65,128,False,33.68524725899988,0.07880015293530487,0.039169848852888864,0.11843045661166895,0.9940806163597633,0.8818892859423072,0.8840510454710108,0.7730021168296795,0.8463141494143325,0.9882308985461329,0.7887316299312405,0.7921966698236156,0.6299946621198681,0.7369743206249081,0.9846631184276973,26.594242858000143,59.336150625747266,1578,3125.45458984375,3196.0,0.36860504806643785,0,99,1.0,0.20633592021646838,0.13698606556139623,0.2756857690472288,0.9906670004205731,0.7798483956465864,0.7515550128185902,0.39364072262314137,0.6416813770294393,0.9815065997380136,0.6391405730764464,0.6019928955903467,0.24505148267076718,0.49539498377918684,0.9707136589863579,1.8961974829999235,207.78426484179437,394,1129.69140625,3196.0,0.546405797467105,0.3699917938928468,61,0,0.7228198010413632,61,0,1.5670163310005591,35.25826143700033
194,19206,0.00011861989230148186,0.00011762168705159875,0.5638474185530661,65,129,False,34.027800735999335,0.07777273837188955,0.03903004061548731,0.1165154363926977,0.9941245490961994,0.8821382472632847,0.8825087669244076,0.7757512323109454,0.8467994154995461,0.9883177367565312,0.7891300020809019,0.789723212857376,0.6336549015077119,0.7375027054819966,0.9847245403720096,26.847639376999723,58.77611725341733,1578,3125.45458984375,3196.0,0.31588651856990774,0,99,1.0,0.20395945821921838,0.1335487029122822,0.27437021110566134,0.9906536553187041,0.7742868925541008,0.7487707459157041,0.40591545429590997,0.642991030921905,0.9814804011912343,0.6317032002435989,0.598428100583124,0.25463859830384433,0.4949232997101891,0.9702624016001745,1.975958625000203,199.3968876751959,394,1129.69140625,3196.0,0.5525715218264116,0.3847262590921418,61,0,0.7204167845606813,61,0,1.396031997001046,35.42977649799832
195,19305,0.00011762168705159875,0.00011662253963962903,0.5638474185530661,65,130,False,33.975433116000204,0.07883713628591542,0.03937112783165637,0.11830314516983408,0.9941027608791628,0.8809405574656654,0.8833235945700147,0.7722259970301355,0.8454967163552718,0.9882746688399475,0.7872151594294212,0.7910291560515993,0.6289642842756051,0.7357361999188753,0.9846227377539805,26.79946324499906,58.881776309249936,1578,3125.45458984375,3196.0,0.3502095720984719,0,99,1.0,0.20834192966446657,0.14421519100060923,0.27246867037061506,0.9905979495883023,0.7740531781488469,0.7421762626318364,0.3997150315042015,0.638648157428295,0.981371049508245,0.6313921324744277,0.5900479062231295,0.24977740800747325,0.4904058155683435,0.9701601599678775,1.9653063800014934,200.4776476631092,394,1129.69140625,3196.0,0.5418414861569236,0.37243113874682526,61,0,0.711251833567022,61,0,1.54819508699984,35.52953880200039
196,19404,0.00011662253963962903,0.00011562244019030437,0.5638474185530661,65,131,False,33.98617705600009,0.07750396139645908,0.03937619507633839,0.11563172727747713,0.9941275418928792,0.8819164613579796,0.8847514321791959,0.7721860073153718,0.8462846336175157,0.9883236526464365,0.7887751056858597,0.793322186378594,0.6289112291569336,0.7370028404071292,0.9847103839289251,26.789946111999598,58.902694070489055,1578,3125.45458984375,3196.0,0.3334310245935363,0,99,1.0,0.20347558476295569,0.13794035835163243,0.26901081196850324,0.9905878074533945,0.7762905259592698,0.7445355089378267,0.41984653727224636,0.646890857389781,0.981351141553264,0.6343748597417752,0.593035895669116,0.26569984952441433,0.4977035349784351,0.9701174043761898,1.993612887999916,197.6311461325267,394,1129.69140625,3196.0,0.5523024554497592,0.3903559792655618,61,0,0.7142489316339565,61,0,1.5587353229984728,35.55039830299938
197,19503,0.00011562244019030437,0.00011462137862884698,0.5638474185530661,65,132,False,33.831864417999896,0.07790844182097867,0.03924360508701194,0.11657327838497017,0.9941444108783279,0.8819468998561014,0.8836927083568822,0.7732282555829425,0.8462892879319753,0.9883569983902257,0.7888238042921135,0.7916213707214571,0.6302951295559617,0.7369134348565107,0.9847238828323035,26.69466722799916,59.112930178986744,1578,3125.45458984375,3196.0,0.3682197117143207,0,99,1.0,0.20866188709505923,0.14319227465669515,0.27413149669690784,0.9906350523266815,0.7790859021672885,0.7486335637236473,0.3870385739544618,0.6382526799484659,0.9814438817299816,0.6381168859875334,0.5982528714381457,0.2399552572706935,0.49210833823212413,0.9703898938174175,1.9761838550002722,199.3741619754027,394,1129.69140625,3196.0,0.5398747731977989,0.3642345599170859,61,0,0.7155149864785117,61,0,1.3855891219991463,35.223379332999684
198,19602,0.00011462137862884698,0.00011361934467496179,0.5638474185530661,65,133,False,34.27695435200076,0.07665097629427155,0.03862000510795337,0.11468194772610948,0.9941706130872994,0.883126763322265,0.8852461386254907,0.7795285976403973,0.8493004998627177,0.9884087957887303,0.7907135154829431,0.7941180284712969,0.638711071913109,0.7411808719557831,0.984915691032458,26.965827575999356,58.518508121163016,1578,3125.45458984375,3196.0,0.3223698971548466,0,99,1.0,0.21026125641038576,0.14876563136045098,0.2717568801744335,0.9905574910834151,0.7776412499943739,0.7426150449120983,0.39805191017789443,0.6394360683614555,0.9812916360601469,0.6361808675160174,0.5906027759495367,0.2484799056267158,0.49175451636408996,0.9701164749068052,2.0311318730000494,193.98051167305493,394,1129.69140625,3196.0,0.5409254125746925,0.36773997667324765,61,0,0.7141108484761373,61,0,1.5634480259996053,35.84638370200082
199,19701,0.00011361934467496179,0.000112616327836587,0.5638474185530661,65,134,False,33.82081440900038,0.07824291209530922,0.039622274462336675,0.11686354919946995,0.9941350980874902,0.8804803810493897,0.8828015917971216,0.7744097745158348,0.8458972491207821,0.988338589205452,0.7864805280274715,0.7901923107975004,0.6318668005123057,0.7361798797790926,0.9846635438945659,26.68919419700069,59.125052197242226,1578,3125.45458984375,3196.0,0.3905887126621574,0,99,1.0,0.2072623745741578,0.14542387562052247,0.26910087322523146,0.9906481781143552,0.7813188149308979,0.741582336026493,0.40518316354139705,0.642694771499596,0.9814696487728651,0.6411183043632493,0.589297462406015,0.25406250691529775,0.4948260912281874,0.9705180056809168,1.9524114820014802,201.80172245048357,394,1129.69140625,3196.0,0.5470101797467176,0.3833579259772529,61,0,0.7106624335161823,61,0,1.433746124001118,35.26058809099959
200,19800,0.000112616327836587,0.00011161231740339044,0.5638474185530661,65,135,False,34.41118140300023,0.07977534855122198,0.04028775898033826,0.11926293893420953,0.9940583659750774,0.8795547831185019,0.8811850263054318,0.7688917998737262,0.8432105364325534,0.9881869209426211,0.7850047194333523,0.7876056783505221,0.6245525777465064,0.7323876585101269,0.9844451633545231,26.93960897299985,58.575460452360176,1578,3125.45458984375,3196.0,0.5267169675742737,0,99,1.0,0.20782355033806738,0.1440506420916107,0.2715964570717158,0.9905358058877969,0.7792548677973005,0.7377687326549491,0.4041731908621115,0.6403989304381205,0.9812490741773628,0.6383436208270774,0.5844956877092384,0.25326883127151967,0.49203604660261185,0.9700940127300127,1.9579248520003603,201.23346388777924,394,1129.69140625,3196.0,0.5469960918057328,0.3818699740707566,61,0,0.7121222095407089,61,0,1.5597495080000954,35.97615827899972
201,19899,0.00011161231740339044,0.00011060730243999958,0.5638474185530661,65,136,False,34.0748074309995,0.07959347795246521,0.04007745492632096,0.11910950085584956,0.994108719408768,0.8812579611505318,0.8808921524696087,0.7675414006737179,0.8432305047646195,0.9882864466470586,0.7877222188386084,0.7871378566538795,0.6227725629836904,0.7325442128253927,0.984505695686292,26.88837827700081,58.68706486287999,1578,3125.45458984375,3196.0,0.41743905270340464,0,99,1.0,0.21146192322225135,0.1437686300141557,0.2791552138963932,0.9905596413094161,0.7774436294854872,0.7490858766115522,0.38384826331069744,0.6367925898025789,0.9812958564430103,0.6359163865452684,0.5988307771139759,0.23750756478906687,0.49075157614943715,0.9705542549869131,1.9746348509997915,199.53056120756253,394,1129.69140625,3196.0,0.5394059000941608,0.35774313930010154,61,0,0.72106866088822,61,0,1.400301642001068,35.480948522999824
202,19998,0.00011060730243999958,0.00010960127177895077,0.5638474185530661,65,137,False,33.87609741800043,0.0783597145168198,0.039460245066609216,0.11725918355625695,0.9941218154834388,0.8812577146441652,0.8841541043372587,0.7723862838509639,0.8459327009441292,0.9883123332287274,0.7877218249275939,0.7923621960469082,0.6291769745567047,0.7364203318437356,0.9846778550528755,26.79734954199921,58.88642074570908,1578,3125.45458984375,3196.0,0.35809537971561606,0,99,1.0,0.20767099141772025,0.13921212597849406,0.2761298574620697,0.9906002320480649,0.7794918288965935,0.7500482771435962,0.4087071179069606,0.6460824079823835,0.9813755297942912,0.6386617044864927,0.6000617971305143,0.25683965692687893,0.498521052847962,0.9705149074496352,1.919967641000767,205.21179190011287,394,1129.69140625,3196.0,0.5520968225634486,0.38557583454041455,61,0,0.7186178105864826,61,0,1.5587745209995774,35.440753279999626
203,20097,0.00010960127177895077,0.00010859421401334315,0.5638474185530661,65,138,False,34.03913095700045,0.07876159330058007,0.03957652168393286,0.11794666489834114,0.994147508738006,0.8811652865902274,0.8821915577070986,0.7726452433680441,0.84533402922179,0.9883631222016437,0.7875741394408283,0.789215329146652,0.6295207145229124,0.7354367277034642,0.9846568911398923,26.888308481000422,58.687217201298935,1578,3125.45458984375,3196.0,0.45740931970302506,0,99,1.0,0.21121878279042122,0.14724880695191736,0.27518875843982404,0.9906165485761201,0.7781457104466055,0.7424014052794742,0.4046852434953479,0.6417441197404758,0.9814075584246141,0.6368563887687697,0.5903325658887659,0.2536710964687725,0.49362001704210273,0.9705565786603744,1.9773840199995902,199.25315265776328,394,1129.69140625,3196.0,0.5468008651702526,0.38044287794086973,61,0,0.7131588523996355,61,0,1.5471707060005429,35.592409795001004
204,20196,0.00010859421401334315,0.0001075861174891823,0.5638474185530661,65,139,False,33.88993761299935,0.0771130077606976,0.038614890511007215,0.11561112499622338,0.9942059225261134,0.8838915107750043,0.8842760627436672,0.777869900813326,0.8486791581106657,0.9884786009310399,0.7919404962045953,0.7925581169461892,0.6364869839397601,0.7403285323635148,0.9849224985023566,26.72829466499934,59.038558942048354,1578,3125.45458984375,3196.0,0.3374943445728283,0,99,1.0,0.20812879449824997,0.14592230543116022,0.27033528950311203,0.9905801812121487,0.7791553380460395,0.7430162659123055,0.41306199605596333,0.6450778666714362,0.9813361722991274,0.6382100543397571,0.5911104859694775,0.26028867859322496,0.4965364063008199,0.9704795876130234,2.0031091399996512,196.69422505858498,394,1129.69140625,3196.0,0.5492897149160535,0.3868012110627631,61,0,0.7117782187693439,61,0,1.327880761000415,35.22305241899994
205,20295,0.0001075861174891823,0.00010657697029739643,0.5638474185530661,65,140,False,33.69918740399953,0.07609336748624784,0.03830165859354313,0.1138850758831915,0.9942026833609722,0.8837761114492596,0.8855316424881211,0.7785916969230551,0.8492998169534786,0.9884721970458219,0.7917552388138893,0.7945776445956048,0.6374540724519754,0.7412623186204899,0.9849567679246871,26.54454985099983,59.44723149790249,1578,3125.45458984375,3196.0,0.3467916789078953,0,99,1.0,0.2091262028150752,0.14173700354123478,0.27651540269403896,0.9906038695327286,0.7757769910033835,0.7473291005521493,0.40157015075553265,0.6415587474370218,0.9813826699277681,0.6336892749950983,0.5965885380442343,0.25122788525586126,0.49383523276506464,0.9704047653275698,1.9323062069997832,203.9014306183638,394,1129.69140625,3196.0,0.5472786694737497,0.3806975008548664,61,0,0.7138598380926329,61,0,1.5670484509992093,35.272290945998975
206,20394,0.00010657697029739643,0.00010556676026550764,0.5638474185530661,65,141,False,33.81269304899979,0.07576863301495333,0.03807901918264849,0.11345824641759858,0.9942736840077353,0.8849721835927149,0.8885046099915525,0.7806169992469879,0.8513645976104184,0.9886125760036117,0.7936772254204123,0.7993776834151329,0.6401737589952701,0.744409555943605,0.9851552675583215,26.684127156000613,59.13627943588727,1578,3125.45458984375,3196.0,0.31140620961333765,0,99,1.0,0.20772889990189353,0.14297469387653516,0.2724831058137913,0.9906041285851607,0.7770827227432591,0.747089025562873,0.40259106384260795,0.6422542707162467,0.9813831784319279,0.6354335957101024,0.5962826097029795,0.25202755207508165,0.4945812524960545,0.9706245848370082,1.9392261989996769,203.1738227357074,394,1129.69140625,3196.0,0.5466727643794005,0.37549326485398915,61,0,0.7178522639048118,61,0,1.4711709710009018,35.289922417001435
207,20493,0.00010556676026550764,0.0001045554749489401,0.5638474185530661,65,142,False,33.972444356999404,0.07502087945984948,0.03781321514468683,0.11222854466266052,0.9942679279107445,0.8844688692413899,0.8876901540572073,0.7852018803225563,0.8524536345403845,0.9886011945957971,0.7928679396333048,0.7980601424100513,0.6463640893114365,0.7457640571182642,0.9851962670929381,26.837234298000112,58.79890537444804,1578,3125.45458984375,3196.0,0.31101339543708645,0,99,1.0,0.2103287220606344,0.14332710872144264,0.2773303326767713,0.990592440379116,0.778913915845984,0.7479345846630966,0.38988444355704194,0.6389109813553742,0.9813602354545128,0.637886162125601,0.5973606294858355,0.24214687076148034,0.49246455412430556,0.9706180785513167,1.9811052820004988,198.8788801785148,394,1129.69140625,3196.0,0.542830244537521,0.3665775959975844,61,0,0.7190828930774578,61,0,1.5505435340000986,35.52901464199931
208,20592,0.0001045554749489401,0.00010354310162194436,0.5638474185530661,65,143,False,33.78529177500059,0.07505289532234763,0.03783817834802756,0.11226761243831371,0.9942898533303896,0.8851431494779923,0.8878551692555322,0.7834976019297634,0.8521653068877626,0.9886445479574417,0.7939522899855198,0.7983269307300592,0.6440575893419053,0.7454456033524948,0.9852077933771982,26.69836697500068,59.10473855863837,1578,3125.45458984375,3196.0,0.29596858840398116,0,99,1.0,0.2085023839310341,0.14063816589449868,0.27636660136244623,0.9906464844105443,0.7798436943640497,0.7460569850578553,0.39508563456172424,0.6403287713278764,0.9814663238498884,0.6391342574405597,0.5949688113157817,0.24617240836636964,0.4934251590409037,0.9706631578164657,1.9748084519997064,199.5130209216152,394,1129.69140625,3196.0,0.5444541937618128,0.3712354291277693,61,0,0.7176729583958564,61,0,1.7222459869990416,35.512887073000456
209,20691,0.00010354310162194436,0.00010252962726811745,0.5638474185530661,65,144,False,34.2293765430004,0.0737128192027712,0.03733423766792198,0.11009140184245937,0.9943454463983871,0.8870028314015311,0.8887488494970336,0.7840100692734845,0.8532539167240164,0.9887544811856877,0.7969497644980365,0.7997731647744747,0.644750461712346,0.7471577969949523,0.9853539992647933,27.0498490530008,58.33673958431732,1578,3125.45458984375,3196.0,0.4311490155229665,0,99,1.0,0.2122650370379995,0.14691352912314654,0.27761654707078404,0.9906158450827366,0.7770099707527653,0.7451632851379605,0.39954720071291805,0.640573485534548,0.9814061774765374,0.6353363086950304,0.5938328679041607,0.24964635063957863,0.49293850907958986,0.9706575810001586,1.9639167839995935,200.6194983463625,394,1129.69140625,3196.0,0.5467143720688049,0.3777587814938284,61,0,0.7156699626437815,61,0,1.560538567000549,35.79591770499974
210,20790,0.00010252962726811745,0.00010151503857049495,0.5638474185530661,65,145,False,34.02034110999921,0.07616904755660034,0.03829933849313262,0.11403875591183797,0.9942544032182168,0.8847566949447878,0.8859452993833048,0.7792711705175975,0.8499910549485633,0.9885744530223783,0.7933306489573467,0.79524398478179,0.6383655007541797,0.7423133781644388,0.9850534649402923,26.870007402998453,58.72718888138115,1578,3125.45458984375,3196.0,0.4498843020863003,0,99,1.0,0.21060426457581785,0.14558932926449072,0.27561919595384354,0.9906477927733504,0.7794690980955803,0.7459406313875223,0.39774818533424244,0.6410526382724483,0.9814688923059944,0.6386311865429696,0.594820827512217,0.24824324222545247,0.49389841876021306,0.9706253593948286,1.9763994450004247,199.35241380312942,394,1129.69140625,3196.0,0.545613143376093,0.37598165242731907,61,0,0.715244634324867,61,0,1.3264871119990858,35.35271713799921
211,20889,0.00010151503857049495,0.00010049932190119189,0.5638474185530661,65,146,False,34.13668730900099,0.07409254181067754,0.03734385842133989,0.11084122503476149,0.9943561988732743,0.8864427613098116,0.8889257716131511,0.7836704195772053,0.8530129841667226,0.9887757452083882,0.7960459781595797,0.8000597519967396,0.6442911791266331,0.7467989697609841,0.9853361683351156,26.965046720999453,58.52020270267538,1578,3125.45458984375,3196.0,0.3115069515476323,0,99,1.0,0.2113388062733684,0.14437761902809143,0.278299989963546,0.9906335635817981,0.7773157073349858,0.7396509468993687,0.4040484223060131,0.6403383588467891,0.9814409592388682,0.6357452303903535,0.5868619848443779,0.2531708530216364,0.49192602275212255,0.9704149894907995,1.956209829000727,201.40988668953958,394,1129.69140625,3196.0,0.5444674046952367,0.3786872090868197,61,0,0.7102476003036537,61,0,1.678320299999541,35.82102571900032
212,20988,0.00010049932190119189,9.948246331056615e-05,0.5638474185530661,65,147,False,34.27850493199912,0.07583997423639013,0.038261387331932975,0.11341856132970865,0.9942890376330804,0.8851958809199473,0.8869853820435855,0.7819218882972113,0.8513677170869146,0.9886429350367644,0.7940371458713478,0.7969215927030345,0.6419308259337644,0.7442965215027155,0.985179325775804,27.06584389800082,58.302264874754435,1578,3125.45458984375,3196.0,0.4372658937266379,0,99,1.0,0.21263918689059727,0.14992225692054342,0.2753561137593942,0.9905105379903693,0.7775784570768023,0.7403269622767367,0.38899218581091516,0.635632535054818,0.9811994827747093,0.6360968207557645,0.5877135892459886,0.24145890689345778,0.48842310563173696,0.9704772639395621,1.9865305720013566,198.3357344473483,394,1129.69140625,3196.0,0.5385838476225713,0.3666821530357715,61,0,0.710485542209371,61,0,1.599400611999954,35.88347802099997
213,21087,9.948246331056615e-05,9.846444851587612e-05,0.5638474185530661,65,148,False,34.0191560960011,0.07412528677245056,0.03741597507918591,0.1108345982390816,0.9943441461514086,0.8868417576847996,0.8893368815314481,0.7861835199543334,0.854120719723527,0.9887519098567434,0.7966897463206157,0.8007260408157952,0.6476955395470949,0.7483704422278352,0.9853936063623852,26.838661199000853,58.79577927898824,1578,3125.45458984375,3196.0,0.3046128423226,0,99,1.0,0.20775041324535604,0.1413927051394724,0.274108120859577,0.990622400551688,0.7783572419123832,0.7444251839256862,0.4131607397196021,0.6453143885192238,0.9814190458487738,0.6371398158417758,0.5928959185827012,0.260367102113793,0.49680094551275666,0.9703895839942893,1.963953902000867,200.61570671215586,394,1129.69140625,3196.0,0.5497343326613107,0.38558836078207637,61,0,0.7138803045405451,61,0,1.560024082000382,35.585200845000145
214,21186,9.846444851587612e-05,9.744526288940398e-05,0.5638474185530661,65,149,False,34.03651100600109,0.0738970332310378,0.037272151899541736,0.11052191443505245,0.9943027998832924,0.8880744768125177,0.8879233219914833,0.7854592335775885,0.8538190107938632,0.9886701481995843,0.7986816187713133,0.7984371397676978,0.6467129431079216,0.7479439005489775,0.9853436720235266,26.882030620001387,58.7009226462937,1578,3125.45458984375,3196.0,0.2846671242003489,0,99,1.0,0.21199877393729796,0.14345289785698587,0.2805446508118344,0.9906376165455506,0.7771904844905526,0.7463600583992631,0.3859746899856427,0.6365084109584861,0.9814489154580786,0.6355777205141876,0.5953544025138967,0.23913794138842182,0.490023354805502,0.9704061595316466,1.9709367380000913,199.90494489426973,394,1129.69140625,3196.0,0.5403537470631955,0.36542098143229745,61,0,0.7152865126940935,61,0,1.5995847510002932,35.6421403660006
215,21285,9.744526288940398e-05,9.642489144601234e-05,0.5638474185530661,65,150,False,34.27436810900144,0.0729253514184698,0.037020948591567716,0.10882975440590403,0.9943757410071925,0.8886209959803427,0.8900648272147792,0.788747732680864,0.8558111852919953,0.9888143927664582,0.7995661180986513,0.8019070383915226,0.6511836996818169,0.7508856187239968,0.9855321538463443,26.958668849001697,58.53404739078705,1578,3125.45458984375,3196.0,0.33560588489277193,0,99,1.0,0.21011612689132012,0.14758507926300699,0.2726471753138576,0.9906231973325825,0.7787913213186971,0.7455499913912161,0.40318891797814566,0.6425100768960196,0.9814206099394438,0.6377217382369562,0.5943241948860517,0.2524963175153036,0.49484741687943723,0.9704197917492862,2.0363335929996538,193.48499742599247,394,1129.69140625,3196.0,0.5464203677997495,0.38289807122630093,61,0,0.709942664373198,61,0,1.5812051200009591,35.861738342000535
216,21384,9.642489144601234e-05,9.540331883009983e-05,0.5638474185530661,65,151,False,34.040166680000766,0.07281786715670835,0.03674202491688638,0.10889370911323827,0.9943659572892003,0.8892378388924352,0.8890498831638683,0.7904900686904289,0.8562592635822441,0.9887950437803149,0.8005654765964993,0.8002608485210734,0.6535622802489457,0.7514628684555061,0.9855413980810361,26.920500683001592,58.617037572276516,1578,3125.45458984375,3196.0,0.32919879649022615,0,99,1.0,0.211126873789705,0.15055494800890762,0.2716987981711547,0.9906243186761179,0.7798667010547177,0.7402939927433114,0.4018112951002768,0.6406573296327686,0.9814228111547425,0.639165164764257,0.5876720349659035,0.2514166780608602,0.49275129259700695,0.9706902673401808,1.9658437540001614,200.42284601625957,394,1129.69140625,3196.0,0.5418160205858591,0.37562053464828626,61,0,0.7080115065234319,61,0,1.5421988099988084,35.587874455999554
217,21483,9.540331883009983e-05,9.438052930192e-05,0.5638474185530661,65,152,False,33.4222971399995,0.0728638191035794,0.03691229016929676,0.10881534738156882,0.9943949960305613,0.8877006767288951,0.8899964129952573,0.7903910193803466,0.8560293697014997,0.9888524739886656,0.7980771525764314,0.8017959792335831,0.6534268776472282,0.7511000031524143,0.9855432159849296,26.401414265999847,59.76952537850114,1578,3125.45458984375,3196.0,0.343510581989481,0,99,1.0,0.2081124734152392,0.1428030609025568,0.27342188865097644,0.9906587658192757,0.7815957830239683,0.7464455837969528,0.3978336221837088,0.64195832966821,0.9814904338307222,0.6414913639775622,0.5954632476649069,0.2483098058304938,0.49508813915765426,0.9708498262511898,1.9097088700000313,206.31416976138019,394,1129.69140625,3196.0,0.5472040891143787,0.3763822933877482,61,0,0.7180258848410092,61,0,1.535601540999778,34.963691241999186
218,21582,9.438052930192e-05,9.335650672322382e-05,0.5638474185530661,65,153,False,34.02723679900009,0.07189503113806474,0.03628680798377374,0.107503254188482,0.994449394199215,0.8896921562208913,0.8916562123225287,0.7921647889549515,0.8578377191661238,0.9889600667161554,0.8013022345160445,0.8044942573197343,0.6558550220352917,0.7538838379570235,0.9857281006787666,26.897826709999208,58.666449784710004,1578,3125.45458984375,3196.0,0.31643723222342407,0,99,1.0,0.21105973672140674,0.14795411234428435,0.2741653615901918,0.9906209814759418,0.7772839617637433,0.7447387930971203,0.3922773146116718,0.6381000231575118,0.9814162601917911,0.6357027612764119,0.5932938809880239,0.24399563318777293,0.49099742515073624,0.9705063873136104,1.9828000810011872,198.70888839234624,394,1129.69140625,3196.0,0.5412921855036752,0.3708019533184628,61,0,0.7117824176888876,61,0,1.4058624529989174,35.43900456499978
219,21681,9.335650672322382e-05,9.233123454218353e-05,0.5638474185530661,65,154,False,33.82829771199977,0.07340770071261433,0.037193389668475234,0.10962201188423486,0.9943850570957887,0.8876088774785656,0.8917749386654247,0.7875065573480611,0.8556301244973504,0.9888328172849236,0.7979287675962755,0.8046875763588205,0.6494934567445116,0.7507032668998693,0.9855238765818085,26.71025383400047,59.07843518848576,1578,3125.45458984375,3196.0,0.3519802927368819,0,99,1.0,0.21172903773143206,0.143922910245542,0.27953517073907225,0.9905785552377541,0.7750722604631546,0.743017861328234,0.39666381472880397,0.6382513121733975,0.9813329807660961,0.6327493740620287,0.5911125054755112,0.24739902858345977,0.49042030270699993,0.9702383903077412,1.958554898001239,201.16872925139253,394,1129.69140625,3196.0,0.544133090552605,0.3736128290485804,61,0,0.7146533520566294,61,0,1.552937894999559,35.38712411800043
220,21780,9.233123454218353e-05,9.130469577755313e-05,0.5638474185530661,65,155,False,33.60775205400023,0.07334351709587039,0.03703371493950845,0.10965331901615563,0.9944113928649277,0.8882617475752701,0.8905450236113263,0.7882597347254036,0.855688835304,0.9888849036366983,0.7989846041889341,0.8026869431962806,0.650518726921048,0.7507300914354209,0.9855647987588125,26.47069542600002,59.61309193448913,1578,3125.45458984375,3196.0,0.3933746996853087,0,99,1.0,0.21260713532491385,0.14874228343443216,0.2764719865346318,0.9905648981355014,0.7739208874205591,0.7387664752744475,0.40412762045079464,0.638938327715267,0.981306174419591,0.6312161095317694,0.585749158099175,0.2532330439636725,0.49006610386487237,0.9700184158867385,1.9320837289997144,203.92490971598997,394,1129.69140625,3196.0,0.5447552300820525,0.3804930693368555,61,0,0.7090173908272495,61,0,1.6000128579999,35.21327452100013
221,21879,9.130469577755313e-05,9.027687300201627e-05,0.5638474185530661,65,156,False,34.90877941799954,0.07202628088692446,0.03681849676959868,0.10723406539141603,0.9943985350512975,0.888447025186652,0.8896437739182697,0.7903431498501946,0.8561446496517053,0.9888594733720117,0.7992844653542851,0.801223745155805,0.6533614468866253,0.7512898857989052,0.9855670808083808,26.971727926000312,58.50570658021629,1578,3125.45458984375,3196.0,0.40247349832395113,0,99,1.0,0.20999598972083347,0.14577150533949662,0.2742204701688689,0.9906094664831218,0.7753634374233853,0.744536441756249,0.40402440997665334,0.6413080963854293,0.9813936564588929,0.6331375863807575,0.5930370793062044,0.25315199837783425,0.49310888802159875,0.9702949330286326,2.2911943569997675,171.96271403004332,394,1129.69140625,3196.0,0.5452510691950893,0.38033786261468067,61,0,0.7101642757754978,61,0,1.568669807000333,36.48262231999979
222,21978,9.027687300201627e-05,8.924774832466956e-05,0.5638474185530661,65,157,False,33.80362009000055,0.07219402082217208,0.03635828468962767,0.1080297565958799,0.9944320850471202,0.889142320464227,0.8925415031229581,0.791253561924499,0.8576457951705615,0.988925830130249,0.8004106528171991,0.8059367512551168,0.6546067371948487,0.7536513804223883,0.9856972736701917,26.63499874199988,59.24535665592888,1578,3125.45458984375,3196.0,0.3240269107951058,0,99,1.0,0.21003900680142612,0.14317096467248075,0.2769070537713578,0.9906044280330489,0.7739956493196057,0.7459784789348897,0.40190877739714254,0.6406276352172127,0.9813837662302353,0.6313155812946848,0.5948689607027546,0.25149301348551434,0.49255918516098457,0.9701155454374207,1.9555020320003678,201.48278731112353,394,1129.69140625,3196.0,0.5477440327215337,0.3816136339101323,61,0,0.7138744315329351,61,0,1.535035541999605,35.344478911001715
223,22077,8.924774832466956e-05,8.82173033725839e-05,0.5638474185530661,65,158,False,33.829521685000145,0.07143105363475657,0.03614981271354871,0.10671229468816738,0.9944728532549628,0.8898957403233257,0.8923755809231603,0.7931302874879346,0.8584672029114735,0.9890064693669804,0.8016325787115834,0.8056662218289835,0.6571797098437877,0.7548261701281183,0.9857924622123535,26.724944529001732,59.04595978815091,1578,3125.45458984375,3196.0,0.3545929097165965,0,99,1.0,0.21298952748630254,0.15257098866144414,0.27340806642462157,0.9906178561196319,0.7805279746232862,0.7416868254214845,0.3898632112981673,0.6373593371143126,0.9814101251201052,0.640054022052838,0.5894294364913725,0.24213049104510753,0.4905379831964393,0.970643948782519,1.9492760709999857,202.1263205667305,394,1129.69140625,3196.0,0.5399360180804438,0.370582283612168,61,0,0.7092897525487196,61,0,1.570406056000138,35.40586765499938
224,22176,8.82173033725839e-05,8.718551927138373e-05,0.5638474185530661,65,159,False,34.021640101998855,0.0709916004021056,0.03628716805739699,0.10569603294511863,0.9945039331270726,0.8901552315711866,0.8931603106163415,0.7915582292629325,0.8582912571501535,0.9890679495345616,0.8020538158965805,0.8069464071293793,0.6550238897982943,0.7546747042747514,0.9858164817510298,26.878366312999788,58.70892529791874,1578,3125.45458984375,3196.0,0.27675552756497357,0,99,1.0,0.20769114920935655,0.14199642776535248,0.2733858684597887,0.990659395147893,0.77990404511244,0.7451865022039486,0.40235716835495633,0.6424825718904483,0.981491669299333,0.6392153354727853,0.5938623576434193,0.25184425478920186,0.49497398263513553,0.9705604514494766,1.966441129001396,200.36196059430586,394,1129.69140625,3196.0,0.5480492685519299,0.3798440686108402,61,0,0.7162544684930197,61,0,1.5802488870012894,35.607309211998654
225,22275,8.718551927138373e-05,8.615237662477761e-05,0.5638474185530661,65,160,False,34.007647434998944,0.07094777305580968,0.035829564573004825,0.10606598167553903,0.9944713227557429,0.8904538202782265,0.8926315789473684,0.7946458867440809,0.8592437619898919,0.9890034419318424,0.8025387645438193,0.8060836501901141,0.6592634297298513,0.7559619481545949,0.9858245656215344,26.89688143100102,58.66851159113251,1578,3125.45458984375,3196.0,0.2985647265056167,0,99,1.0,0.2102362282082514,0.14225264389048978,0.27821981263947365,0.9906530609463834,0.7778126755235617,0.747771264969594,0.39822721867906175,0.6412703863907391,0.9814792343604262,0.6364103602995244,0.5971522965821712,0.2486165474422999,0.49405973477466514,0.9706826766735406,1.9529263559998071,201.74851898001572,394,1129.69140625,3196.0,0.5452797207073439,0.3736761614745432,61,0,0.7168832799401447,61,0,1.5641283419990941,35.57771676399898
226,22374,8.615237662477761e-05,8.511785549296873e-05,0.5638474185530661,65,161,False,34.08980010100095,0.07091629886657415,0.0359217077965821,0.1059108898515786,0.9944798158854957,0.8899771626756626,0.8931629604145729,0.7933654666026675,0.858835196564301,0.989020242056373,0.8017647319949872,0.8069507330086395,0.6575027024702436,0.7554060558246235,0.9858127685856305,26.883606820998466,58.697480978164094,1578,3125.45458984375,3196.0,0.29351510363395766,0,99,1.0,0.21150780798214946,0.1435292187681053,0.2794864026423033,0.990573258788639,0.7760070513627675,0.7473622403216104,0.395422169243507,0.6395971536426283,0.9813225847374552,0.6339963414223563,0.5966307773713392,0.24643377321066537,0.49235363066812027,0.9702340527839467,1.9916755890008062,197.8233815667058,394,1129.69140625,3196.0,0.5447504274592904,0.3729971241352729,61,0,0.7165037307833079,61,0,1.5744328060009138,35.669974919001106
227,22473,8.511785549296873e-05,8.408193536986846e-05,0.5638474185530661,65,162,False,33.687666984000316,0.0709702509428234,0.035791579440368294,0.10614892299297644,0.994533308010139,0.8914896656523427,0.8940631482909557,0.7958721511519045,0.8604749883650676,0.9891260604982504,0.804223143464848,0.8084215178374131,0.6609531968829218,0.7578659527283943,0.985971506406448,26.543591183999524,59.44937853590882,1578,3125.45458984375,3196.0,0.28069126018972107,0,99,1.0,0.2102091379728414,0.14375419007037496,0.27666408466506126,0.9906540331430082,0.7771429877282388,0.742362445659272,0.40597342602968417,0.6418262864723984,0.9814811429106031,0.6355141933434247,0.5902832999038655,0.2546842271383891,0.4934939067952264,0.9703424908788071,1.936717492999378,203.4370017435096,394,1129.69140625,3196.0,0.5484052698391187,0.3818579142049685,61,0,0.714952625473269,61,0,1.5507735169994703,35.244380379001086
228,22572,8.408193536986846e-05,8.304459515902905e-05,0.5638474185530661,65,163,False,33.902583946999584,0.07138230956628144,0.03607996744876881,0.10668465214650441,0.9944863044895539,0.8897741641798594,0.8938625118813992,0.792925180953098,0.8588539523381189,0.9890330772518277,0.8014352895350969,0.8080934978541824,0.6568981213436185,0.7554756362442993,0.9858163657146111,26.76748616199984,58.95211789593413,1578,3125.45458984375,3196.0,0.3773604268678511,0,99,1.0,0.21465632470731202,0.1495928610036821,0.27971978954554816,0.9905947682375074,0.7759925412314209,0.7437018422365528,0.3905643258936672,0.6367529031205469,0.9813648048047653,0.6339769710326059,0.5919787732241402,0.24267159736628482,0.48954244720767687,0.9703909781983662,1.9518621540009917,201.8585171049942,394,1129.69140625,3196.0,0.5373125432166385,0.3626699089845444,61,0,0.7119551774487325,61,0,1.5627467459999025,35.470671437999044
229,22671,8.304459515902905e-05,8.200581314820442e-05,0.5638474185530661,65,164,False,33.96398082799897,0.07176677085676422,0.03625651592971858,0.10727702611903879,0.9944765637809447,0.8900814698465453,0.8930156166101894,0.790842253790089,0.8579797800822746,0.9890138090866895,0.8019340570190181,0.8067102210381636,0.6540439047502062,0.7542293942691293,0.9857685200312896,26.820504822000657,58.83558159970123,1578,3125.45458984375,3196.0,0.4371807572215494,0,99,1.0,0.21256104232696107,0.14258462587740214,0.28253746100791216,0.9906601803551953,0.7740018449585812,0.7440714756673062,0.404366797700168,0.6408133727753518,0.9814932107838736,0.6313238252242169,0.5924473098997811,0.25342089718197297,0.49239734410199026,0.970073099668861,1.9391670700006216,203.18001790318857,394,1129.69140625,3196.0,0.548379830927234,0.3837775919152684,61,0,0.7129820699391995,61,0,1.5504361359999166,35.52063562500007
230,22770,8.200581314820442e-05,8.096556698244108e-05,0.5638474185530661,65,165,False,33.734554373999345,0.0705802192290624,0.03582653050111425,0.10533390781536453,0.9945402450842693,0.8906892519672598,0.894009541555127,0.795724030960169,0.8601409414941852,0.9891397842846762,0.8029213216826886,0.8083338646629817,0.6607489075735685,0.7573346979730796,0.9859548358409577,26.659683545000007,59.19050004237398,1578,3125.45458984375,3196.0,0.3026820415198201,0,99,1.0,0.21222514156157596,0.14959691169903364,0.2748533752817793,0.9906260293883141,0.7764624336501104,0.7452830535856889,0.4085077767665115,0.643417754667437,0.9814261693195729,0.6346044902948806,0.5939850065112569,0.2566822324375123,0.49509057641454995,0.9704091028513642,1.9589492689992767,201.12823044226852,394,1129.69140625,3196.0,0.5508531393593504,0.38455302139854686,61,0,0.717153257320154,61,0,1.420443646999047,35.16080058699845
231,22869,8.096556698244108e-05,7.992383363559117e-05,0.5638474185530661,65,166,False,33.750908671001525,0.06984096525664263,0.03530187930331031,0.1043800515215962,0.994573799994561,0.89180385085219,0.8951810076813009,0.7971710129066345,0.8613852904800418,0.9892061694723895,0.8047346595979213,0.8102512845136487,0.6627467590658893,0.7592442343924866,0.9860627110315668,26.628712807001648,59.25934202816919,1578,3125.45458984375,3196.0,0.26886944141652847,0,99,1.0,0.2100063361189692,0.1472618680088048,0.27275080562848125,0.9906620771900925,0.7787826926155671,0.7469047251219351,0.39789969219627014,0.6411957033112574,0.981496934576853,0.6377101666562037,0.596047834586731,0.24836128565616383,0.49403976229969954,0.9706436389593909,1.9783699990002788,199.15384897622707,394,1129.69140625,3196.0,0.5443051947110288,0.3724147031952985,61,0,0.7161956862267591,61,0,1.582092853001086,35.33889342100156
232,22968,7.992383363559117e-05,7.888058938013145e-05,0.5638474185530661,65,167,False,33.74276161999842,0.07071874059821716,0.035982843653708504,0.10545463805265148,0.9945072724997515,0.8903163853229557,0.8942139469650965,0.7933018533821272,0.8592773952233932,0.9890745554890209,0.8023155190788934,0.8086681365810924,0.6574153242926489,0.756132993317545,0.9858751961789053,26.646702549998736,59.21933481409597,1578,3125.45458984375,3196.0,0.3541842843547012,0,99,1.0,0.21007268471161122,0.1482732631455218,0.27187210669372286,0.9906027726057919,0.7777066623089528,0.743257952277113,0.40830052681717494,0.6430883804677469,0.9813805167298362,0.6362684294574219,0.5914164753410098,0.2565186039803865,0.4947345029262727,0.9702856383347874,1.9421864280011505,202.86415058800247,394,1129.69140625,3196.0,0.5496242182936565,0.383377883925685,61,0,0.7158705526616279,61,0,1.7595904530007829,35.507732909998595
233,23067,7.888058938013145e-05,7.783580975516103e-05,0.5638474185530661,65,168,False,33.52633180700104,0.06988581896054881,0.03554099194790474,0.10423064609595276,0.9945248343092224,0.8916453678459487,0.8943421025275274,0.7973991512425546,0.8611288738720102,0.98910929702174,0.8044766016027424,0.8088777772690705,0.6630621889768709,0.7588055226162279,0.9859899175182193,26.46179500299877,59.63314279402338,1578,3125.45458984375,3196.0,0.3229119223777694,0,99,1.0,0.21234747086684716,0.15228912400715242,0.27240581568425076,0.9905781193360638,0.7764900171304354,0.7362346298857544,0.41358000371468934,0.6421015502436264,0.9813321251611088,0.6346413417153255,0.5825722458427532,0.26070019583912807,0.4926379277990689,0.9701688350154664,1.9100879929992516,206.2732195815412,394,1129.69140625,3196.0,0.5480737458670553,0.38900151654470044,61,0,0.7071459751894101,61,0,1.5582377439986885,35.09056011300163
234,23166,7.783580975516103e-05,7.67894695324386e-05,0.5638474185530661,65,169,False,33.93893280100019,0.0701665498873429,0.03564415260658367,0.10468894750333105,0.9945240248959856,0.8909746032488671,0.8940001176358807,0.7975940097677077,0.8608562435508186,0.9891076957787124,0.8033852117895217,0.808318456350031,0.6633317001469867,0.7583451227621798,0.9859758771115534,26.643333641000936,59.22682278660673,1578,3125.45458984375,3196.0,0.34605247083336416,0,99,1.0,0.21402596640707877,0.1528228602282287,0.27522907114876105,0.9905633085887263,0.7772170740340718,0.7461893890968861,0.3878266411727215,0.6370777014345599,0.9813030544826334,0.6356132863239933,0.5951372421066125,0.24056137576596165,0.49043730139885583,0.970480517082408,2.0088471169983677,196.13239686886544,394,1129.69140625,3196.0,0.5418299931328819,0.3670468092353139,61,0,0.7166131770304499,61,0,1.3856713730001502,35.330507135000516
235,23265,7.67894695324386e-05,7.574154268030842e-05,0.5638474185530661,65,170,False,33.91603963200032,0.07061555398054449,0.03575082692696568,0.1054802811568832,0.9945745736428058,0.8919594097737491,0.8939319895034936,0.796849487027022,0.8609136287680883,0.9892077001138685,0.8049880280934654,0.8082070731818864,0.6623024122376937,0.7584991711710152,0.9860400839299153,26.763229449999926,58.961494275123975,1578,3125.45458984375,3196.0,0.3516776128248735,0,99,1.0,0.21455642278424375,0.15424243833510404,0.27487040730902385,0.9905543197476852,0.7777922937962041,0.7439230193234015,0.39703288846520496,0.6395827338616036,0.9812854115142603,0.6363830712637577,0.5922590977845004,0.2476862348629582,0.49210946797040545,0.970394386252776,1.948640009999508,202.1922971806883,394,1129.69140625,3196.0,0.5421149059446085,0.3712697379516578,61,0,0.7129600739375593,61,0,1.5570112470013555,35.47891910100043
236,23364,7.574154268030842e-05,7.469200232534808e-05,0.5638474185530661,65,171,False,33.6429408039985,0.06990763735786289,0.0356506177511052,0.10416465636970727,0.9946008446034135,0.8914801327541423,0.8940601892156473,0.7984081687567713,0.8613161635755203,0.9892596778749893,0.8042076277523509,0.8084166791875984,0.6644587188402381,0.7590276752600625,0.9860811221433381,26.520621166999263,59.50086877918125,1578,3125.45458984375,3196.0,0.3649114209293115,0,99,1.0,0.2150818258523941,0.15476186770170472,0.2754017833979602,0.9906102349702409,0.7780967388787605,0.7485230789206033,0.38694562561632045,0.6378551478052281,0.9813951649698326,0.6367907866656854,0.5981117720293263,0.2398838078624385,0.4915954555191501,0.9706445684287753,1.913756033000027,205.8778617577293,394,1129.69140625,3196.0,0.5423671357605548,0.3641576463429943,61,0,0.7205766251781155,61,0,1.3772524969990627,35.025619510999604
237,23463,7.469200232534808e-05,7.364082071155726e-05,0.5638474185530661,65,172,False,33.72229593500015,0.0693966510536855,0.03507538108185821,0.10371792024645969,0.9946127753484679,0.8925419611837724,0.8965906759818287,0.8001548885826164,0.8630958419160725,0.9892832840532675,0.8059374982169246,0.8125639837053465,0.666881817468414,0.7617944331302283,0.9861958821614584,26.65266432899989,59.20608838655691,1578,3125.45458984375,3196.0,0.2782788902822167,0,99,1.0,0.2152700486219474,0.1516319358258078,0.27890816194756984,0.9905685275719343,0.777482362674836,0.7470341837780837,0.38608535017536855,0.636867298876096,0.9813132982561373,0.6359682175023229,0.5962127410870836,0.2392229045181049,0.4904679543691705,0.9705334968373255,1.9032174599997234,207.0178570135949,394,1129.69140625,3196.0,0.5392682917108202,0.36092847018581603,61,0,0.7176081132358244,61,0,1.5408624979991146,35.2690691480002
238,23562,7.364082071155726e-05,7.258796915688809e-05,0.5638474185530661,65,173,False,33.723799277999206,0.06816930032048389,0.03488896057689598,0.1014496395494246,0.9945991049043714,0.8930433721733623,0.896524443770117,0.8028350728226901,0.8641342962553898,0.9892562357523765,0.8067555220539528,0.8124551909723927,0.6706135926614759,0.7632747685626072,0.9862472089373415,26.60286620000079,59.31691676139592,1578,3125.45458984375,3196.0,0.2477102910328393,0,99,1.0,0.21329873278358866,0.15085540299639483,0.27574205761633547,0.9906231639276939,0.7788742723149212,0.7418737765074545,0.403522609340252,0.6414235527208759,0.9814205443651881,0.6378329885747756,0.5896656175308232,0.2527581108890589,0.4934189056648859,0.9705317928101206,1.975256771000204,199.46773795919788,394,1129.69140625,3196.0,0.545584620012477,0.3786282985398462,61,0,0.7125409414851077,61,0,2.5263761969999905,36.25606429999971
239,23661,7.258796915688809e-05,7.153341800689739e-05,0.5638474185530661,65,174,False,33.810808841000835,0.06686291782272784,0.034294841530129634,0.09943099446471955,0.9946823378880525,0.8954241961190669,0.8980645766644894,0.805270632045802,0.8662531349431194,0.9894209316868534,0.8106498376779475,0.8149883901055535,0.674019283065513,0.7665525036163379,0.9864744469240138,26.69857536500058,59.10427722928675,1578,3125.45458984375,3196.0,0.28796662194560274,0,99,1.0,0.2136692602168485,0.14915098450359354,0.2781875333205092,0.9906502325429831,0.778545837343056,0.742186519392494,0.39623497933538787,0.638989112023646,0.9814736818524803,0.6373925941269377,0.5900608721684463,0.2470654829291545,0.4915063164081795,0.9704557312321542,2.0324983690006775,193.85009405627162,394,1129.69140625,3196.0,0.5427092404981914,0.3730142375352377,61,0,0.712404243461145,61,0,1.5151033550009743,35.33188206900013
240,23760,7.153341800689739e-05,7.047713658528111e-05,0.5638474185530661,65,175,False,33.83441503300128,0.06881964686403408,0.035168087442791506,0.10247120610585835,0.9946432131960543,0.8934381373118954,0.894913971984902,0.8012865716739251,0.8632128936569075,0.9893435109321239,0.8074000807704681,0.8098138509562944,0.6684554896434836,0.7618898071234153,0.9862453136758357,26.668661592000717,59.1705734671485,1578,3125.45458984375,3196.0,0.4282723937672798,0,99,1.0,0.21554556428478455,0.15843190063679885,0.27265922906737644,0.990615468842038,0.7782585799280665,0.7398852971845673,0.4010319228798513,0.6397252666641617,0.9814054389218821,0.6370076082729881,0.5871571020729033,0.2508067100389755,0.491657140128289,0.9703959353684168,1.9704542439994839,199.9538944889619,394,1129.69140625,3196.0,0.5413350894490393,0.37352342399990934,61,0,0.7091467548981693,61,0,1.450398717999633,35.29007508900031
241,23859,7.047713658528111e-05,6.941909314102494e-05,0.5638474185530661,65,176,False,33.69106459200157,0.06896545363091999,0.035176932268760654,0.1027539747239519,0.9946244694224959,0.8928376030273709,0.8955042089483395,0.79968307684678,0.86267496294083,0.9893064224978377,0.8064197316208558,0.8107810063229604,0.6662266118401637,0.7611424499279934,0.986195185942946,26.5412838609991,59.45454667016997,1578,3125.45458984375,3196.0,0.29907489936761184,0,99,1.0,0.21173192704389543,0.1501193648289303,0.27334448785951293,0.9906718321733177,0.7804605314861178,0.7419887065139611,0.4125667279250897,0.6450053219750562,0.9815160854040801,0.6399633235627697,0.589810846974082,0.2598954772982866,0.49655654927837944,0.9705502272862468,1.9544487619987194,201.5913681958464,394,1129.69140625,3196.0,0.5483143570732858,0.3852866454821435,61,0,0.7113420686644281,61,0,1.4594759150004393,35.15662461900138
242,23958,6.941909314102494e-05,6.835925479187797e-05,0.5638474185530661,65,177,False,33.88841434000096,0.0681798752345362,0.034726044746217315,0.10163370535929696,0.9946416221802854,0.8935929956425087,0.8963553047212394,0.8027472158269056,0.8642318387302179,0.9893403627245141,0.8076530536440636,0.8121774231831345,0.6704909994269409,0.763440492084713,0.9862983809979998,26.883235854000304,58.69829095611602,1578,3125.45458984375,3196.0,0.2897985704017408,0,99,1.0,0.213073612091505,0.15104630218847148,0.27510092138941517,0.9906145104341657,0.7790906849540229,0.74550416345952,0.39966233531309353,0.6414190612422122,0.981403557584583,0.6381233031420387,0.5942659526996876,0.24973625512418615,0.4940418369886375,0.9706915066326935,1.9056436569990183,206.7542893200011,394,1129.69140625,3196.0,0.5479359776839143,0.378568670688222,61,0,0.7173032846796067,61,0,1.489619945999948,35.38424848199975
243,24057,6.835925479187797e-05,6.729758746382672e-05,0.5638474185530661,65,178,False,33.695486935999725,0.0680503187033009,0.034729299313744064,0.10137133809285774,0.9946530507621681,0.8939977540317153,0.8978136864959377,0.8027100028494121,0.8648404811256883,0.9893629771455805,0.8083145918469964,0.814575245124951,0.6704390788862926,0.7644429719527467,0.9863464200753524,26.589712756000154,59.346259753931086,1578,3125.45458984375,3196.0,0.2756720383961995,0,99,1.0,0.214144643188128,0.15141128956666453,0.2768779940865367,0.9906143214962376,0.7776965056795525,0.7475028457858578,0.3961810061720497,0.6404601192124867,0.9814031867032728,0.6362548330207638,0.5968100153128616,0.24702351555673746,0.4933627879634543,0.9706753958300286,1.9526013689992396,201.7820975931895,394,1129.69140625,3196.0,0.5458619499136226,0.3728751334198574,61,0,0.7188487664073878,61,0,1.5135404030006612,35.21498803800023
244,24156,6.729758746382672e-05,6.623405582621045e-05,0.5638474185530661,65,179,False,33.721139993998804,0.0687007428310972,0.034975991177128296,0.10242549449923072,0.9946503372476289,0.8935260072458313,0.8971108114634232,0.8026763031822675,0.864437707297174,0.989357607704915,0.807543614307391,0.8134188101470097,0.6703920629948562,0.7637848291497522,0.9863251080531131,26.701768589000494,59.09720903843201,1578,3125.45458984375,3196.0,0.34958229597770807,0,99,1.0,0.21340622620534172,0.15060793831566263,0.2762045103886406,0.9906414698841927,0.7778898775430262,0.7478189699816391,0.40120159819642237,0.6423034819070292,0.981456479860068,0.6365137341135254,0.5972131441495115,0.25093945411994006,0.4948887774609923,0.9704763344701777,1.906925183999192,206.61534249272725,394,1129.69140625,3196.0,0.5478143710335731,0.3772262249194671,61,0,0.7184025171476791,61,0,1.4403773290014215,35.16686280799877
245,24255,6.623405582621045e-05,6.516862322208033e-05,0.5638474185530661,65,180,False,33.76624578100018,0.0682128524107927,0.03503427888692861,0.10139142544361726,0.994645899331448,0.8938644723370369,0.8964936719367447,0.8001939532365061,0.8635173658367625,0.9893488261200871,0.8080967024227028,0.8124046497405819,0.6669360897080399,0.7624791472904415,0.9862704548998931,26.654657982999197,59.201660025293734,1578,3125.45458984375,3196.0,0.3291204549146421,0,99,1.0,0.21125799599032716,0.14954970504729276,0.27296629063974176,0.9906491514579785,0.7810537636368607,0.7397204115934899,0.408556261059644,0.6431101454299982,0.9814715595562661,0.640761454719464,0.5869494502634832,0.25672051801949114,0.49481047433414616,0.9705124288646098,1.953472730001522,201.69209119171734,394,1129.69140625,3196.0,0.5480998398421042,0.38487050723889055,61,0,0.7113291724453179,61,0,1.3713083950005966,35.14344150499892
246,24354,6.516862322208033e-05,6.410125159336154e-05,0.5638474185530661,65,181,False,34.0101949939999,0.06653118362067166,0.03429052569869202,0.09877184158042357,0.9946879394324206,0.8950374148111045,0.8990823534933934,0.8064538970265435,0.8668578884436805,0.9894320166325662,0.8100160374734283,0.8166663113688205,0.6756788824641475,0.7674537437687988,0.9865076720185757,26.86722110699884,58.73327925190355,1578,3125.45458984375,3196.0,0.3224250978291637,0,99,1.0,0.2119971233878644,0.14943251989517115,0.2745617283933659,0.9906051785586207,0.7797892313384769,0.7414924886300878,0.4020432551491436,0.6411083250392361,0.981385239468608,0.6390610961365678,0.5891839992460254,0.2515983342131503,0.49328114319858113,0.9704681241572811,1.9770242179984052,199.28941507802907,394,1129.69140625,3196.0,0.5443661853613893,0.3771771538675834,61,0,0.7115552168551951,61,0,1.5122585429999162,35.52845049000098
247,24453,6.410125159336154e-05,6.303190140032611e-05,0.5638474185530661,65,182,False,33.81121221199828,0.06689672218340582,0.03428548596638842,0.09950795782911763,0.9947113061273829,0.895060080106809,0.898349449846723,0.80642368093573,0.8666110702964208,0.9894782585244369,0.8100531657805703,0.8154577236145637,0.6756364616616585,0.7670491170189307,0.9865168002168488,26.597071661999507,59.32983976783291,1578,3125.45458984375,3196.0,0.3367627537009692,0,99,1.0,0.21359444436082986,0.14854868002198068,0.2786402054849615,0.9905740359091472,0.7791907089565953,0.7461584565434014,0.4079336987462557,0.6444276214154174,0.9813241100859886,0.638257518740404,0.5950978897113163,0.2562290894700867,0.49652816597393573,0.9704182426336453,1.9410313810003572,202.9848686923045,394,1129.69140625,3196.0,0.549814068906724,0.3811054506339913,61,0,0.7185226871794567,61,0,1.4347775160003948,35.25195722599892
248,24552,6.303190140032611e-05,6.196053153482899e-05,0.5638474185530661,65,183,False,34.25539952899999,0.06731908468125891,0.03448946168233082,0.10014870789265602,0.9946648965956406,0.8946428221627254,0.8975062738803102,0.8036775896439,0.8652755618956451,0.9893864177500753,0.8093698942754144,0.81406928004856,0.6717901317293518,0.7650764353511087,0.9863927959640367,27.000920841999687,58.44245124949351,1578,3125.45458984375,3196.0,0.31302091404043064,0,99,1.0,0.21640967747886775,0.157084744631639,0.2757346147510606,0.9906067655115982,0.7797988297461249,0.7451865045485324,0.39912530438680444,0.6413702128938206,0.981388354572908,0.6390739894011738,0.5938623606215063,0.24931701742835305,0.49408445581701105,0.9707370506325349,1.9422451680002268,202.8580152966322,394,1129.69140625,3196.0,0.5438316047485867,0.37055056935541386,61,0,0.7171126401417595,61,0,1.3957509070005472,35.656742277000376
249,24651,6.196053153482899e-05,6.0887099226694185e-05,0.5638474185530661,65,184,False,33.975077120001515,0.06695185721166083,0.0342155686085064,0.09968814541820639,0.9947076503091271,0.8954438616864897,0.8995598932058007,0.8040053978810244,0.8663363842577715,0.9894710236430223,0.8106820745695159,0.8174546598691294,0.672248349998024,0.7667950281455563,0.9865108050018814,26.773908477000077,58.93797692464546,1578,3125.45458984375,3196.0,0.3009059096526618,0,99,1.0,0.2171435376563048,0.1543093532096916,0.27997772531763554,0.9905908307273873,0.7779374783454226,0.7441832796710365,0.3942443061658571,0.6387883547274388,0.981357075883523,0.636577478288227,0.5925890837606432,0.24551948199822374,0.4915620146823647,0.9705097953680203,1.9933330320000096,197.65889275646043,394,1129.69140625,3196.0,0.5428301961172929,0.372370445974685,61,0,0.7132899462599008,61,0,3.214521322001019,37.195949719000055
250,24750,6.0887099226694185e-05,5.981155994256576e-05,0.5638474185530661,65,185,False,34.148896886999864,0.06623602111756575,0.034048120298804135,0.0984239217333014,0.9947448758761637,0.895802486619217,0.9006700474937186,0.8073572690511239,0.8679432677213533,0.9895446956743114,0.8112701539025284,0.8192900097376109,0.6769481321609063,0.7691694319336818,0.9866311347681005,26.998953726000764,58.446709306381045,1578,3125.45458984375,3196.0,0.29238420649610386,0,99,1.0,0.21586053542376774,0.15482178073244046,0.27689928890484844,0.990653680654377,0.7795618186025198,0.7436187169336915,0.4001408064150448,0.6411071139837521,0.981480450928513,0.6387556784808809,0.5918734439586882,0.25011001469348787,0.49357971237768566,0.9706661011361833,1.9353244200010522,203.58343848096837,394,1129.69140625,3196.0,0.5449055786628683,0.37913401799184293,61,0,0.7106771393338935,61,0,1.4714615159991808,35.62622646099953
251,24849,5.981155994256576e-05,5.873386727645368e-05,0.5638474185530661,65,186,False,33.91135775699877,0.06593602054359342,0.03401783834883167,0.09785420324828084,0.9947447818223447,0.8962068492518567,0.9006819812058667,0.8078525193972549,0.8682471166183262,0.9895445095282728,0.8119336930514689,0.8193097591485358,0.6776447818258255,0.7696294113419434,0.9866536071545271,26.74068591899959,59.01120131248434,1578,3125.45458984375,3196.0,0.28253752640401475,0,99,1.0,0.21642096673474093,0.15620789847095606,0.276634037419019,0.9906133967991159,0.7812214456819697,0.7418726003231688,0.39671792655550353,0.6399373241868807,0.9814013715436323,0.6409871940346896,0.5896641314017403,0.24744112912283328,0.4926974848530878,0.9705268356400698,1.9703070479990856,199.96883247213702,394,1129.69140625,3196.0,0.5406896362489925,0.36936623408007396,61,0,0.712013038417911,61,0,1.4532734170006734,35.37044601999878
252,24948,5.873386727645368e-05,5.7653972831108705e-05,0.5638474185530661,65,187,False,33.84173336300046,0.06552177699724229,0.03357311010511807,0.09747044432374763,0.9947490790959249,0.8966566290757306,0.9019370263296177,0.8103339009874349,0.8696425187975944,0.9895530144864673,0.8126723309395537,0.8213891625129709,0.6811439795250283,0.7717351576591843,0.98673715337601,26.679595786999926,59.14632337754182,1578,3125.45458984375,3196.0,0.2594921718342136,0,99,1.0,0.21713831234099296,0.1551611418197603,0.27911548467759556,0.990625458471439,0.7790009394124567,0.7422232166163255,0.3987320493732289,0.6399854018006704,0.9814250485962038,0.6380028982476059,0.5901072641996098,0.2490101979604079,0.49237345346920786,0.9706405407281091,1.9281658500003687,204.33926884449522,394,1129.69140625,3196.0,0.5428550624401057,0.37355443420456924,61,0,0.7121556906756422,61,0,1.3875497829994856,35.234682307000185
253,25047,5.7653972831108705e-05,5.657182608925093e-05,0.5638474185530661,65,188,False,33.94463442000051,0.06590369204000224,0.03376648754485811,0.09804089747945316,0.994785542735703,0.8962183359160052,0.9008297666337897,0.8091754582424707,0.8687411869307552,0.9896251845034376,0.8119525492025255,0.8195543686395121,0.6795085504773142,0.7703384894397839,0.9867183941549825,26.759816910000154,58.96901332722874,1578,3125.45458984375,3196.0,0.25169052996418695,0,99,1.0,0.21564282537414337,0.15284750149183468,0.2784381475545428,0.9906380331928435,0.7788276720531999,0.746179845334325,0.3900335817043474,0.6383470330306241,0.9814497333661768,0.6377704884311212,0.595125100324528,0.24226193619444927,0.4917191749833662,0.9704693634497937,2.0216679770001065,194.88857937228892,394,1129.69140625,3196.0,0.5420820582553637,0.36697579320493207,61,0,0.7171883233057954,61,0,1.5388133429987647,35.48996910900132
254,25146,5.657182608925093e-05,5.548737427354929e-05,0.5638474185530661,65,189,False,33.81153723599891,0.06451863168971318,0.033159980189211014,0.09587728349239352,0.9948383749885437,0.8984365074097602,0.9027084467533218,0.8117365594891395,0.8709605045507406,0.9897297610990718,0.8156012008868936,0.822669639698199,0.683128447627873,0.7737997627376552,0.9869182088680292,26.668281222999212,59.17141741549898,1578,3125.45458984375,3196.0,0.29984024152009175,0,99,1.0,0.21672037879222542,0.15566695908907102,0.2777737941838763,0.9906038262570578,0.7773148421900088,0.7467144120116194,0.402932213162013,0.6423204891212138,0.9813825849802853,0.6357440729732042,0.595805472566036,0.2522949974213512,0.49461484765353053,0.9705172311230964,1.9524452060013573,201.7982367899169,394,1129.69140625,3196.0,0.545717377138942,0.37476557504746494,61,0,0.716669179230419,61,0,1.4951008829993953,35.31248703900019
255,25245,5.548737427354929e-05,5.440056219410236e-05,0.5638474185530661,65,190,False,33.743286203000025,0.06561774805811421,0.03363563761077302,0.09759985938838227,0.9947835255807286,0.8976544131167347,0.9007234233127948,0.8095227977231788,0.8693002113842362,0.989621191948162,0.8143130646122805,0.81937834610033,0.6799985721481634,0.7712299942869246,0.9867609408418488,26.648741070999677,59.214804774295644,1578,3125.45458984375,3196.0,0.2639876710947114,0,99,1.0,0.213253087425595,0.14988495889805295,0.2766212176550463,0.9906674130365403,0.7788267270668177,0.7464678961773864,0.3924028918024752,0.6392325050155597,0.981507409779493,0.6377692210673136,0.5954916462857648,0.24409280770755207,0.49245122502021016,0.9707389095713039,1.9338974020010937,203.73366218513445,394,1129.69140625,3196.0,0.5429932426766766,0.36977685507368724,61,0,0.7162096302796659,61,0,1.4912434990001202,35.2404280690007
256,25344,5.440056219410236e-05,5.3311332082002594e-05,0.5638474185530661,65,191,False,33.92195467700003,0.06525480301510093,0.0337032774989747,0.0968063291166974,0.9947927888336507,0.8976004677455711,0.9008987673247503,0.8131252150816749,0.8705414833839988,0.9896395268388349,0.814224282107559,0.8196685987986131,0.6850977250625727,0.7729968686562483,0.9868360937623772,26.857940576001056,58.753574032776875,1578,3125.45458984375,3196.0,0.3793156956783449,0,99,1.0,0.21655251637933218,0.15589287585867237,0.2772121558788464,0.9906381453687244,0.7783613588554138,0.7441625339473373,0.39857744680343227,0.6403671132020611,0.9814499535754786,0.6371453330308429,0.5925627750909379,0.2488896175514949,0.49286590855775864,0.9705413973270939,1.9555507040004159,201.47777257526747,394,1129.69140625,3196.0,0.5448457443003771,0.37589473480217456,61,0,0.7137967537985797,61,0,1.3857756890010933,35.312942294000095
257,25443,5.3311332082002594e-05,5.2219623407367926e-05,0.5638474185530661,65,192,False,33.671709260999705,0.06517626408426179,0.03374235274409462,0.0966101755566319,0.9947699114138553,0.8964063129825431,0.9018405849015916,0.8089394616375809,0.869062119840572,0.9895942458437533,0.8122611822881547,0.8212292063450329,0.6791757728366907,0.7708887204899595,0.9867234610786003,26.598688480999044,59.32623336399669,1578,3125.45458984375,3196.0,0.287445246721759,0,99,1.0,0.2165974749223835,0.15541921835865466,0.2777757289899787,0.990639442351455,0.7806506249929427,0.7455179411493404,0.4000144240304347,0.6420609967242392,0.9814524996491801,0.6402189897283742,0.5942834621583784,0.25001126887536623,0.4948379069207062,0.970679733353823,1.9585299070004112,201.1712961807314,394,1129.69140625,3196.0,0.5465225730448209,0.3756832748079416,61,0,0.7173618712817003,61,0,1.4910668689990416,35.168840443999215
258,25542,5.2219623407367926e-05,5.1125372679995014e-05,0.5638474185530661,65,193,False,33.566799306001485,0.06508553403940794,0.0335653353439991,0.09660573330140083,0.9947894251524004,0.8973510708901234,0.9004998048484323,0.8100809974871794,0.8693106244085783,0.9896328690167441,0.8138139413190364,0.8190083174330833,0.680786671846138,0.7712029768660859,0.9867632615702234,26.479415789000996,59.59345978680801,1578,3125.45458984375,3196.0,0.25143652311479203,0,99,1.0,0.21608112676797178,0.1542284734131116,0.2779337802362926,0.9906124754507819,0.7788598660577287,0.745270784118505,0.39911082959359895,0.6410804932566109,0.9813995629608946,0.6378136664326102,0.5939694196049495,0.24930572145246058,0.49369626916334014,0.9705042185517132,1.9536887929989462,201.66978559323317,394,1129.69140625,3196.0,0.546403453466215,0.3759056054855003,61,0,0.7169013014469297,61,0,1.356490300000587,34.92899308900087
259,25641,5.1125372679995014e-05,5.002851323052118e-05,0.5638474185530661,65,194,False,33.453431908999846,0.06395083981246247,0.033008252765100415,0.09489342738391479,0.9948524570166521,0.8986528007861767,0.9014128016576777,0.8131473595754927,0.8710709873397824,0.9897576370369079,0.815957766476969,0.8205200306519458,0.685129165895987,0.7738689876749673,0.9869286908245207,26.39750898099919,59.77836776704337,1578,3125.45458984375,3196.0,0.30132755561910496,0,99,1.0,0.2150028378981624,0.15434060245752335,0.27566507072920726,0.9906491917863707,0.7793750737155352,0.7445377470668576,0.3957585799945164,0.6398904669256364,0.9814716387255318,0.6385049632633039,0.5930387355951089,0.24669515140256362,0.4927462834203255,0.9705255963475571,1.9253024159988854,204.6431753920513,394,1129.69140625,3196.0,0.5442992238193689,0.3743233560754141,61,0,0.7142750915633236,61,0,1.4566174240007967,34.91586631500104
260,25740,5.002851323052118e-05,4.8928974969665463e-05,0.5638474185530661,65,195,False,33.47905463999996,0.06391813747669807,0.03289798778423943,0.09493828724470127,0.9948796818122533,0.8984496246642857,0.9028993904475165,0.8147618474492674,0.8720369541870232,0.9898115318234163,0.8156228210538891,0.8229868642729283,0.6874245869455274,0.7753447574241149,0.9870089493474731,26.44869646599909,59.662675702319966,1578,3125.45458984375,3196.0,0.29641013509697384,0,99,1.0,0.2170315328134498,0.15430557947170917,0.2797574840372589,0.9906697099602864,0.7792040904051944,0.7469152969072467,0.3915930410948936,0.6392374761357783,0.9815119190778541,0.6382754760898733,0.5960612998177826,0.24346639320776342,0.4926010563718064,0.9706180785513167,1.9096062239987077,206.32525965220495,394,1129.69140625,3196.0,0.5429595675177377,0.3683987165285834,61,0,0.717520418506892,61,0,1.3913986970001133,34.87589509999998
261,25839,4.8928974969665463e-05,4.782668412274938e-05,0.5638474185530661,65,196,False,33.856736174000616,0.0637249393277673,0.032758900421200596,0.09469097898977942,0.994886909322024,0.8997627344616347,0.9029873323525773,0.8141425068853605,0.8722975245665241,0.9898258400464625,0.8177897283104341,0.8231330038230655,0.6865432917635201,0.7758220079656732,0.9870477441901339,26.60739490100059,59.30682074931951,1578,3125.45458984375,3196.0,0.29382155820576833,0,99,1.0,0.21604415169222102,0.15396783130271785,0.2781204694721299,0.990637720601254,0.776981496321119,0.7433378001655574,0.40288800256193774,0.6410690996828713,0.9814491197267191,0.6352982346415302,0.5915175934021788,0.25226033190422026,0.4930253866493097,0.9703895839942893,1.9776670200008084,199.2246399496711,394,1129.69140625,3196.0,0.5464219366499248,0.3772708411539366,61,0,0.7155730321459131,61,0,1.5184195999991061,35.38126153700068
262,25938,4.782668412274938e-05,4.6721562936257846e-05,0.5638474185530661,65,197,False,33.75521371499963,0.06420456647344112,0.03289086230722444,0.09551827076005694,0.9948692915660572,0.899226981334304,0.9032590330420954,0.8137918844234429,0.8720926329332808,0.9897909627257597,0.8169049986565837,0.8235846569564358,0.686044778936535,0.7755114781831849,0.9870098002812104,26.549881938000908,59.43529254423557,1578,3125.45458984375,3196.0,0.24926105322259845,0,99,1.0,0.21669499697116426,0.15349335786957427,0.2798966339548227,0.9906390762372292,0.7788043625586207,0.7445387320568871,0.39458877050161617,0.6393106217057081,0.9814517809390234,0.6377392275903913,0.5930399854363516,0.24578672632363907,0.49218864645012733,0.9704919805381503,1.9533347910000884,201.70633411913778,394,1129.69140625,3196.0,0.5431535101198259,0.37112674805939383,61,0,0.7151802721802579,61,0,1.5080527769987384,35.26935051500004
263,26037,4.6721562936257846e-05,4.561352935268145e-05,0.5638474185530661,65,198,False,33.75264397799947,0.06358246305067428,0.03267837179817627,0.0944865544731475,0.9948838654139321,0.8999047820165728,0.9038189328942428,0.8164490756810492,0.8733909301972883,0.989819814029401,0.8180244467076028,0.824516095028527,0.6898301196045767,0.7774568871135688,0.9871049114657596,26.66943582699969,59.168855698194385,1578,3125.45458984375,3196.0,0.27362879207639984,0,99,1.0,0.21650816772492404,0.154727253514498,0.27828907921229523,0.9906447717581277,0.7786263347776428,0.7470727375890706,0.3978799099687795,0.641192994111831,0.981462961740105,0.6375005102438409,0.5962618581317525,0.24834587147647966,0.49403607995069104,0.9706893378707964,1.9325758060003864,203.87298587547423,394,1129.69140625,3196.0,0.5452579917618714,0.371312485400239,61,0,0.7192034981235039,61,0,1.5233892899996135,35.28191667499959
264,26136,4.561352935268145e-05,4.450249664925861e-05,0.5638474185530661,65,199,False,33.876968631000636,0.06285347624272297,0.03248341158221279,0.09322354136122195,0.9949482453744974,0.9008128229943514,0.903209347600317,0.8150978654929021,0.8730400120291901,0.9899472746507768,0.8195263207566714,0.8235020471994114,0.6879031117890347,0.7769771599150391,0.987160724983167,26.77751784099928,58.930032625500154,1578,3125.45458984375,3196.0,0.2946575390871125,0,99,1.0,0.21670387889528034,0.1568529845267383,0.2765547710324302,0.9906245656827352,0.7805457504406667,0.7434353794584792,0.39910196087797656,0.6410276969257075,0.9814232960333409,0.6400779288954281,0.5916411836727451,0.24929880050128306,0.4936726376898188,0.9705802801296796,1.9401433069997438,203.0777822331513,394,1129.69140625,3196.0,0.5432073687312029,0.37271410732297605,61,0,0.7137006301394299,61,0,1.2772238860015932,35.15952662000018
265,26235,4.450249664925861e-05,4.3388373035492536e-05,0.5638474185530661,65,200,False,33.80670646100043,0.06315656649409138,0.03272959666447041,0.09358353662589053,0.9949030872011846,0.8999218756414313,0.9032849252391967,0.8160161866469606,0.8730743291758628,0.9898578679649459,0.8180526961811516,0.8236277097186848,0.6892122826713355,0.776964229523724,0.9871013530155854,26.68197217099987,59.141055611889826,1578,3125.45458984375,3196.0,0.2395628872844908,0,99,1.0,0.21557028614324966,0.15410198384735185,0.27703858942247284,0.990656975584927,0.7790315934376939,0.743118241129681,0.40175551857094627,0.6413017843794404,0.98148691933451,0.638044022474827,0.5912395783336,0.2513730053437887,0.4935522020507386,0.9705671126467322,1.972302795998985,199.76648656548514,394,1129.69140625,3196.0,0.5450085807388432,0.3760842026439727,61,0,0.7139329588337135,61,0,1.3833234300000186,35.19590500900085
266,26334,4.3388373035492536e-05,4.22710612034235e-05,0.5638474185530661,65,201,False,34.12301022500105,0.0626192510656833,0.032372752523240934,0.09286574984420237,0.9949246142322371,0.8998929989957978,0.9043495527695793,0.8173870506929322,0.8738765341527698,0.9899004873870513,0.8180049742201035,0.8253997021181246,0.6911703877180327,0.7781916880187536,0.9871735663468394,26.999389726001027,58.44576547892674,1578,3125.45458984375,3196.0,0.2355586416793592,0,99,1.0,0.21508559705642274,0.15339226748435025,0.2767789248131253,0.9906115544368197,0.7796150216510812,0.7429233595272428,0.40639757692063144,0.6429786526996518,0.9813977550378197,0.6388271205253908,0.5909928922454932,0.2550181720578314,0.4949460616095718,0.9703953157221605,1.9607260709999537,200.94596885686502,394,1129.69140625,3196.0,0.5469150534240692,0.38132687668623355,61,0,0.712503230161905,61,0,1.478606464999757,35.60749911600033
267,26433,4.22710612034235e-05,4.115045782355345e-05,0.5638474185530661,65,202,False,34.0375997200008,0.06326675964625617,0.03279675429047136,0.09373676457710291,0.994867820303896,0.8993774589171566,0.9040256119493539,0.8135376605492689,0.8723135771385931,0.9897880501693702,0.8171534066822831,0.8248601626150209,0.6856835092851692,0.7758990261941577,0.9870264708467007,26.960780204000912,58.52946346730087,1578,3125.45458984375,3196.0,0.28800251191914683,0,99,1.0,0.21733099207055145,0.15673879889516057,0.2779231881580982,0.9906169600339815,0.7796694690696763,0.7424809429990991,0.39889432022831567,0.6403482440990304,0.9814083661117697,0.6389002399827628,0.5904331539673574,0.2491367842035246,0.49282339271788156,0.9706073896533947,1.9356178250000085,203.55257887749525,394,1129.69140625,3196.0,0.5432472816233729,0.37412114252603457,61,0,0.7123734207207111,61,0,1.2976743220006028,35.341248564000125
268,26532,4.115045782355345e-05,4.002645297800358e-05,0.5638474185530661,65,203,False,33.78721158600092,0.06257053960412175,0.03227613565803556,0.09286494393501293,0.9949478753708919,0.9004769808727638,0.9051346560126705,0.8199912304689342,0.8752009557847895,0.9899465420642288,0.8189705583313133,0.826708655071966,0.694902658049565,0.7801939571509481,0.9872632238197085,26.696996151998974,59.10777343696943,1578,3125.45458984375,3196.0,0.2624009617350318,0,99,1.0,0.21581005271013617,0.15680421007617476,0.27481589583576027,0.9906270976380632,0.7796418541887012,0.7443018251966167,0.4054907376260704,0.6431448056704627,0.9814282663225767,0.6388631541197215,0.5927394338318276,0.2543044102624839,0.495302332738011,0.970634963911802,1.927134974999717,204.4485752743177,394,1129.69140625,3196.0,0.5469785088633783,0.3795496633300059,61,0,0.7144073543967506,61,0,1.4735529879999376,35.266106648999994
269,26631,4.002645297800358e-05,3.8898929520877816e-05,0.5638474185530661,65,204,False,33.9037273619997,0.06312051151037518,0.032682997763572384,0.09355802562073609,0.9949250759984769,0.8997106228657883,0.9039877802136655,0.8172129608526889,0.8736371213107142,0.989901401616273,0.8177036346648677,0.824797172781428,0.6909214709030207,0.7778074261164388,0.9871552325926806,26.772431028000938,58.941229444184216,1578,3125.45458984375,3196.0,0.3203751336444508,0,99,1.0,0.2191729018379589,0.15870009948910796,0.2796457046028321,0.9905808039969951,0.7790352803097761,0.7447822550668527,0.4010815947069899,0.6416330433612062,0.9813373947309462,0.6380489687756321,0.5933490488588652,0.2508455674656454,0.49408119503338094,0.9703914429330583,1.9833967440008564,198.64911102215154,394,1129.69140625,3196.0,0.5450309048333294,0.3761582683355834,61,0,0.7139035413310754,61,0,1.391193890998693,35.30091002100016
270,26730,3.8898929520877816e-05,3.7767762353825005e-05,0.5638474185530661,65,205,False,33.62506737500007,0.06333187063837233,0.032525173299892775,0.0941385680618395,0.9949481635895333,0.9004468853997619,0.9041013416211731,0.8164062868963172,0.873651504639084,0.9899471127210528,0.8189207719420951,0.8249862655718719,0.6897690295730728,0.7778920223623467,0.9871904303063609,26.496664848000364,59.55466505132957,1578,3125.45458984375,3196.0,0.3658663383638016,0,99,1.0,0.2184525921865163,0.15682539336269882,0.2800797904052105,0.9905653585757292,0.7783941087262443,0.7420834599337478,0.39591339176873513,0.6387969868095758,0.9813070781661329,0.637189223043629,0.5899306005584947,0.2468154710207863,0.49131176487430334,0.9702194910969226,1.9803133259993047,198.95841472519504,394,1129.69140625,3196.0,0.5417987473260528,0.3711374059137892,61,0,0.7124600887383165,61,0,1.4756927599992196,35.10663219200069
271,26829,3.7767762353825005e-05,3.663281760234588e-05,0.5638474185530661,65,206,False,33.64472512199973,0.06301414321621712,0.0324918087241352,0.0935364783622315,0.9949213427062862,0.9008773283870266,0.9044849553238412,0.8180112614548971,0.8744578483885883,0.9898940102710198,0.8196331052520099,0.8256253163471732,0.6920634983898224,0.7791073066630019,0.9872047414646705,26.57670595200034,59.37530417990832,1578,3125.45458984375,3196.0,0.33118456933233476,0,99,1.0,0.21765272432777483,0.15766528471926142,0.2776401665458824,0.9905775209872767,0.7796001041041947,0.7417759412921842,0.3960150474088315,0.6391303642684034,0.9813309506997724,0.6388070883371781,0.5895420105493618,0.24689449035608857,0.4917478630808762,0.9704326494091053,1.9103739139991376,206.24234717234413,394,1129.69140625,3196.0,0.5426005276346488,0.3719712119292553,61,0,0.7132298433400424,61,0,1.5068769580011576,35.157425080000394
272,26928,3.663281760234588e-05,3.549395167533987e-05,0.5638474185530661,65,207,False,33.489697704999344,0.06211538057590166,0.03220406346051412,0.09202669846089923,0.9949467279033521,0.9011344604202876,0.9051662174709846,0.8195692907081362,0.8752899895331362,0.9899442701457879,0.8200588952538708,0.8267613147450498,0.6942968225553815,0.7803723441847673,0.9872793528819115,26.396777230000225,59.780024896622066,1578,3125.45458984375,3196.0,0.2874154058670757,0,99,1.0,0.21781563811798385,0.15862117023183608,0.2770101052099073,0.9905582185567668,0.7791324996544591,0.7394322803269934,0.3973688728900362,0.6386445509571629,0.9812930639155159,0.6381794088498072,0.5865867170696735,0.24794780668375904,0.4909046442010799,0.9703620097358819,1.9542833819996304,201.6084277382831,394,1129.69140625,3196.0,0.5413767352681831,0.3726291829320057,61,0,0.7101242876043604,61,0,1.391609165000773,34.886768604999816
273,27027,3.549395167533987e-05,3.435101018656357e-05,0.5638474185530661,65,208,False,33.61962821199995,0.06269026285153076,0.03210750268004995,0.09327302330158208,0.9949737079090049,0.9016521955728188,0.9048160075261424,0.8191109869791022,0.8751930633593545,0.9899976903479056,0.8209168279287047,0.8261771663428881,0.6936392649497931,0.780244419740462,0.9873054223973186,26.526332295999964,59.48805822047077,1578,3125.45458984375,3196.0,0.338568681869844,0,99,1.0,0.21679261251149443,0.15610198404280667,0.277483243703237,0.9905737227202231,0.7777659311418065,0.7445320142490633,0.3997848104226604,0.6406942519378435,0.9813234953518766,0.6363477757320187,0.5930314613349015,0.24983190575028502,0.49307038093906835,0.9703195639673223,1.9089677809988643,206.39426391672265,394,1129.69140625,3196.0,0.5443062577183821,0.3764766196198458,61,0,0.7121358958169186,61,0,1.4831189989999984,35.10862635000012
274,27126,3.435101018656357e-05,3.3203826711836426e-05,0.5638474185530661,65,209,False,33.650818788000834,0.0632703975787332,0.03270319058395762,0.09383760429493827,0.9949026428173727,0.9000256167793067,0.9027973522402353,0.8157308706936983,0.8728512799044134,0.9898569881888544,0.8182241609518738,0.8228173292176606,0.6888053150313236,0.7766156017336193,0.9870932304662745,26.482589451999957,59.58631813026237,1578,3125.45458984375,3196.0,0.3696784077569692,0,99,1.0,0.21709468854865446,0.15773840846144002,0.2764509717371258,0.9905921299870235,0.7780661206174141,0.7411375512198789,0.4002487985494575,0.6398174901289169,0.981359626187865,0.6367497732451386,0.5887359273748022,0.2501944040964244,0.4918933682387883,0.9703524052189086,2.0017923600007634,196.82361061656252,394,1129.69140625,3196.0,0.5421541893042263,0.37462352164649804,61,0,0.7096848569619546,61,0,1.2568436170004134,34.913545526000235
275,27225,3.3203826711836426e-05,3.2052221349670395e-05,0.5638474185530661,65,210,False,33.81121860600069,0.06197859622604191,0.03195688923577694,0.09200030298967325,0.9949972716353833,0.901220196566159,0.9054160494273223,0.8205474630997399,0.8757279030310737,0.9900443486899637,0.8202009117292833,0.8271782616158548,0.6957019781874693,0.7810270505108692,0.9873528426137714,26.64495807899948,59.2232119608294,1578,3125.45458984375,3196.0,0.24992201274091547,0,99,1.0,0.2173954275658893,0.15734859385768774,0.2774422689137725,0.9905930800060669,0.7792207207207207,0.7444780179959192,0.3924463352847775,0.6387150246671391,0.981361490975335,0.6382977938327682,0.5929629498064012,0.2441264288083964,0.4917957241491886,0.9705500723746827,2.009395093000421,196.07891020161728,394,1129.69140625,3196.0,0.540164079441706,0.3673900133675244,61,0,0.7129381455158875,61,0,1.3758267800003523,35.19302284600053
276,27324,3.2052221349670395e-05,3.0895999045085356e-05,0.5638474185530661,65,211,False,34.133283256998766,0.061876906547105204,0.032006624422693586,0.09174718888162509,0.9949981312639091,0.9013714049652554,0.905172592984216,0.8206103354033746,0.8757181111176154,0.9900460508747485,0.8204514328491049,0.8267719525322098,0.6957923746805426,0.7810052533539524,0.9873539256203462,27.035795252999378,58.36706430246157,1578,3125.45458984375,3196.0,0.2564621080051769,0,99,1.0,0.21722467175595045,0.15462498170167663,0.2798243611294606,0.9905685755978691,0.7782149598329489,0.7439269677515122,0.39882071995047025,0.6403208825116439,0.981313392521504,0.6369491639270242,0.5922641030034803,0.2490793660146123,0.4927642109817056,0.9704321846744131,1.9481358689990884,202.24462075246782,394,1129.69140625,3196.0,0.5435195313075444,0.3729351001948986,61,0,0.7141039624201901,61,0,1.4332813450000685,35.57197641299899
277,27423,3.0895999045085356e-05,2.973494762610458e-05,0.5638474185530661,65,212,False,34.04789319200063,0.0612664535754987,0.0317622417742233,0.0907706658347629,0.9950289396233697,0.9025270575595267,0.9065367796042142,0.8222182849043231,0.8770940406893546,0.9901070576604121,0.8223683907437012,0.8290510029922064,0.6981075307639077,0.7831756414999385,0.9874744487805965,26.846769670000867,58.77802131864266,1578,3125.45458984375,3196.0,0.29416773791867074,0,99,1.0,0.21686097805572646,0.15614543983778978,0.2775765126429233,0.990581140066468,0.7778770853650534,0.7443809242798658,0.395390837335165,0.6392162823266947,0.9813380543847732,0.6364966044331217,0.592839770177067,0.24640943510413746,0.49191526990477535,0.970344039994448,2.0161221230009687,195.42466971868583,394,1129.69140625,3196.0,0.5407691709599928,0.3718125430593369,61,0,0.7097257988606486,61,0,1.2957555470002262,35.34962728700157
278,27522,2.973494762610458e-05,2.8568835488975067e-05,0.5638474185530661,65,213,False,33.74631639200015,0.06166263158859258,0.032032843674468146,0.09129241935162792,0.9949864176946506,0.9006577948692001,0.9051419954489855,0.8202922357617082,0.8753640086932979,0.990022856618815,0.8192697329964145,0.8267209005063366,0.6953351165670684,0.7804419166899398,0.9873173354696412,26.589255987000797,59.34727924585281,1578,3125.45458984375,3196.0,0.30141449275642934,0,99,1.0,0.2166835435755967,0.15808800808366785,0.27527907732779605,0.9906185842194732,0.7790622716919506,0.7418593782131574,0.4026223012149996,0.6411813170400359,0.9814115543760584,0.6380851812741992,0.5896474252294233,0.25205203598450304,0.49326154749604184,0.9704052300622621,1.9773812950006686,199.25342724548568,394,1129.69140625,3196.0,0.5449622412688686,0.3788252153526417,61,0,0.7110992671850955,61,0,1.4334651789995405,35.1858965600004
279,27621,2.8568835488975067e-05,2.7397408850348314e-05,0.5638474185530661,65,214,False,33.89537152400044,0.06120284530599761,0.03176988352500894,0.0906358077857733,0.9950142804112184,0.9023694021711985,0.905907949972261,0.8229879851722377,0.877088445771899,0.9900780289876723,0.8221066394797625,0.8279997555500866,0.6992179984608479,0.7831081311635657,0.9874523631822323,26.708636875000593,59.08201183704045,1578,3125.45458984375,3196.0,0.23868505160013834,0,99,1.0,0.2192109607651754,0.1599808588699641,0.27844106326551,0.99058567400639,0.7777977113711562,0.7430348590661744,0.39239520958083834,0.6377425933393897,0.9813469538698234,0.6363903247503707,0.5911340218346535,0.24408686259172346,0.4905370697255825,0.970417622987389,2.0370212180005183,193.41968385912992,394,1129.69140625,3196.0,0.5405534940121112,0.36822111503103744,61,0,0.7128858729931848,61,0,1.484125352000774,35.38540933399963
280,27720,2.7397408850348314e-05,2.6220388460794988e-05,0.5638474185530661,65,215,False,34.01809408599911,0.06035899793486027,0.031487686552475615,0.08923030927947266,0.9950510122201107,0.9027087753390239,0.9070800296205321,0.822662220779604,0.8774836752463867,0.9901507681681982,0.822670185499687,0.8299601564656092,0.6987478320149979,0.7837927246600981,0.9875193548746435,26.912902989999566,58.63358555509085,1578,3125.45458984375,3196.0,0.24640589109574906,0,99,1.0,0.21816793235425416,0.1582993605566509,0.27803650316853207,0.9905805706403188,0.7779154775846191,0.7441963756958427,0.39333097523396143,0.6384809428381412,0.9813369366871482,0.6365480155555142,0.5926056919195491,0.24481145100263438,0.4913217194925659,0.9704644062797431,1.965909175998604,200.41617629657972,394,1129.69140625,3196.0,0.5428279535827375,0.37071727573931645,61,0,0.7149386314261585,61,0,1.3668498429997271,35.390685076999944
281,27819,2.6220388460794988e-05,2.5037465641650205e-05,0.5638474185530661,65,216,False,33.55309121800019,0.06161899678645176,0.031704496545067906,0.09153349756136896,0.9950077359219538,0.9027418814652857,0.9058723868492636,0.8220523695393326,0.8768888792846273,0.9900650696398623,0.8227251785302926,0.8279403389158984,0.6978683502405344,0.7828446225622417,0.9874407982191659,26.50277080699925,59.54094428433339,1578,3125.45458984375,3196.0,0.2609570048975222,0,99,1.0,0.2194285339812942,0.16166874331417422,0.2771883289977379,0.990602565994785,0.7777878234453827,0.743183480685755,0.3916229861207453,0.637531430083961,0.9813801111660714,0.6363770860456859,0.5913221773145194,0.24348954426809877,0.49039626920943463,0.970457125436231,1.923550768999121,204.82953002847415,394,1129.69140625,3196.0,0.5408307258701665,0.3694662299652927,61,0,0.7121952217750402,61,0,1.5168376669989811,35.076029910000216
282,27918,2.5037465641650205e-05,2.3848297462642865e-05,0.5638474185530661,65,217,False,33.843438519999836,0.06003869991603158,0.03127443730236233,0.08880296242818785,0.9950788733116536,0.9038657908397304,0.9089160134904448,0.8245493436515979,0.879110382660591,0.9902059444116502,0.824594090108881,0.8330394586746005,0.701475080385852,0.7863695430564445,0.9876518297860226,26.748376128000018,58.99423547989369,1578,3125.45458984375,3196.0,0.24533622072200584,0,99,1.0,0.2185085510390664,0.15674460505319732,0.28027249842428315,0.9905689115611146,0.7784002046086745,0.7413810478227278,0.3966548600592884,0.638812037496897,0.9813140519508451,0.6371973927511367,0.589043289504119,0.2473920618700699,0.49121091470844186,0.9703313372461929,1.922673382998255,204.9230012148962,394,1129.69140625,3196.0,0.5425869431433878,0.37366329592325565,61,0,0.7115105903635199,61,0,1.4407710390005377,35.29014616300083
283,28017,2.3848297462642865e-05,2.265250081553839e-05,0.5638474185530661,65,218,False,34.00186665500041,0.06117085119088491,0.03148891232879443,0.0908527904023689,0.9950613984097979,0.9031662808073513,0.9076132921777977,0.8222555105808582,0.877678361188669,0.9901713366719374,0.8234304480283019,0.8308534749449932,0.698161203867225,0.7841483756135067,0.9875483253005188,26.93873148000057,58.57736846931764,1578,3125.45458984375,3196.0,0.2659001937418273,0,99,1.0,0.21817187866583693,0.15896195392620746,0.27738180189265815,0.9905800326484387,0.7786979743665955,0.7435309360875102,0.3948308718437351,0.6390199274326136,0.9813358806914101,0.637596563358469,0.5917622307168044,0.24597462343251467,0.4917778058359294,0.9704035260350571,1.9473102539996034,202.33036784495883,394,1129.69140625,3196.0,0.5413532018896572,0.36943115849741653,61,0,0.7132752452818978,61,0,2.0868148360004852,36.09450584800106
284,28116,2.265250081553839e-05,2.1449645050640514e-05,0.5638474185530661,65,219,False,33.66874916899906,0.06093018535047732,0.0315938709381642,0.0902665004946282,0.9950347131628016,0.9027140286315108,0.9071814138741757,0.822662756045561,0.8775193995170826,0.9901184908529028,0.8226789115928309,0.83012992768566,0.6987486043356638,0.7838524812047183,0.987498661713304,26.551463595000314,59.431752014496865,1578,3125.45458984375,3196.0,0.26705637468834115,0,99,1.0,0.21801677966480934,0.15627345215850674,0.2797601059608653,0.9905966875142408,0.7780505447805054,0.7438169025043629,0.3962852703616287,0.639384239215499,0.9813685721664562,0.6367289100683358,0.5921245907441819,0.24710458976141525,0.491986030191311,0.9703926822255711,2.0199973769995268,195.04975822554857,394,1129.69140625,3196.0,0.5429511710861397,0.3725060429807667,61,0,0.7133962991915125,61,0,1.285031108000112,34.95924228699914
285,28215,2.1449645050640514e-05,2.0239242715103465e-05,0.5638474185530661,65,220,False,33.664063559999704,0.0609413061305144,0.03149380279452326,0.09038880965064536,0.9950395772404758,0.9032583045982285,0.9075016105427844,0.8235477281197956,0.878102547753603,0.9901281231634905,0.8235834457514047,0.830666314294209,0.7000264675451753,0.784758742530263,0.987546430039013,26.531763355000294,59.47588099916484,1578,3125.45458984375,3196.0,0.26219924080251444,0,99,1.0,0.21839320455408337,0.15896738668534963,0.2778190213260312,0.9905929891088789,0.778462250729859,0.7428372182738104,0.38953117500896095,0.6369435480042102,0.9813613125535627,0.6372805516612023,0.5908838768308371,0.24187439642684694,0.4900129416396288,0.9704455070689245,1.9784406999988278,199.14673207048028,394,1129.69140625,3196.0,0.53856628007601,0.3644514795524259,61,0,0.7126810805995942,61,0,1.4450733670000773,35.11497352900005
286,28314,2.0239242715103465e-05,1.902073774308742e-05,0.5638474185530661,65,221,False,33.72428983999998,0.06014642312518393,0.03128192006021323,0.08901092576285581,0.995089435594919,0.904309936918495,0.9082884085471645,0.8255821087106304,0.87939348472543,0.9902268628094519,0.825333702831278,0.8319856779558658,0.7029713314433932,0.7867635707435122,0.9876768549736613,26.6940477499993,59.11430198891591,1578,3125.45458984375,3196.0,0.2630306662935199,0,99,1.0,0.2176704921093084,0.15727604108716026,0.2780649391225147,0.9905680493826299,0.7786938799501733,0.7440402108038837,0.3924762136527401,0.6384034348022657,0.9813123596660447,0.6375910733325435,0.5924076687838156,0.24414955286263912,0.49138276499299943,0.9703336609196542,1.9182290729986562,205.39778358383583,394,1129.69140625,3196.0,0.5412962699252851,0.3693441539758566,61,0,0.7132483858747136,61,0,1.3715764659991692,35.10189990000072
287,28413,1.902073774308742e-05,1.7793490162199993e-05,0.5638474185530661,65,222,False,33.808151257000645,0.06013531530575758,0.031219804118870178,0.08905082666262021,0.99507239309122,0.9034181554215168,0.9083207360147174,0.8261147503473459,0.8792845472611934,0.9901931106780165,0.823849272982249,0.832039927825324,0.7037440419255532,0.7865444142443754,0.9876420053692372,26.68568643799881,59.1328240203341,1578,3125.45458984375,3196.0,0.2324219856298331,0,99,1.0,0.21851431930125667,0.16017548683179816,0.2768531506739292,0.9905704438521481,0.7779049877365577,0.7427411999032036,0.39401941235996096,0.6382218666665741,0.9813170595403673,0.6365339682516172,0.5907623791108242,0.24534506543380188,0.4908804709320811,0.9704174680758249,1.9413121340003272,202.95551297467634,394,1129.69140625,3196.0,0.5410068107626748,0.37019842325531094,61,0,0.7118151982700386,61,0,1.4941597460001503,35.308473452001635
288,28512,1.7793490162199993e-05,1.655675593753459e-05,0.5638474185530661,65,223,False,34.00843147100022,0.060321734092081455,0.0314020963954646,0.08924137206962958,0.9950511482785366,0.903393985080328,0.9084790899288645,0.8257252657766003,0.8791994469285976,0.9901510376115439,0.8238090734405673,0.8323057135659069,0.7031789424667213,0.7864312431577319,0.9876186046914607,26.807569095000872,58.863972126971724,1578,3125.45458984375,3196.0,0.23597829314795407,0,99,1.0,0.2194496328909385,0.16120823143702473,0.27769103585766053,0.9905857050374838,0.7773722297602894,0.741946685884343,0.39560794059488746,0.6383089520798398,0.9813470147797624,0.6358208513519013,0.5897577452080328,0.24657809684097645,0.4907188978003035,0.9704111167016973,1.9842124690003402,198.56744484551086,394,1129.69140625,3196.0,0.5407076197718484,0.37039871743851094,61,0,0.711016522105186,61,0,1.5138639899996633,35.52779829800056
289,28611,1.655675593753459e-05,1.530965986632425e-05,0.5638474185530661,65,224,False,33.83190120600011,0.05969472224759209,0.031101284664317833,0.08828815973643568,0.9950741924706187,0.9037224939494284,0.9085281030836074,0.8252698580589107,0.8791734850306488,0.9901966742370932,0.8243555933252354,0.8323879942766874,0.7025186709649411,0.7864207528556214,0.9876468402200175,26.743175883999356,59.005706982771976,1578,3125.45458984375,3196.0,0.23057855184030052,0,99,1.0,0.218936143187702,0.158651400943698,0.27922088323813404,0.9905720423329711,0.7774035227134195,0.7414412427625751,0.39402052919978864,0.6376217648919278,0.9813201970573143,0.6358627209844263,0.5891192910135251,0.2453459314790992,0.4901093144923501,0.9703127478585025,1.930140611000752,204.1302057240878,394,1129.69140625,3196.0,0.5399697893764597,0.3697865191524619,61,0,0.7101530596004574,61,0,1.391202438999244,35.22917605799921
290,28710,1.530965986632425e-05,1.4051158264836456e-05,0.5638474185530661,65,225,False,33.74324596800034,0.060004090448824925,0.03111681408462491,0.08889136642821993,0.9951037652886285,0.9044225478892327,0.909539359222441,0.8261131309315831,0.8800250126810857,0.9902552431937854,0.8255213231586224,0.8340872886286744,0.7037416915542952,0.7877834344471973,0.9877298449382129,26.688053171999854,59.12758003853128,1578,3125.45458984375,3196.0,0.2335062332526602,0,99,1.0,0.21879964832424512,0.15788993802923842,0.27970935207635617,0.9905850504335192,0.7776407391003146,0.7424444543258185,0.3968240840294434,0.6389697591518589,0.9813457298794231,0.6361801836621687,0.590387006665213,0.24752373091209245,0.491363640413158,0.9703516306610882,1.9162932870003715,205.6052706925355,394,1129.69140625,3196.0,0.5421739694092732,0.3723971365153347,61,0,0.7119508023032117,61,0,1.3917970589991455,35.140988547000234
291,28809,1.4051158264836456e-05,1.2779986173566119e-05,0.5638474185530661,65,226,False,34.058914983999784,0.06025712294043697,0.031199429760225522,0.08931481667306788,0.9951086190898045,0.9040927732350279,0.9080782811161298,0.8269511359387404,0.8797073967632993,0.9902648564748063,0.8249719968576494,0.8316331339615995,0.7049588139710733,0.7871879815967741,0.9877025763798123,26.899819479000143,58.66210370786673,1578,3125.45458984375,3196.0,0.25216001949527045,0,99,1.0,0.21839776423376828,0.16026442966939228,0.27653109618855004,0.9905974494549836,0.7778791148756338,0.7431152383716172,0.39750803145134095,0.6395007948995306,0.9813700677892292,0.6364993220752256,0.59123577678582,0.24805617703741445,0.4919304252994867,0.9703821482392132,1.9582629069991526,201.1987249473906,394,1129.69140625,3196.0,0.5429471944537709,0.37247425220981023,61,0,0.7134201366977316,61,0,1.372921617999964,35.43771013100013
292,28908,1.2779986173566119e-05,1.14945801730497e-05,0.5638474185530661,65,227,False,33.90261303300031,0.059797140534764155,0.031068155294135497,0.08852612581316509,0.9951208494649326,0.90390646663113,0.9095583388266315,0.8265803948161543,0.8800150667579719,0.990289079970523,0.8246618003966791,0.8341192117035425,0.7044201333986146,0.7877337151662788,0.9877333260307747,26.69414041699929,59.11409677739997,1578,3125.45458984375,3196.0,0.2649153758480091,0,99,1.0,0.21953702774749795,0.1608848274510524,0.278189227211899,0.9905980218735488,0.7781225268004892,0.7437764756896188,0.39344360434139714,0.6384475356105017,0.9813711913980946,0.6368253314000133,0.5920733542208769,0.24489871964943136,0.4912658017567739,0.9703936116949556,2.034966858000189,193.6149468238482,394,1129.69140625,3196.0,0.5408342700808602,0.3689963883225261,61,0,0.7126721518391941,61,0,1.46919785099999,35.37710640700061
293,29007,1.14945801730497e-05,1.0192960975451781e-05,0.5638474185530661,65,228,False,33.9341289039985,0.06000258445890835,0.031211527213170956,0.08879364177074722,0.9950696983449371,0.9042291429536745,0.9083668650709384,0.825071133731415,0.8792223805853427,0.9901877739243348,0.8251991163472298,0.8321173441936311,0.7022307115082884,0.786515724016383,0.9876481166206235,26.723112112998933,59.05000859658157,1578,3125.45458984375,3196.0,0.23498090439372593,0,99,1.0,0.21846260924629754,0.1596571282308719,0.2772680877277694,0.990603923074717,0.7781081721813933,0.7435707891129676,0.39600689201911293,0.6392286177711579,0.9813827750274117,0.636806102198521,0.5918127202630148,0.24688815060908084,0.4918356576902055,0.9703849366473668,1.9770638890004193,199.28541621343447,394,1129.69140625,3196.0,0.5428962963621028,0.37205462846348575,61,0,0.7137379642607199,61,0,1.3995569740000064,35.33958994499881
294,29106,1.0192960975451781e-05,8.872545819769887e-06,0.5638474185530661,65,229,False,34.03460705799989,0.0594836056175794,0.031164247138928552,0.08780296410331255,0.9950827690319719,0.9038642527525906,0.908556623479127,0.8253427483525682,0.8792545415280953,0.9902136597592394,0.8245915298559997,0.8324358762204204,0.7026243163229464,0.7865505741331221,0.9876559684182905,26.983448629000122,58.48029366802523,1578,3125.45458984375,3196.0,0.22786841729674676,0,99,1.0,0.21880550032037163,0.16036745066267585,0.2772435502806291,0.9905801756402413,0.7779166213915752,0.7427853614845152,0.3945983907060896,0.6384334578607267,0.9813361613623283,0.6365495472799751,0.5908182570651531,0.24579419157281293,0.4910539986393138,0.9703830777085977,1.9212742099989555,205.07223692978954,394,1129.69140625,3196.0,0.541609468354288,0.3707607138301974,61,0,0.7124582228783786,61,0,1.2733238809996692,35.314039046999824
295,29205,8.872545819769887e-06,7.529829273074633e-06,0.5638474185530661,65,230,False,33.77565388400035,0.059706023503543454,0.031073886683949652,0.08833816076223992,0.9951136819831443,0.9042863556176614,0.9088135051223243,0.8262137940483109,0.8797712182627655,0.9902748839759329,0.8252944190791873,0.8328672590694078,0.7038878032975592,0.7873498271487182,0.9877224186074145,26.672431384999072,59.162210494521624,1578,3125.45458984375,3196.0,0.27041868820334924,0,99,1.0,0.2201901214376924,0.1618681369245355,0.27851210746365757,0.9905863197489286,0.7782611527482375,0.7412087727860339,0.39126310354351035,0.636911009692594,0.9813482213779193,0.63701105559416,0.5888258169915297,0.2432113693701763,0.489682747318622,0.9703472931372937,1.9435687429995596,202.71986849918653,394,1129.69140625,3196.0,0.539234522287869,0.36684499380184593,61,0,0.711624050773892,61,0,1.3883341170003405,35.17011462499977
296,29304,7.529829273074633e-06,6.15979299623525e-06,0.5638474185530661,65,231,False,33.65648336999948,0.059467116684779164,0.031095515849264704,0.08783871796647859,0.995130450943054,0.9049223914282428,0.9089606537798227,0.8263399434028256,0.8800743295369636,0.9903080970828183,0.8263545746392148,0.8331144581804933,0.7040709435052738,0.787846658774994,0.9877527814703145,26.560358697000993,59.411848236002044,1578,3125.45458984375,3196.0,0.23889831807276216,0,99,1.0,0.21951666860108449,0.16091577054431597,0.2781175653341458,0.9905947530196955,0.7780173630318699,0.7419488072513758,0.3930464859707189,0.6376708854179882,0.9813647749336732,0.6366844662885017,0.5897604259094942,0.2445910740661021,0.49034532208803266,0.9703654177902918,1.9555667060012638,201.47612392402092,394,1129.69140625,3196.0,0.5404122800808852,0.3688405714384719,61,0,0.7119839887232984,61,0,1.5147174390003784,35.1766230129997
297,29403,6.15979299623525e-06,4.754679577383343e-06,0.5638474185530661,65,232,False,33.68657234899911,0.05925673823827271,0.030900341743091062,0.08761313440530774,0.9951208523196752,0.9049682089257803,0.9098114048904924,0.8281607314009103,0.8809801150723944,0.9902890856246984,0.8264309915952412,0.8345449667808197,0.706718705877607,0.7892315547512226,0.9878034893852978,26.623699951000162,59.27049970155331,1578,3125.45458984375,3196.0,0.24946114134908925,0,99,1.0,0.21919199083057153,0.15999164492799545,0.2783923311735773,0.9905927525079871,0.778161236262123,0.7424825317925097,0.39273234666253237,0.637792038239055,0.9813608481306503,0.6368771881827963,0.5904351633785815,0.2443478196347879,0.49055339039872187,0.9703765714229061,1.9762936249990162,199.36308806349368,394,1129.69140625,3196.0,0.5407710427301438,0.3694158772373983,61,0,0.7121262082228893,61,0,1.4986418899989076,35.190995180000755
298,29502,4.754679577383343e-06,3.300951334040956e-06,0.5638474185530661,65,233,False,33.49510548999933,0.05945959486095624,0.030909051266422138,0.08801013861130097,0.9951308984524988,0.9044200872357351,0.9099487620506742,0.8288133330655632,0.8810607274506573,0.9903089834486846,0.8255172230693667,0.8347761374616923,0.7076697135179735,0.7893210246830108,0.9878101808187777,26.334160413000063,59.92216859213055,1578,3125.45458984375,3196.0,0.2426030489832464,0,99,1.0,0.21888290504513658,0.16008879754900326,0.27767700970475445,0.9905932901124688,0.7780319953474428,0.7429075703471465,0.3952747560271273,0.6387381072405721,0.9813619033925792,0.6367040645787293,0.5909729092492432,0.24631927335332007,0.4913320823937642,0.9703928371371352,1.975067819999822,199.48682066018145,394,1129.69140625,3196.0,0.5418406974772418,0.3708242906904313,61,0,0.7128571042640525,61,0,1.4496383509995212,34.95057633400029
299,29601,3.300951334040956e-06,1.768936020474409e-06,0.5638474185530661,65,234,False,33.664901826999994,0.059141482444921525,0.030801737895861023,0.08748122667291772,0.9951395973140152,0.9050344436627203,0.9102189174143454,0.8293381560956389,0.881530505724235,0.9903262131277281,0.8265414728570191,0.8352309761651637,0.7084352842061135,0.7900692444094322,0.9878500973468195,26.641803860000437,59.23022360994043,1578,3125.45458984375,3196.0,0.2255057024233269,0,99,1.0,0.21918459561875628,0.16016318172518976,0.27820601393728694,0.9905762780486613,0.7777359671035631,0.7423468817316508,0.39386637720229506,0.6379830753458363,0.9813285110179073,0.6363076603510438,0.590263619553364,0.24522640682673955,0.4905992289103825,0.9703954706337247,1.9179985850005323,205.42246646125167,394,1129.69140625,3196.0,0.540934050857771,0.36979501257996855,61,0,0.7120730891355735,61,0,1.4791617159989983,35.14985360299943
300,29700,1.768936020474409e-06,0.0,0.5638474185530661,65,235,False,33.760408513000584,0.060073176793121415,0.031199430317366533,0.08894692345301612,0.995122459930667,0.9046245241468786,0.90849253390211,0.8260442522437131,0.879720436764234,0.9902922697048309,0.8258579309914909,0.8323282818668631,0.7036417291047669,0.7872759806543735,0.9877399401066421,26.644065727999987,59.22519543786049,1578,3125.45458984375,3196.0,0.24457811812559763,0,99,1.0,0.21863921463186972,0.15941603746511004,0.277862393387078,0.9905852272226712,0.7782089390421293,0.742228655852199,0.39438415077256644,0.6382739152222983,0.9813460768928023,0.6369410973035129,0.5901141406231462,0.24562796322814723,0.4908944003849354,0.9703936116949556,1.9370169620015076,203.40554973400037,394,1129.69140625,3196.0,0.5412776432331075,0.37063791484011255,61,0,0.7119173716261025,61,0,1.421656743999847,35.187447702999634
